Build Plutonium T5 Co-Op (r5346)
logfile opened on Sat Sep 19 17:58:56 2026

Searching for files required to download mod: "mods/BO1_more_perks_and_weapons" map: ""
found 9 files required for mod download!
Current language: english
Current search path:
C:\Users\ThiccBoi\AppData\Local\Plutonium\storage\t5\mods\BO1_more_perks_and_weapons\texture_overrides.iwd (43 files)
C:\Users\ThiccBoi\AppData\Local\Plutonium\storage\t5\mods\BO1_more_perks_and_weapons\mod.iwd (167 files)
C:\Users\ThiccBoi\AppData\Local\Plutonium\storage\t5/mods/BO1_more_perks_and_weapons
C:\Users\ThiccBoi\AppData\Local\Plutonium\storage\t5/raw
C:\Users\ThiccBoi\AppData\Local\Plutonium\storage\t5//
C:\Users\ThiccBoi\AppData\Local\Plutonium\storage\t5/players
C:\T5Server\mods\BO1_more_perks_and_weapons\texture_overrides.iwd (43 files)
C:\T5Server\mods\BO1_more_perks_and_weapons\mod.iwd (167 files)
C:\T5Server/mods/BO1_more_perks_and_weapons
C:\T5Server/usermaps
C:\Users\ThiccBoi\AppData\Local\Plutonium\storage\t5/main
C:\T5Server\main\iw_00.iwd (1221 files)
C:\T5Server/main
C:\T5Server/main_shared
C:\T5Server/players

File Handles:
handle 1: console.log
----------------------
1641 files in iwd files
ERROR: No languages available because no localized assets were found
Adding channel: error
Adding channel: gamenotify
Adding channel: boldgame
Adding channel: subtitle
Adding channel: obituary
Adding channel: logfile_only
Adding channel: console_only
Adding channel: gfx
Adding channel: sound
Adding channel: files
Adding channel: devgui
Adding channel: profile
Adding channel: ui
Adding channel: client
Adding channel: server
Adding channel: system
Adding channel: playerweap
Adding channel: ai
Adding channel: anim
Adding channel: physics
Adding channel: fx
Adding channel: leaderboards
Adding channel: live
Adding channel: parserscript
Adding channel: script
Adding channel: mpspawnsystem
Adding channel: coopinfo
Adding channel: serverdemo
Adding channel: ddl
Adding channel: network
Adding channel: scheduler
Adding channel: task
Adding channel: spu
No channels added or hidden
Adding channel: error
Adding channel: error
Hiding channel: scheduler
Hiding channel: task
Hiding channel: spu
No channels added or hidden
Adding channel: gamenotify
Adding channel: obituary
No channels added or hidden
Adding channel: boldgame
No channels added or hidden
Adding channel: subtitle
No channels added or hidden
Adding channel: coopinfo
execing default.cfg from fastfile
execing default_controls.cfg from fastfile
Unknown command "updatevehiclebindings"
execing coop_arcademode.cfg from fastfile
Error: zombiemode is read only
execing default_statversion_sp.cfg from fastfile
Adding channel: scheduler
Adding channel: task
Adding channel: spu
execing language.cfg from fastfile
Unknown command "updategamerprofile"
64-bit OS detected
========= autoconfigure
configure.csv: using CPU configuration 0 GHz 640 MB
execing configure.cfg from disk
configure.csv: using GPU configuration "GeForce"
'8' is not a valid value for dvar 'com_maxclients'
  Domain is any integer from 1 to 4
Adding fastfile 'en_code_post_gfx' to queue
Adding fastfile 'code_post_gfx' to queue
Loading fastfile 'en_code_post_gfx'
used 0.37 MB memory in DB alloc
Loading fastfile 'code_post_gfx'
used 5.77 MB memory in DB alloc
Adding fastfile 'en_patch' to queue
Adding fastfile 'patch' to queue
Adding fastfile 'en_plutonium_ui' to queue
Adding fastfile 'plutonium_ui' to queue
Adding fastfile 'mod' to queue
Adding fastfile 'mod1' to queue
Adding fastfile 'mod2' to queue
Adding fastfile 'mod3' to queue
Adding fastfile 'mod4' to queue
Adding fastfile 'mod5' to queue
Error: Could not load material "water_dynamic_spray".
Cmd_AddCommand: meminfo already defined
CPU vendor is "AuthenticAMD"
CPU name is "AMD Ryzen 5 5600G with Radeon Graphics         "
8 logical CPUs reported
8 physical CPUs detected
Measured CPU speed is 0.01 GHz
Total CPU performance is estimated as 0.03 GHz
System memory is 1024 MB (capped at 1 GB)
Video card is "NVIDIA GeForce RTX 3060"
Streaming SIMD Extensions (SSE) supported

Loading fastfile 'en_patch'
used 0.02 MB memory in DB alloc
Loading fastfile 'patch'
used 3.96 MB memory in DB alloc
Cmd_AddCommand: fast_restart already defined
Cmd_AddCommand: map_restart already defined
Winsock Initialized
bound socket to localhost:28963
Cmd_AddCommand: configstrings already defined
Overridden rawfile: configure.cfg from zone patch
Cmd_AddCommand: resetStats already defined
----- Initializing Renderer ----
Loading fastfile 'en_plutonium_ui'
used 0.00 MB memory in DB alloc
execing ragdoll.cfg from fastfile
Loading fastfile 'plutonium_ui'
used 1.16 MB memory in DB alloc
Cmd_AddCommand: scrProfileInfo already defined
'8' is not a valid value for dvar 'com_maxclients'
  Domain is any integer from 1 to 4
Detected 8 cpus, using 2 worker threads.
Cmd_AddCommand: downloadingleaderboard already defined
Hostname: TeaBeey-PC
Binding to 192.168.1.106:3074
Bound DW port to 3075
--------------
GamerProfile_ResetSPDvars():
 "mis_01" = "0".
 "mis_difficulty" = "0000000000000000000000000".
 "takeCoverWarnings" = "-1".
 "r_gamma" = "1".
 "snd_menu_voice" = "".
 "snd_menu_music" = "".
 "snd_menu_sfx" = "".
 "snd_menu_master" = "".
Loading fastfile 'mod'
 "snd_menu_cinematic" = "".
used 55.26 MB memory in DB alloc
end $init 732 ms
--- Common Initialization Complete ---
Unknown command "t5sp"
execing dedicated_sp.cfg from disk
Unknown command "limit"
Unknown command "range"
Unknown command "value"
addedaddedaddedadded'8' is not a valid value for dvar 'sv_maxclients'
  Domain is any integer from 1 to 4
Loading fastfile 'mod1'
used 2.44 MB memory in DB alloc
WARNING: Could not find zone 'C:\T5Server\zone\english\mod2.ff'
WARNING: Could not find zone 'C:\T5Server\zone\english\mod3.ff'
WARNING: Could not find zone 'C:\T5Server\zone\english\mod4.ff'
WARNING: Could not find zone 'C:\T5Server\zone\english\mod5.ff'
Working directory: C:\T5Server
Huffman Took 0 Milliseconds
Hostname: TeaBeey-PC
Binding to 192.168.1.106:3074
Bound DW port to 3075
DW_DNS_RESOLVING
Initialized Messaging for controller 0.
DW_REQUESTED_STEAM_TICKET
DW_AUTHORIZING
DW_AUTHORIZED (166 msecs)
DW_LOBBY_CONNECTING
DW_LOGON_GETFRIENDS
DW_LOGON_GETFRIENDS
DW_LOGON_COMPLETE
DW_LOGON_CHECKPROFILEEXISTS
DW_LOGON_COMPLETE
Hostname: TeaBeey-PC
Binding to 192.168.1.106:3074
Bound DW port to 3075
Controller #0 signed in to live
GamerProfile_LogInProfile took 0ms
Cmd_AddCommand: incrementcounter already defined
Cmd_AddCommand: dumpLiveCounters already defined
Error: Global counter string table 'mp/globalcounters.csv' has an invalid value: a0.
Stats blob received from Demonware for controller 0.
Error: Stats were saved with an XUID of 0x1000000005f64f7 and the current user has XUID of 0x3000000c172200b
Read 3517 bytes of file online_tu14_sp_english.wad. (253ms)
Got Online WAD. 3 entries, generated: Thu May 26 15:22:09 2022
Warning: Invalid category ID found, returning first category.
map_rotate...

"sv_mapRotation" is:"map zombie_theater map zombie_pentagon map zombie_cosmodrome map zombie_coast map zombie_temple map zombie_moon map zombie_cod5_prototype map zombie_cod5_asylum map zombie_cod5_sumpf map zombie_cod5_factory"

"sv_mapRotationCurrent" is:""

Setting map: zombie_theater.
Timestamp: SV_SpawnServer 1789829938
Error: Could not load material "menu_mp_lobby_scrollbar_main".
Error: Could not load material "menu_mp_lobby_scrollbar_block".
Error: Could not load material "playlist_sp_recr".
Error: Could not load material "playlist_sp_reg".
Error: Could not load material "playlist_sp_hard".
Error: Could not load material "playlist_sp_vet".
STEAM: Set server appid to 0
------ Server Initialization ------
Server: zombie_theater
Adding fastfile 'common_zombie_patch' to queue
Adding fastfile 'en_common_zombie' to queue
Adding fastfile 'common_zombie' to queue
Adding fastfile 'common_zombie_patch_override_patch' to queue
Adding fastfile 'en_common_zombie_patch_override' to queue
Adding fastfile 'common_zombie_patch_override' to queue
Loading fastfile 'common_zombie_patch'
used 1.06 MB memory in DB alloc
Loading fastfile 'en_common_zombie'
used 0.11 MB memory in DB alloc
Loading fastfile 'common_zombie'
used 77.02 MB memory in DB alloc
WARNING: Could not find zone 'C:\T5Server\zone\english\common_zombie_patch_override_patch.ff'
WARNING: Could not find zone 'C:\T5Server\zone\english\en_common_zombie_patch_override.ff'
WARNING: Could not find zone 'C:\T5Server\zone\english\common_zombie_patch_override.ff'
Adding fastfile 'zombie_theater_patch' to queue
Adding fastfile 'en_zombie_theater' to queue
Adding fastfile 'zombie_theater' to queue
Adding fastfile 'zombie_theater_patch_override' to queue
Loading fastfile 'zombie_theater_patch'
used 0.74 MB memory in DB alloc
Loading fastfile 'en_zombie_theater'
used 1.61 MB memory in DB alloc
Loading fastfile 'zombie_theater'
used 103.04 MB memory in DB alloc
WARNING: Could not find zone 'C:\T5Server\zone\english\zombie_theater_patch_override.ff'
Error: Could not load menufile "ui/mod_ingame.txt".
------- Game Initialization -------
gamename: PT5SP
gamedate: Aug 25 2026
Initializing game at 09/19/26 17:58:59 +0300
Current uptime: 00:00:07
Level time: 0
Restart: 0
Error: Could not load rawfile "maps/gametypes/zom.gsc".
animscripts/traverse/zombie_mantle_over_40animscripts/traverse/zombie_jump_down_72animscripts/traverse/zombie_jump_down_190animscripts/traverse/zombie_jump_down_120animscripts/traverse/zombie_jump_down_40animscripts/traverse/zombie_wall_crawl_dropanimscripts/traverse/zombie_wall_crawl_drop_quickanimscripts/traverse/zombie_jump_down_127animscripts/traverse/zombie_jump_down_240animscripts/traverse/zombie_jump_down_286Loading script scripts/sp/zm_random_char.gsc...
Script scripts/sp/zm_random_char.gsc loaded successfully.
Loading script scripts/sp/zm_spawn_fix.gsc...
Script scripts/sp/zm_spawn_fix.gsc loaded successfully.
Loading script scripts/sp/zom/counter_script.gsc...
Script scripts/sp/zom/counter_script.gsc loaded successfully.
Loading script scripts/sp/zom/zm_spawn_fix.gsc...
Script scripts/sp/zom/zm_spawn_fix.gsc loaded successfully.
Script scripts/sp/zom/zm_spawn_fix.gsc has no 'main' or 'init'.
Could not load xanim "generic_talker_allies".
Could not load xanim "generic_talker_axis".
Could not load xanim "generic_lookupleft".
Could not load xanim "generic_lookupright".
Could not load xanim "crew_truck_driver_climbin".
Could not load xanim "crew_truck_passenger_climbin".
Could not load xanim "crew_snowcat_driver_idle".
Could not load xanim "crew_truck_guy8_climbin".
Could not load xanim "crew_truck_guy7_climbin".
Could not load xanim "crew_truck_guy6_climbin".
Could not load xanim "crew_truck_guy5_climbin".
Could not load xanim "crew_truck_guy4_climbin".
Could not load xanim "crew_truck_guy3_climbin".
Could not load xanim "crew_truck_guy2_climbin".
Could not load xanim "crew_truck_guy1_climbin".
Could not load xanim "ai_meatshield_hostage_dead_drop".
Could not load xanim "int_meatshield_hostage_dead_drop".
Could not load xanim "ai_meatshield_hostage_dead_idle_steady".
Could not load xanim "int_meatshield_hostage_dead_idle_steady".
Could not load xanim "ai_meatshield_hostage_dead_idle".
Could not load xanim "int_meatshield_hostage_dead_idle".
Could not load xanim "ai_meatshield_hostage_trans_2_dead".
Could not load xanim "int_meatshield_hostage_trans_2_dead".
Could not load xanim "ai_meatshield_victim_aim_idle_steady".
Could not load xanim "int_meatshield_player_aim_idle_leftarm_steady".
Could not load xanim "ai_meatshield_victim_aim_idle".
Could not load xanim "int_meatshield_player_aim_idle_leftarm".
Could not load xanim "ai_meatshield_grab".
Could not load xanim "int_meatshield_grab".
Could not load xanim "ai_contextual_melee_headpunch_quick".
Could not load xanim "ai_contextual_melee_judochop_quick".
Could not load xanim "ai_contextual_melee_elbow_hit_quick".
Could not load xanim "ai_contextual_melee_kneekick_quick".
Could not load xanim "ai_contextual_melee_crouch_neckstab_quick".
Could not load xanim "ai_contextual_melee_neckstabcrouch_death_quick".
Could not load xanim "ai_contextual_melee_neckstab_quick".
Could not load xanim "ai_contextual_melee_necksnap_quick".
Could not load xanim "ai_contextual_melee_garrotesit_death_quick".
Could not load xanim "ai_contextual_melee_garrote_quick".
Could not load xanim "ai_contextual_melee_neckstabcrouch_death".
Could not load xanim "ai_contextual_melee_neckstabcrouch_idle".
Could not load xanim "ai_contextual_melee_neckstab".
Could not load xanim "ai_contextual_melee_necksnap".
Could not load xanim "ai_contextual_melee_garrotesit_deathpose".
Could not load xanim "ai_contextual_melee_garrotesit_death".
Could not load xanim "ai_contextual_melee_garrotesit_idle".
Could not load xanim "ai_contextual_melee_garrote".
Could not load xanim "int_contextual_melee_headpunch_quick".
Could not load xanim "int_contextual_melee_judochop_quick".
Could not load xanim "int_contextual_melee_elbow_hit_quick".
Could not load xanim "int_contextual_melee_kneekick_quick".
Could not load xanim "int_contextual_melee_crouch_neckstab_quick".
Could not load xanim "int_contextual_melee_neckstabcrouch_quick".
Could not load xanim "int_contextual_melee_neckstab_quick".
Could not load xanim "int_contextual_melee_necksnap_quick".
Could not load xanim "int_contextual_melee_garrotesit_quick".
Could not load xanim "int_contextual_melee_garrote_quick".
Could not load xanim "int_contextual_melee_neckstabcrouch".
Could not load xanim "int_contextual_melee_neckstab".
Could not load xanim "int_contextual_melee_necksnap".
Could not load xanim "int_contextual_melee_garrotesit".
Could not load xanim "int_contextual_melee_garrote".
Could not load xanim "crew_jeep1_passenger_to_driver".
Could not load xanim "crew_jeep1_passenger3_climbin_fast".
Could not load xanim "crew_jeep1_passenger2_climbin_fast".
Could not load xanim "crew_jeep1_passenger1_climbin_fast".
Could not load xanim "crew_jeep1_driver_climbin_fast".
Could not load xanim "crew_jeep1_passenger3_climbout_fast".
Could not load xanim "crew_jeep1_passenger2_climbout_fast".
Could not load xanim "crew_jeep1_passenger1_climbout_fast".
Could not load xanim "crew_jeep1_driver_climbout_fast".
Could not load xanim "ai_zombie_quad_freeze_death_b".
Could not load xanim "ai_zombie_quad_freeze_death_a".
Could not load xanim "ai_zombie_crawl_freeze_death_02".
Could not load xanim "ai_zombie_crawl_freeze_death_01".
Could not load xanim "ai_zombie_freeze_death_e".
Could not load xanim "ai_zombie_freeze_death_d".
Could not load xanim "ai_zombie_freeze_death_c".
Could not load xanim "ai_zombie_freeze_death_b".
Could not load xanim "ai_zombie_freeze_death_a".
Could not load xanim "ai_zombie_tesla_crawl_death_b".
Could not load xanim "ai_zombie_tesla_crawl_death_a".
Could not load xanim "ai_zombie_tesla_death_e".
Could not load xanim "ai_zombie_tesla_death_d".
Could not load xanim "ai_zombie_tesla_death_c".
Could not load xanim "ai_zombie_tesla_death_b".
Could not load xanim "ai_zombie_tesla_death_a".
Could not load xanim "bog_melee_r_defend".
Could not load xanim "bog_melee_r_attack".
Could not load xanim "crew_bike_m72_aim_r_5".
Could not load xanim "crew_bike_m72_aim_l_5".
Could not load xanim "crew_bike_m72_aim_f_5".
Could not load xanim "crew_bike_m72_blindfire".
Could not load xanim "crew_bike_m72_lean_right_unarmed".
Could not load xanim "crew_bike_m72_lean_right_armed".
Could not load xanim "crew_bike_m72_lean_left_unarmed".
Could not load xanim "crew_bike_m72_lean_left_armed".
Could not load xanim "crew_bike_m72_jump_land_unarmed".
Could not load xanim "crew_bike_m72_jump_land_armed".
Could not load xanim "crew_bike_m72_jump_start_unarmed".
Could not load xanim "crew_bike_m72_jump_start_armed".
Could not load xanim "crew_bike_m72_drive_straight".
Could not load xanim "crew_bike_m72_aim_gun_putaway".
Could not load xanim "crew_bike_m72_aim_gun_pullot".
Could not load xanim "crew_bike_m72_r_fire".
Could not load xanim "crew_bike_m72_l_fire".
Could not load xanim "crew_bike_m72_f_fire".
Could not load xanim "crew_bike_m72_aim_r_8".
Could not load xanim "crew_bike_m72_aim_l_8".
Could not load xanim "crew_bike_m72_aim_f_8".
Could not load xanim "crew_bike_m72_aim_r_6".
Could not load xanim "crew_bike_m72_aim_l_6".
Could not load xanim "crew_bike_m72_aim_f_6".
Could not load xanim "crew_bike_m72_aim_r_4".
Could not load xanim "crew_bike_m72_aim_l_4".
Could not load xanim "crew_bike_m72_aim_f_4".
Could not load xanim "crew_bike_m72_aim_r_2".
Could not load xanim "crew_bike_m72_aim_l_2".
Could not load xanim "crew_bike_m72_aim_f_2".
Could not load xanim "ai_m113_gunner_aim_up".
Could not load xanim "ai_m113_gunner_aim_down".
Could not load xanim "ai_m113_gunner_aim".
Could not load xanim "ai_boat_pbr_gunner_aim_up".
Could not load xanim "ai_boat_pbr_gunner_aim_down".
Could not load xanim "ai_boat_pbr_gunner_aim".
Could not load xanim "ai_50cal_gunner_aim_down".
Could not load xanim "ai_50cal_gunner_aim_up".
Could not load xanim "ai_50cal_gunner_aim".
Could not load xanim "crew_truck_guy6_climbout_fast".
Could not load xanim "crew_truck_guy5_climbout_fast".
Could not load xanim "crew_truck_guy2_climbout_fast".
Could not load xanim "crew_truck_guy1_climbout_fast".
Could not load xanim "crew_gaz63_passenger_climbout_fast".
Could not load xanim "crew_gaz63_driver_jump_out".
Could not load xanim "crew_truck_guy8_climbout".
Could not load xanim "crew_truck_guy7_climbout".
Could not load xanim "crew_truck_guy6_climbout".
Could not load xanim "crew_truck_guy5_climbout".
Could not load xanim "crew_truck_guy4_climbout".
Could not load xanim "crew_truck_guy3_climbout".
Could not load xanim "crew_truck_guy2_climbout".
Could not load xanim "crew_truck_guy1_climbout".
Could not load xanim "crew_truck_passenger_climbout".
Could not load xanim "crew_truck_driver_climbout".
Could not load xanim "crew_truck_guy8_sit_idle".
Could not load xanim "crew_truck_guy7_sit_idle".
Could not load xanim "crew_truck_guy6_sit_idle".
Could not load xanim "crew_truck_guy5_sit_idle".
Could not load xanim "crew_truck_guy4_sit_idle".
Could not load xanim "crew_truck_guy3_sit_idle".
Could not load xanim "crew_truck_guy2_sit_idle".
Could not load xanim "crew_truck_guy1_sit_idle".
Could not load xanim "crew_gaz63_passenger_sit_idle".
Could not load xanim "crew_truck_passenger_sit_idle".
Could not load xanim "crew_truck_driver_sit_idle".
Could not load xanim "crew_police_passenger_climbout".
Could not load xanim "crew_police_driver_climbout".
Could not load xanim "crew_police_passenger_idle".
Could not load xanim "crew_police_driver_idle".
Could not load xanim "crew_uaz_passenger3_idle".
Could not load xanim "crew_uaz_passenger2_idle".
Could not load xanim "crew_uaz_passenger1_idle".
Could not load xanim "crew_uaz_driver_idle".
Could not load xanim "uaz_passenger_enter_from_huntedrun".
Could not load xanim "crew_uaz_passenger3_tumbleout".
Could not load xanim "crew_uaz_passenger1_tumbleout".
Could not load xanim "crew_uaz_driver_tumbleout".
Could not load xanim "uaz_driver_enter_from_huntedrun".
Could not load xanim "crew_uaz_passenger3_climbout".
Could not load xanim "crew_uaz_passenger2_climbout".
Could not load xanim "crew_uaz_passenger1_climbout".
Could not load xanim "crew_uaz_driver_climbout".
Could not load xanim "crew_jeep1_passenger3_turn_right_heavy".
Could not load xanim "crew_jeep1_passenger2_turn_right_heavy".
Could not load xanim "crew_jeep1_passenger1_turn_right_heavy".
Could not load xanim "crew_jeep1_driver_turn_right_heavy".
Could not load xanim "crew_jeep1_passenger3_turn_right_light".
Could not load xanim "crew_jeep1_passenger2_turn_right_light".
Could not load xanim "crew_jeep1_passenger1_turn_right_light".
Could not load xanim "crew_jeep1_driver_turn_right_light".
Could not load xanim "crew_jeep1_passenger3_turn_left_heavy".
Could not load xanim "crew_jeep1_passenger2_turn_left_heavy".
Could not load xanim "crew_jeep1_passenger1_turn_left_heavy".
Could not load xanim "crew_jeep1_driver_turn_left_heavy".
Could not load xanim "crew_jeep1_passenger3_turn_left_light".
Could not load xanim "crew_jeep1_passenger2_turn_left_light".
Could not load xanim "crew_jeep1_passenger1_turn_left_light".
Could not load xanim "crew_jeep1_driver_turn_left_light".
Could not load xanim "crew_jeep1_passenger3_stop".
Could not load xanim "crew_jeep1_passenger2_stop".
Could not load xanim "crew_jeep1_passenger1_stop".
Could not load xanim "crew_jeep1_driver_stop".
Could not load xanim "crew_jeep1_passenger3_start".
Could not load xanim "crew_jeep1_passenger2_start".
Could not load xanim "crew_jeep1_passenger1_start".
Could not load xanim "crew_jeep1_driver_start".
Could not load xanim "crew_jeep1_passenger3_climbin".
Could not load xanim "crew_jeep1_passenger2_climbin".
Could not load xanim "crew_jeep1_passenger1_climbin".
Could not load xanim "crew_jeep1_driver_climbin".
Could not load xanim "crew_jeep1_passenger3_climbout".
Could not load xanim "crew_jeep1_passenger2_climbout".
Could not load xanim "crew_jeep1_passenger1_climbout".
Could not load xanim "crew_jeep1_driver_climbout".
Could not load xanim "crew_jeep1_passenger3_death_fire".
Could not load xanim "crew_jeep1_passenger2_death_fire".
Could not load xanim "crew_jeep1_passenger1_death_fire".
Could not load xanim "crew_jeep1_driver_death_fire".
Could not load xanim "crew_jeep1_passenger3_death_shot".
Could not load xanim "crew_jeep1_passenger2_death_shot".
Could not load xanim "crew_jeep1_passenger1_death_shot".
Could not load xanim "crew_jeep1_driver_death_shot".
Could not load xanim "crew_jeep1_passenger3_drive_under_fire".
Could not load xanim "crew_jeep1_passenger2_drive_under_fire".
Could not load xanim "crew_jeep1_passenger1_drive_under_fire".
Could not load xanim "crew_jeep1_driver_drive_under_fire".
Could not load xanim "crew_jeep1_passenger3_drive_idle".
Could not load xanim "crew_jeep1_passenger2_drive_idle".
Could not load xanim "crew_jeep1_passenger1_drive_idle".
Could not load xanim "crew_jeep1_driver_drive_idle".
Could not load xanim "ai_huey_passenger_waiting".
Could not load xanim "ai_huey_passenger_b_rt_exit".
Could not load xanim "ai_huey_passenger_b_rt".
Could not load xanim "ai_huey_passenger_f_rt_exit".
Could not load xanim "ai_huey_passenger_f_rt_enter".
Could not load xanim "ai_huey_passenger_f_rt".
Could not load xanim "ai_huey_passenger_m_rt_enter".
Could not load xanim "ai_huey_passenger_m_lt_enter".
Could not load xanim "ai_huey_passenger_f_lt_exit".
Could not load xanim "ai_huey_passenger_f_lt_enter".
Could not load xanim "ai_huey_passenger_f_lt".
Could not load xanim "ai_huey_passenger_b_lt_exit".
Could not load xanim "ai_huey_passenger_b_lt_enter".
Could not load xanim "ai_huey_passenger_b_lt".
Could not load xanim "ai_huey_gunner2_exit".
Could not load xanim "ai_huey_gunner2_enter".
Could not load xanim "ai_huey_gunner2".
Could not load xanim "ai_huey_gunner1_exit".
Could not load xanim "ai_huey_gunner1_enter".
Could not load xanim "ai_huey_gunner1".
Could not load xanim "ai_huey_pilot2_idle_loop1".
Could not load xanim "ai_huey_pilot1_idle_loop1".
Could not load xanim "ai_mi8_pilot1_idle_loop2".
Could not load xanim "ai_mi8_pilot1_idle_loop1".
Could not load xanim "ai_revive_reviver_onback_left_get_up".
Could not load xanim "ai_revive_reviver_onback_left_revive".
Could not load xanim "ai_revive_wounded_onback_left_get_up".
Could not load xanim "ai_revive_wounded_onback_left_revive".
Could not load xanim "ai_revive_wounded_onback_loop".
Could not load xanim "ai_revive_wounded_onback_fall_crouch".
Could not load xanim "ai_revive_wounded_onback_fall_stand".
Could not load xanim "ai_dying_crawl_2_back_revive".
Could not load xanim "ai_flame_wounded_stand_d".
Could not load xanim "ai_flame_wounded_stand_c".
Could not load xanim "ai_flame_wounded_stand_b".
Could not load xanim "ai_flame_wounded_stand_a".
Could not load xanim "ai_flame_wounded_crouch_d".
Could not load xanim "ai_flame_wounded_crouch_c".
Could not load xanim "ai_flame_wounded_crouch_b".
Could not load xanim "ai_flame_wounded_crouch_a".
Could not load xanim "run_pain_stumble".
Could not load xanim "run_pain_stomach".
Could not load xanim "run_pain_fallonknee_03".
Could not load xanim "run_pain_fallonknee_02".
Could not load xanim "run_pain_fallonknee".
Could not load xanim "exposed_pain_right_arm".
Could not load xanim "exposed_pain_leg".
Could not load xanim "exposed_pain_left_arm".
Could not load xanim "exposed_pain_groin".
Could not load xanim "exposed_pain_dropgun".
Could not load xanim "exposed_pain_back".
Could not load xanim "exposed_pain_2_crouch".
Could not load xanim "exposed_crouch_pain_right_arm".
Could not load xanim "exposed_crouch_pain_left_arm".
Could not load xanim "exposed_crouch_pain_headsnap".
Could not load xanim "exposed_crouch_pain_flinch".
Could not load xanim "exposed_crouch_pain_chest".
Could not load xanim "back_pain".
Could not load xanim "saw_gunner_lowwall_pain_02".
Could not load xanim "saw_gunner_pain".
Could not load xanim "ai_death_upontoback".
Could not load xanim "ai_bayonet_right_death".
Could not load xanim "ai_bayonet_left_death".
Could not load xanim "ai_bayonet_back_death".
Could not load xanim "ai_bayonet_shoulder_death".
Could not load xanim "ai_bayonet_thrust_death".
Could not load xanim "ai_deadly_wounded_torso_hit".
Could not load xanim "ai_deadly_wounded_leg_r_hit".
Could not load xanim "ai_deadly_wounded_leg_l_hit".
Could not load xanim "ai_deadly_wounded_flamedb_hit".
Could not load xanim "ai_deadly_wounded_flameda_hit".
Could not load xanim "ai_flame_death_crouch_h".
Could not load xanim "ai_flame_death_crouch_g".
Could not load xanim "ai_flame_death_crouch_f".
Could not load xanim "ai_flame_death_crouch_e".
Could not load xanim "ai_flame_death_crouch_d".
Could not load xanim "ai_flame_death_crouch_c".
Could not load xanim "ai_flame_death_crouch_b".
Could not load xanim "ai_flame_death_crouch_a".
Could not load xanim "ai_flame_death_h".
Could not load xanim "ai_flame_death_g".
Could not load xanim "ai_flame_death_f".
Could not load xanim "ai_flame_death_e".
Could not load xanim "ai_flame_death_d".
Could not load xanim "ai_flame_death_c".
Could not load xanim "ai_flame_death_b".
Could not load xanim "ai_flame_death_a".
Could not load xanim "saw_gunner_lowwall_death".
Could not load xanim "saw_gunner_death".
Could not load xanim "run_death_roll".
Could not load xanim "run_death_fallonback_02".
Could not load xanim "run_death_fallonback".
Could not load xanim "run_death_facedown".
Could not load xanim "exposed_death_neckgrab".
Could not load xanim "exposed_death_twist".
Could not load xanim "exposed_death_nerve".
Could not load xanim "exposed_death_headtwist".
Could not load xanim "exposed_death_headshot".
Could not load xanim "exposed_death_groin".
Could not load xanim "exposed_death_firing_02".
Could not load xanim "exposed_death_firing".
Could not load xanim "exposed_death_falltoknees_02".
Could not load xanim "exposed_death_falltoknees".
Could not load xanim "exposed_death_02".
Could not load xanim "exposed_death".
Could not load xanim "exposed_crouch_death_twist".
Could not load xanim "exposed_crouch_death_flip".
Could not load xanim "exposed_crouch_death_fetal".
Could not load xanim "death_explosion_stand_up_v2".
Could not load xanim "death_explosion_stand_up_v1".
Could not load xanim "death_explosion_run_l_v2".
Could not load xanim "death_explosion_run_l_v1".
Could not load xanim "death_explosion_run_r_v2".
Could not load xanim "death_explosion_run_r_v1".
Could not load xanim "death_explosion_run_b_v2".
Could not load xanim "death_explosion_run_b_v1".
Could not load xanim "death_explosion_run_f_v4".
Could not load xanim "death_explosion_run_f_v3".
Could not load xanim "death_explosion_run_f_v2".
Could not load xanim "death_explosion_run_f_v1".
Could not load xanim "death_explosion_stand_r_v2".
Could not load xanim "death_explosion_stand_r_v1".
Could not load xanim "death_explosion_stand_l_v3".
Could not load xanim "death_explosion_stand_l_v2".
Could not load xanim "death_explosion_stand_l_v1".
Could not load xanim "death_explosion_stand_f_v4".
Could not load xanim "death_explosion_stand_f_v3".
Could not load xanim "death_explosion_stand_f_v2".
Could not load xanim "death_explosion_stand_f_v1".
Could not load xanim "death_explosion_stand_b_v4".
Could not load xanim "death_explosion_stand_b_v3".
Could not load xanim "death_explosion_stand_b_v2".
Could not load xanim "death_explosion_stand_b_v1".
Could not load xanim "ai_pillar_crouch_grenade_throw_03".
Could not load xanim "ai_pillar_crouch_grenade_throw_02".
Could not load xanim "ai_pillar_crouch_grenade_throw_01".
Could not load xanim "ai_pillar_stand_grenade_throw_03".
Could not load xanim "ai_pillar_stand_grenade_throw_02".
Could not load xanim "ai_pillar_stand_grenade_throw_01".
Could not load xanim "saw_gunner_lowwall_runout_mr".
Could not load xanim "saw_gunner_lowwall_runout_ml".
Could not load xanim "saw_gunner_lowwall_runout_m".
Could not load xanim "saw_gunner_lowwall_runout_r".
Could not load xanim "saw_gunner_lowwall_runout_l".
Could not load xanim "saw_gunner_lowwall_runin_mr".
Could not load xanim "saw_gunner_lowwall_runin_ml".
Could not load xanim "saw_gunner_lowwall_runin_m".
Could not load xanim "saw_gunner_lowwall_runin_r".
Could not load xanim "saw_gunner_lowwall_runin_l".
Could not load xanim "saw_gunner_runout_mr".
Could not load xanim "saw_gunner_runout_ml".
Could not load xanim "saw_gunner_runout_m".
Could not load xanim "saw_gunner_runout_r".
Could not load xanim "saw_gunner_runout_l".
Could not load xanim "saw_gunner_runin_mr".
Could not load xanim "saw_gunner_runin_ml".
Could not load xanim "saw_gunner_runin_m".
Could not load xanim "saw_gunner_runin_r".
Could not load xanim "saw_gunner_runin_l".
Could not load xanim "coverstand_pain_leg".
Could not load xanim "coverstand_pain_groin".
Could not load xanim "coverstand_death_right".
Could not load xanim "coverstand_death_left".
Could not load xanim "coverstand_trans_in_mr".
Could not load xanim "coverstand_trans_in_ml".
Could not load xanim "coverstand_trans_in_r".
Could not load xanim "coverstand_trans_in_m".
Could not load xanim "coverstand_trans_in_l".
Could not load xanim "coverstand_trans_out_mr".
Could not load xanim "coverstand_trans_out_ml".
Could not load xanim "coverstand_trans_out_r".
Could not load xanim "coverstand_trans_out_m".
Could not load xanim "coverstand_trans_out_l".
Could not load xanim "coverstand_grenadeb".
Could not load xanim "coverstand_grenadea".
Could not load xanim "cornercrr_trans_out_r".
Could not load xanim "cornercrr_trans_out_mr".
Could not load xanim "cornercrr_trans_out_ml".
Could not load xanim "cornercrr_trans_out_mf".
Could not load xanim "cornercrr_trans_out_m".
Could not load xanim "cornercrr_trans_out_l".
Could not load xanim "cornercrr_trans_out_f".
Could not load xanim "cornercrr_trans_in_r".
Could not load xanim "cornercrr_trans_in_mr".
Could not load xanim "cornercrr_trans_in_ml".
Could not load xanim "cornercrr_trans_in_mf".
Could not load xanim "cornercrr_trans_in_m".
Could not load xanim "cornercrr_trans_in_l".
Could not load xanim "cornercrr_trans_in_f".
Could not load xanim "cornercrr_grenadea".
Could not load xanim "corner_standl_trans_out_8".
Could not load xanim "corner_standl_trans_out_7".
Could not load xanim "corner_standl_trans_out_6".
Could not load xanim "corner_standl_trans_out_4".
Could not load xanim "corner_standl_trans_out_3".
Could not load xanim "corner_standl_trans_out_2".
Could not load xanim "corner_standl_trans_out_1".
Could not load xanim "corner_standl_trans_in_8".
Could not load xanim "corner_standl_trans_in_7".
Could not load xanim "corner_standl_trans_in_6".
Could not load xanim "corner_standl_trans_in_3".
Could not load xanim "corner_standl_trans_in_2".
Could not load xanim "corner_standl_trans_in_1".
Could not load xanim "corner_standl_trans_in_4".
Could not load xanim "corner_standr_trans_out_9".
Could not load xanim "corner_standr_trans_out_8".
Could not load xanim "corner_standr_trans_out_6".
Could not load xanim "corner_standr_trans_out_4".
Could not load xanim "corner_standr_trans_out_3".
Could not load xanim "corner_standr_trans_out_2".
Could not load xanim "corner_standr_trans_out_1".
Could not load xanim "corner_standr_trans_in_9".
Could not load xanim "corner_standr_trans_in_8".
Could not load xanim "corner_standr_trans_in_6".
Could not load xanim "corner_standr_trans_in_3".
Could not load xanim "corner_standr_trans_in_1".
Could not load xanim "corner_standr_trans_in_2".
Could not load xanim "corner_standr_trans_in_4".
Could not load xanim "corner_standr_painc".
Could not load xanim "corner_standr_painb".
Could not load xanim "corner_standr_pain".
Could not load xanim "corner_standr_grenade_b".
Could not load xanim "corner_standr_grenade_a".
Could not load xanim "corner_standr_deathb".
Could not load xanim "corner_standr_deatha".
Could not load xanim "cornercrl_trans_out_r".
Could not load xanim "cornercrl_trans_out_mr".
Could not load xanim "cornercrl_trans_out_ml".
Could not load xanim "cornercrl_trans_out_mf".
Could not load xanim "cornercrl_trans_out_m".
Could not load xanim "cornercrl_trans_out_l".
Could not load xanim "cornercrl_trans_out_f".
Could not load xanim "cornercrl_trans_in_r".
Could not load xanim "cornercrl_trans_in_mr".
Could not load xanim "cornercrl_trans_in_ml".
Could not load xanim "cornercrl_trans_in_mf".
Could not load xanim "cornercrl_trans_in_m".
Could not load xanim "cornercrl_trans_in_l".
Could not load xanim "cornercrl_trans_in_f".
Could not load xanim "cornercrl_grenadeb".
Could not load xanim "cornercrl_grenadea".
Could not load xanim "corner_standl_paine".
Could not load xanim "corner_standl_paind".
Could not load xanim "corner_standl_painc".
Could not load xanim "corner_standl_painb".
Could not load xanim "corner_standl_pain".
Could not load xanim "corner_standl_grenade_b".
Could not load xanim "corner_standl_grenade_a".
Could not load xanim "corner_standl_deathb".
Could not load xanim "corner_standl_deatha".
Could not load xanim "ai_zombie_spets_roll_c".
Could not load xanim "ai_zombie_spets_roll_b".
Could not load xanim "ai_zombie_spets_roll_a".
Could not load xanim "ai_zombie_spets_sidestep_right_b".
Could not load xanim "ai_zombie_spets_sidestep_right_a".
Could not load xanim "ai_zombie_spets_sidestep_left_b".
Could not load xanim "ai_zombie_spets_sidestep_left_a".
Could not load xanim "ai_zombie_crawl_jump_down_286".
Could not load xanim "ai_zombie_crawl_jump_down_240".
Could not load xanim "ai_zombie_crawl_jump_down_120".
Could not load xanim "wall_death".
Could not load xanim "covercrouch_death_3".
Could not load xanim "covercrouch_death_2".
Could not load xanim "covercrouch_death_1".
Could not load xanim "covercrouch_grenadeb".
Could not load xanim "covercrouch_grenadea".
Could not load xanim "covercrouch_run_out_r".
Could not load xanim "covercrouch_run_out_mr".
Could not load xanim "covercrouch_run_out_m".
Could not load xanim "covercrouch_run_out_ml".
Could not load xanim "covercrouch_run_out_l".
Could not load xanim "covercrouch_run_in_r".
Could not load xanim "covercrouch_run_in_mr".
Could not load xanim "covercrouch_run_in_m".
Could not load xanim "covercrouch_run_in_ml".
Could not load xanim "covercrouch_run_in_l".
Could not load xanim "add_fire".
Could not load xanim "prone_grenade_a".
Could not load xanim "crouch_2run_180".
Could not load xanim "crouch_2run_f".
Could not load xanim "crouch_2run_r".
Could not load xanim "crouch_2run_l".
Could not load xanim "run_2_crouch_180l".
Could not load xanim "run_2_crouch_90r".
Could not load xanim "run_2_crouch_90l".
Could not load xanim "run_2_crouch_f".
Could not load xanim "stand_2_run_180_med".
Could not load xanim "stand_2_run_f_2".
Could not load xanim "stand_2_run_r".
Could not load xanim "stand_2_run_l".
Could not load xanim "run_2_stand_180l".
Could not load xanim "run_2_stand_90r".
Could not load xanim "run_2_stand_90l".
Could not load xanim "run_2_stand_f_6".
Could not load xanim "weapon_switch".
Could not load xanim "exposed_grenadethrowc".
Could not load xanim "exposed_grenadethrowb".
Could not load xanim "prone_legs_down".
Could not load xanim "prone_legs_up".
Could not load xanim "exposed_tracking_turn180l".
Could not load xanim "exposed_tracking_turn135r".
Could not load xanim "exposed_tracking_turn90r".
Could not load xanim "exposed_tracking_turn45r".
Could not load xanim "exposed_tracking_turn135l".
Could not load xanim "exposed_tracking_turn90l".
Could not load xanim "exposed_tracking_turn45l".
Could not load xanim "aim_8".
Could not load xanim "aim_2".
Could not load xanim "aim_6".
Could not load xanim "aim_4".
Could not load xanim "exposed_stand_2_crouch".
Could not load xanim "exposed_crouch_2_stand".
Could not load xanim "exposed_crouch_idle_alert_v3".
Could not load xanim "exposed_crouch_idle_alert_v2".
Could not load xanim "exposed_crouch_idle_alert_v1".
Could not load xanim "exposed_idle_alert_v3".
Could not load xanim "exposed_idle_alert_v2".
Could not load xanim "exposed_idle_alert_v1".
Could not load xanim "cqb_stand_signal_move_out".
Could not load xanim "cqb_stand_signal_move_up".
Could not load xanim "cqb_stand_signal_stop".
Could not load xanim "cqb_stand_wave_go_v1".
Could not load xanim "cqb_stand_wave_on_me".
Could not load xanim "saw_gunner_run_slow".
Could not load xanim "saw_gunner_run_fast".
Could not load xanim "ai_mg_shoulder_run".
Could not load xanim "ai_run_lowready_f_lean_r".
Could not load xanim "ai_run_lowready_f_lean_l".
Could not load xanim "crouch_fastwalk_r".
Could not load xanim "crouch_fastwalk_l".
Could not load xanim "crouch_fastwalk_b".
Could not load xanim "run_lowready_b".
Could not load xanim "run_lowready_r".
Could not load xanim "run_lowready_l".
Could not load xanim "patrol_bored_patrolwalk_twitch".
Could not load xanim "patrol_bored_patrolwalk".
Could not load xanim "sprint1_loop".
Could not load xanim "crouch_fastwalk_f".
Could not load xanim "run_lowready_f".
Could not load xanim "ai_zombie_boss_idle_b".
Could not load xanim "ai_zombie_boss_idle_a".
Could not load xanim "ai_flamethrower_crouch_twitch".
Could not load xanim "ai_flamethrower_crouch_idle_b".
Could not load xanim "ai_flamethrower_crouch_idle_a".
Could not load xanim "ai_flamethrower_stand_twitch".
Could not load xanim "ai_flamethrower_stand_idle_casual_v1".
Could not load xanim "ai_mg_shoulder_run2crouch".
Could not load xanim "ai_mg_shoulder_crouch_idle".
Could not load xanim "ai_mg_shoulder_run2stand".
Could not load xanim "ai_mg_shoulder_stand_idle".
Could not load xanim "cqb_stand_twitch".
Could not load xanim "cqb_stand_idle".
Could not load xanim "patrol_bored_2_walk_180turn".
Could not load xanim "patrol_bored_2_walk".
Could not load xanim "patrol_bored_twitch_stretch".
Could not load xanim "patrol_bored_twitch_checkphone".
Could not load xanim "patrol_bored_twitch_bug".
Could not load xanim "patrol_bored_idle_cellphone".
Could not load xanim "patrol_bored_idle_smoke".
Could not load xanim "patrol_bored_idle".
Could not load xanim "patrol_bored_walk_2_bored".
Could not load xanim "casual_stand_idle_twitchb".
Could not load xanim "casual_stand_idle_twitch".
Could not load xanim "casual_stand_idle_trans_in".
Could not load xanim "casual_stand_idle".
Could not load xanim "casual_crouch_point".
Could not load xanim "casual_crouch_twitch".
Could not load xanim "casual_crouch_idle_in".
Could not load xanim "casual_crouch_idle".
Could not load xanim "casual_stand_v2_twitch_talk".
Could not load xanim "casual_stand_v2_twitch_shift".
Could not load xanim "casual_stand_v2_twitch_radio".
Could not load xanim "casual_stand_v2_idle".
Could not load xanim "crouch2stand".
Could not load xanim "shoot".
Could not load xanim "upperbody".
Could not load xanim "void_loop".
Could not load xanim "v_uaz_passenger3_door_open".
Could not load xanim "v_uaz_passenger2_door_open".
Could not load xanim "v_uaz_passenger_door_open".
Could not load xanim "v_uaz_driver_door_open".
Could not load xanim "v_jeep_passenger_door_open".
Could not load xanim "v_jeep_driver_door_open".
Could not load xanim "v_pow_b03_hind_landed".
Could not load xanim "v_pow_b03_hind_exit_interior".
Could not load xanim "v_pow_b03_hind_exit_exterior".
Could not load xanim "v_pow_b03_hind_climbin_interior".
Could not load xanim "v_pow_b03_hind_climbin_exterior".
Could not load xanim "v_police_passenger_door_open".
Could not load xanim "v_police_driver_door_open".
Could not load xanim "v_gaz63_passenger_door_open".
Could not load xanim "v_gaz63_driver_door_open".
Could not load xanim "uaz_driving_idle_backward".
Could not load xanim "uaz_driving_idle_forward".
Could not load xanim "int_pow_b03_cockpit_exit".
Could not load xanim "int_pow_b03_cockpit_inandup".
Could not load xanim "viewmodel_swim_to_right".
Could not load xanim "viewmodel_swim_to_left".
Could not load xanim "viewmodel_swim_tread_water".
Could not load xanim "viewmodel_swim_backwards_c".
Could not load xanim "viewmodel_swim_backwards_b".
Could not load xanim "viewmodel_swim_backwards_a".
Could not load xanim "viewmodel_swim_breaststroke_c".
Could not load xanim "viewmodel_swim_breaststroke_b".
Could not load xanim "viewmodel_swim_breaststroke_a".
Could not load xanim "prop_meatshield_bullet_tip_spin".
Could not load xanim "prop_meatshield_bullet_tip_cam".
Could not load xanim "prop_contextual_melee_garrotesit_chair_quick".
Could not load xanim "prop_contextual_melee_garrotesit_chair".
Could not load xanim "prop_contextual_melee_garrotesit_garrotewire_quick".
Could not load xanim "prop_contextual_melee_garrotesit_garrotewire".
Could not load xanim "prop_contextual_melee_garrote_garrotewire_quick".
Could not load xanim "prop_contextual_melee_garrote_garrotewire".
Could not load xanim "zombie_dog_run_pain_front".
Could not load xanim "zombie_dog_pain_hit_right".
Could not load xanim "zombie_dog_pain_hit_left".
Could not load xanim "zombie_dog_pain_hit_front".
Could not load xanim "zombie_dog_pain_hit_back".
Could not load xanim "zombie_dog_run_pain".
Could not load xanim "zombie_dog_run_flashbang".
Could not load xanim "zd_attack_player_late".
Could not load xanim "pb_pbr_driver_idle".
Could not load xanim "pb_huey_passenger_b_rt".
Could not load xanim "pb_huey_passenger_f_rt".
Could not load xanim "pb_huey_passenger_m_rt".
Could not load xanim "pb_huey_passenger_m_lt".
Could not load xanim "pb_huey_passenger_f_lt".
Could not load xanim "pb_huey_passenger_b_lt_aim_60up_60right".
Could not load xanim "pb_huey_passenger_b_lt_aim_forward_60up".
Could not load xanim "pb_huey_passenger_b_lt_aim_60up_60left".
Could not load xanim "pb_huey_passenger_b_lt_aim_60right_level".
Could not load xanim "pb_huey_passenger_b_lt_aim_forward_level".
Could not load xanim "pb_huey_passenger_b_lt_aim_60left_level".
Could not load xanim "pb_huey_passenger_b_lt_aim_60down_60right".
Could not load xanim "pb_huey_passenger_b_lt_aim_forward_60down".
Could not load xanim "pb_huey_passenger_b_lt_aim_60down_60left".
Could not load xanim "p_driver_jeep_seated".
Could not load xanim "pb_zipline_loop".
Could not load xanim "pb_zipline_release".
Could not load xanim "pb_zipline_grab".
stream_info doesn't have a spawn function
stream_info doesn't have a spawn function
stream_info doesn't have a spawn function
stream_info doesn't have a spawn function
stream_info doesn't have a spawn function
stream_info doesn't have a spawn function
stream_info doesn't have a spawn function
stream_info doesn't have a spawn function
stream_info doesn't have a spawn function
stream_info doesn't have a spawn function
stream_info doesn't have a spawn function
stream_info doesn't have a spawn function
stream_info doesn't have a spawn function
stream_info doesn't have a spawn function
stream_info doesn't have a spawn function
stream_info doesn't have a spawn function
stream_info doesn't have a spawn function
stream_info doesn't have a spawn function
stream_info doesn't have a spawn function
stream_info doesn't have a spawn function
stream_info doesn't have a spawn function
stream_info doesn't have a spawn function
stream_info doesn't have a spawn function
stream_info doesn't have a spawn function
stream_info doesn't have a spawn function
stream_info doesn't have a spawn function
misc_modle doesn't have a spawn function
stream_info doesn't have a spawn function
stream_info doesn't have a spawn function
stream_info doesn't have a spawn function
stream_info doesn't have a spawn function
stream_info doesn't have a spawn function
stream_info doesn't have a spawn function
-----------------------------------
maps/_mgturret.gsc (code_post_gfx): 0x0A4885D4
codescripts/delete.gsc (code_post_gfx): 0x2E82AE74
animscripts/shared.gsc (common_zombie): 0xF777EB0A
maps/_utility.gsc (common_zombie_patch): 0x42B6193A
maps/_zombiemode_bowie.gsc (common_zombie_patch): 0xA0E88C18
maps/_vehiclenames.gsc (code_post_gfx): 0xA6CF3FFC
animscripts/battlechatter.gsc (common_zombie): 0xEE336B8A
animscripts/zombie_melee.gsc (common_zombie_patch): 0x05509B59
codescripts/struct.gsc (code_post_gfx): 0xCAC87ED6
animscripts/zombie_utility.gsc (common_zombie): 0xCAD2ACD3
maps/_jeep.gsc (code_post_gfx): 0xD6EE26BC
maps/_utility_code.gsc (code_post_gfx): 0xCB68F0DE
xmodelalias/char_ger_hnrgrd_body1_g_torsoalias.gsc (zombie_theater): 0x366E726F
animscripts/debug.gsc (common_zombie_patch): 0x16285EFA
common_scripts/utility.gsc (code_post_gfx): 0x9536897A
animscripts/walk.gsc (common_zombie): 0x7F118010
maps/_callbacksetup.gsc (code_post_gfx): 0xB52A9A5B
maps/_zombiemode_traps.gsc (common_zombie_patch): 0xA2C6280A
maps/_hud_util.gsc (code_post_gfx): 0x587EC801
maps/zombie_theater_perk_machines.gsc (raw): 0x926BE7EE
maps/_truck.gsc (code_post_gfx): 0x514144CA
maps/_hind_player.gsc (code_post_gfx): 0x6B2EB687
animscripts/utility.gsc (common_zombie): 0x5CAA8382
animscripts/setposemovement.gsc (common_zombie): 0x9AC495F3
maps/_constants.gsc (code_post_gfx): 0x0176DD22
animscripts/anims.gsc (common_zombie): 0x8B2018B8
maps/_autosave.gsc (code_post_gfx): 0x425D611B
maps/_zombiemode_spawner.gsc (common_zombie_patch): 0x0A7C7E52
maps/_mg_penetration.gsc (code_post_gfx): 0xE2A0DEA0
animscripts/combat_utility.gsc (common_zombie): 0x64A99E72
maps/_gameskill.gsc (common_zombie_patch): 0x55B2A1B6
maps/_truck_gaz63.gsc (code_post_gfx): 0x3C1AED74
maps/zombie_theater_ffotd.gsc (zombie_theater_patch): 0xB097AB77
maps/_endmission.gsc (code_post_gfx): 0x6A88FF27
animscripts/zombie_move.gsc (common_zombie_patch): 0xDE31C8DF
animscripts/weaponlist.gsc (common_zombie): 0x7558540E
maps/_laststand.gsc (common_zombie_patch): 0x7AE8C2CC
maps/_zombiemode_zone_manager.gsc (common_zombie_patch): 0x278F492A
maps/_load_common.gsc (code_post_gfx): 0xC8BEDDF1
maps/_weapons.gsc (common_zombie_patch): 0x0668A678
maps/_boat_patrol_nva.gsc (code_post_gfx): 0xFFFDB5AD
maps/_createfxmenu.gsc (code_post_gfx): 0x576C29AF
maps/_lights.gsc (code_post_gfx): 0x02054E8B
maps/_createfx.gsc (code_post_gfx): 0x5CA89299
aitype/zombie_ger_zombie.gsc (zombie_theater): 0x306188CA
maps/_vehicle_aianim.gsc (code_post_gfx): 0xB983EDC7
maps/_introscreen.gsc (code_post_gfx): 0x691BF913
maps/_apc.gsc (code_post_gfx): 0x1308C51D
maps/_fx.gsc (code_post_gfx): 0x3C599625
maps/_colors.gsc (code_post_gfx): 0x350AB58E
character/c_ger_honorguard_zt.gsc (zombie_theater): 0xD643201B
maps/_contextual_melee.gsc (code_post_gfx): 0x2506D3EF
maps/_spawner.gsc (code_post_gfx): 0xE4F83185
maps/_anim.gsc (code_post_gfx): 0x4ABC8BB8
codescripts/character.gsc (code_post_gfx): 0xA68E0E1E
animscripts/face.gsc (common_zombie): 0x3F881B3E
xmodelalias/c_ger_honorguard_zomb_headalias.gsc (zombie_theater): 0x43C6D95F
maps/_friendlyfire.gsc (code_post_gfx): 0x937F157B
maps/_serverfaceanim.gsc (code_post_gfx): 0x3CDFF618
maps/_truck_gaz66.gsc (code_post_gfx): 0xF8DE73FF
maps/_audio.gsc (code_post_gfx): 0x3230FA8D
maps/_music.gsc (code_post_gfx): 0xE749B82B
animscripts/zombie_init.gsc (common_zombie_patch): 0x8128D4D7
maps/_patrol.gsc (code_post_gfx): 0x99FFD111
maps/_bulletcam.gsc (code_post_gfx): 0x75010804
maps/_spiderhole.gsc (code_post_gfx): 0xFBE1D59D
maps/_chinook.gsc (code_post_gfx): 0xB6F826FE
maps/_banzai.gsc (code_post_gfx): 0x85E1C575
maps/_dds.gsc (code_post_gfx): 0x1B980DB0
maps/_debug.gsc (code_post_gfx): 0x786F2026
animscripts/battlechatter_ai.gsc (common_zombie): 0x239687E6
animscripts/squadmanager.gsc (common_zombie): 0x4349E38F
maps/_hud_message.gsc (common_zombie_patch): 0xB55C5BBB
maps/_boat_pbr.gsc (code_post_gfx): 0xD4BCF637
animscripts/zombie_run.gsc (common_zombie_patch): 0xEC8C62CC
maps/_vehicletypes.gsc (code_post_gfx): 0xA1250AB9
maps/_cooplogic.gsc (code_post_gfx): 0xB4BEFA7A
maps/_cheat.gsc (code_post_gfx): 0x99E27A0C
maps/_flareweapon.gsc (code_post_gfx): 0x06BF2226
maps/_zombiemode_score.gsc (common_zombie_patch): 0x74AF428B
maps/_vehicle.gsc (code_post_gfx): 0x66A3DE50
character/c_zom_red_guy_zt.gsc (code_post_gfx): 0x825245E8
maps/_treadfx.gsc (code_post_gfx): 0xE517332C
maps/_destructible.gsc (code_post_gfx): 0xA4624265
maps/_zombiemode_auto_turret.gsc (common_zombie_patch): 0x82EC8E8A
maps/_uaz.gsc (code_post_gfx): 0x48F0F353
maps/_vehicledrive.gsc (code_post_gfx): 0x12DFC931
maps/_huey.gsc (code_post_gfx): 0x3F3E5D61
maps/_t72.gsc (code_post_gfx): 0x85419342
maps/_tank_zsu23.gsc (code_post_gfx): 0xE4277F06
maps/_cobra.gsc (code_post_gfx): 0x44657874
maps/_hip.gsc (code_post_gfx): 0x259CB555
maps/_mig17.gsc (code_post_gfx): 0xD9E7385C
maps/_plane_weapons.gsc (code_post_gfx): 0xC46D80A3
maps/_zpu_antiair.gsc (code_post_gfx): 0x11D0A76F
maps/_btr.gsc (code_post_gfx): 0x13D744AB
maps/_civ_vehicle.gsc (code_post_gfx): 0x3D90EE20
maps/_tiara.gsc (code_post_gfx): 0x105F21CC
maps/_policecar.gsc (code_post_gfx): 0xE568C610
maps/_snowcat.gsc (code_post_gfx): 0xEE646708
maps/zombie_theater_quad.gsc (zombie_theater): 0x3A0CC90D
maps/_rcbomb.gsc (code_post_gfx): 0xDFD2D923
maps/_sampan.gsc (code_post_gfx): 0x4A2AD4D9
maps/_boat_nvapbr.gsc (code_post_gfx): 0x50E03CC6
maps/_motorcycle.gsc (code_post_gfx): 0x0C03B652
animscripts/revive.gsc (common_zombie): 0xEB6BB344
maps/_zombiemode_weapon_box.gsc (common_zombie): 0x7220A3D0
maps/_shellshock.gsc (code_post_gfx): 0x43C1105D
maps/_callbackglobal.gsc (common_zombie_patch): 0x7E105384
maps/_flashgrenades.gsc (code_post_gfx): 0xFB11E526
maps/_damagefeedback.gsc (code_post_gfx): 0x70333647
maps/_createmenu.gsc (code_post_gfx): 0x355318E5
maps/_spawn_manager.gsc (code_post_gfx): 0x4B2C983C
maps/_names.gsc (code_post_gfx): 0x53600D4D
animscripts/zombie_dog_flashed.gsc (common_zombie): 0xD7D89B85
maps/_meatshield.gsc (code_post_gfx): 0xABCDBF3B
maps/_swimming.gsc (code_post_gfx): 0x347E1B6A
maps/gametypes/zom.gsc (raw): 0x00000000
animscripts/zombie_setposemovement.gsc (common_zombie): 0x0B3C460D
animscripts/zombie_combat.gsc (common_zombie_patch): 0x0F5D56DE
animscripts/zombie_shared.gsc (common_zombie_patch): 0xAB0BA821
maps/_bayonet.gsc (code_post_gfx): 0xB9789691
animscripts/zombie_death.gsc (common_zombie_patch): 0x2AAC0EBC
animscripts/zombie_pain.gsc (common_zombie_patch): 0xE613FFCC
maps/_zombiemode_utility.gsc (common_zombie_patch): 0x68CF2C9F
maps/_zombiemode_server_throttle.gsc (common_zombie_patch): 0xAF60091F
animscripts/zombie_dog_stop.gsc (common_zombie): 0x43AF3539
maps/_zombiemode_weapons.gsc (raw): 0x6A2635ED
maps/_zombiemode_audio.gsc (common_zombie_patch): 0x5C77963A
maps/_busing.gsc (code_post_gfx): 0x6CDFFECC
maps/_zombiemode_weap_cymbal_monkey.gsc (common_zombie_patch): 0x06AA0365
maps/_zombiemode_powerups.gsc (common_zombie_patch): 0x13B1D5F9
maps/_zombiemode_net.gsc (common_zombie): 0xB9EEF66D
maps/_zombiemode_blockers.gsc (common_zombie_patch): 0xC6D15C62
maps/_zombiemode_perks.gsc (raw): 0xC315F20E
maps/_zombiemode.gsc (raw): 0xC7356D28
maps/_zombiemode_ffotd.gsc (common_zombie_patch): 0x71C74739
maps/_zombiemode_load.gsc (common_zombie_patch): 0x5184CFB8
animscripts/traverse/zombie_shared.gsc (common_zombie_patch): 0x1BC2F132
maps/_gamemode.gsc (code_post_gfx): 0xF30DAE8E
maps/_art.gsc (code_post_gfx): 0xEA9FCD02
maps/_loadout.gsc (common_zombie_patch): 0x7B1B4803
scripts/sp/zom/counter_script.gsc (raw): 0xE863712D
animscripts/traverse/zombie_jump_down_190.gsc (zombie_theater): 0x64920C15
mptype/player_t5_zt.gsc (code_post_gfx): 0x2B4A1882
character/c_usa_sog2_zt.gsc (code_post_gfx): 0xA6ED1CAE
character/c_zom_blue_guy_zt.gsc (code_post_gfx): 0xE923B781
character/c_zom_yellow_guy_zt.gsc (code_post_gfx): 0x7728C4B2
mptype/player_t5_zm_pentagon.gsc (mod): 0x3685E431
character/c_usa_nixon_zt.gsc (mod): 0xF8C2AA6A
character/c_cub_castro_zt.gsc (mod): 0xF7561C64
character/c_usa_jfk_zt.gsc (mod): 0x1BADD30D
character/c_usa_mcnamara_zt.gsc (mod): 0x3204A4CD
animscripts/zombie_stop.gsc (common_zombie): 0x87DD0A71
mptype/player_t5_zm_theater.gsc (code_post_gfx): 0xE6F2C3FC
character/c_ger_richtofen_zt.gsc (code_post_gfx): 0x8B7D39CC
character/c_jap_takeo_zt.gsc (code_post_gfx): 0x7740A4BC
character/c_rus_nikolai_zt.gsc (code_post_gfx): 0x697B6220
character/c_usa_dempsey_zt.gsc (code_post_gfx): 0x97990EBB
mptype/player_t5_zm.gsc (code_post_gfx): 0x4FAE2B1D
character/c_usa_marine_michael_carter_player_zm.gsc (code_post_gfx): 0x6C6D42E9
maps/_weaponobjects.gsc (common_zombie_patch): 0x47722B51
maps/_ballistic_knife.gsc (common_zombie_patch): 0x9A1E17A4
animscripts/zombie_dog_combat.gsc (common_zombie): 0x57F2E7D5
maps/_explosive_bolt.gsc (code_post_gfx): 0x7C2866C0
maps/_flamethrower_plight.gsc (code_post_gfx): 0x8A7E001A
maps/_detonategrenades.gsc (code_post_gfx): 0xC4CB2B7A
maps/_ingamemenus.gsc (code_post_gfx): 0x930C12DF
maps/_global_fx.gsc (code_post_gfx): 0x5A84AFEB
maps/_minefields.gsc (code_post_gfx): 0x5014D0AF
maps/_hud.gsc (code_post_gfx): 0xA3CE8FF6
maps/_animatedmodels.gsc (code_post_gfx): 0x8F704272
scripts/sp/zom/zm_spawn_fix.gsc (raw): 0x59197F8C
maps/_zombiemode_claymore.gsc (common_zombie_patch): 0xFD87BC41
animscripts/zombie_dog_move.gsc (common_zombie): 0x6B389D77
maps/_zombiemode_equipment.gsc (common_zombie_patch): 0xB08B569B
maps/_zombiemode_user.gsc (common_zombie): 0x23C6F65D
maps/_zombiemode_weap_freezegun.gsc (raw): 0xFD2C9CB0
maps/_zombiemode_weap_tesla.gsc (common_zombie_patch): 0xD9A7C7DB
maps/_zombiemode_weap_thundergun.gsc (common_zombie_patch): 0x56130519
aitype/zombie_quad.gsc (zombie_theater): 0x7BE40FC0
maps/_zombiemode_weap_crossbow.gsc (common_zombie_patch): 0x5BF854DC
maps/_zombiemode_ai_dogs.gsc (common_zombie_patch): 0xC3548F60
animscripts/traverse/zombie_wall_crawl_drop.gsc (zombie_theater): 0xEA546783
animscripts/zombie_dog_init.gsc (common_zombie): 0x0D2267C6
animscripts/zombie_scripted.gsc (common_zombie): 0xCD3A4BE1
animscripts/zombie_dog_death.gsc (common_zombie_patch): 0xFA32CD57
animscripts/zombie_dog_pain.gsc (common_zombie): 0x77F4DC06
animscripts/zombie_dog_scripted.gsc (common_zombie): 0x7999C029
animscripts/zombie_dog_turn.gsc (common_zombie): 0xC5850C78
maps/zombie_theater.gsc (raw): 0x07D42A1A
maps/zombie_theater_magic_box.gsc (zombie_theater_patch): 0x9C01BC10
maps/zombie_theater_movie_screen.gsc (zombie_theater_patch): 0x98577D1E
maps/zombie_theater_amb.gsc (zombie_theater): 0x626BC3AA
maps/_ambientpackage.gsc (code_post_gfx): 0x00000000
maps/zombie_theater_teleporter.gsc (zombie_theater_patch): 0xB27E3B82
maps/zombie_theater_fx.gsc (zombie_theater): 0x11CFB7A9
maps/createart/zombie_theater_art.gsc (zombie_theater_patch): 0xC592A249
maps/createfx/zombie_theater_fx.gsc (zombie_theater): 0x48755AFA
maps/_zombiemode_ai_quad.gsc (raw): 0x9DFDC58F
maps/_compass.gsc (code_post_gfx): 0x2BE6C3B6
xmodelalias/c_ger_honorguard_zomb_bodyalias.gsc (zombie_theater): 0x7977F225
xmodelalias/char_ger_hnrgrd_body1_g_rarmoffalias.gsc (zombie_theater): 0x96F7D9F7
xmodelalias/char_ger_hnrgrd_body1_g_larmoffalias.gsc (zombie_theater): 0x91BBF534
xmodelalias/char_ger_hnrgrd_body1_g_rlegoffalias.gsc (zombie_theater): 0x23ED8265
xmodelalias/char_ger_hnrgrd_body1_g_llegoffalias.gsc (zombie_theater): 0x24A1AEA6
xmodelalias/char_ger_hnrgrd_body1_g_legsoffalias.gsc (zombie_theater): 0x6B6C2AB5
character/c_zom_quad.gsc (zombie_theater): 0x797BE265
animscripts/traverse/zombie_mantle_over_40.gsc (zombie_theater): 0x5D73E5F8
animscripts/traverse/zombie_jump_down_72.gsc (zombie_theater): 0xEDA63860
animscripts/traverse/zombie_jump_down_120.gsc (zombie_theater): 0xB3F1EBFF
animscripts/traverse/zombie_jump_down_40.gsc (zombie_theater): 0xB1A445FF
animscripts/traverse/zombie_wall_crawl_drop_quick.gsc (zombie_theater): 0x7E5A16F6
aitype/zombie_dog.gsc (common_zombie): 0x9F2EACBC
character/character_sp_zombie_dog.gsc (zombie_theater): 0xF8D8D4A0
animscripts/traverse/zombie_jump_down_127.gsc (zombie_theater): 0xB4CB3AB9
animscripts/traverse/zombie_jump_down_240.gsc (zombie_theater): 0x5F11E06A
animscripts/traverse/zombie_jump_down_286.gsc (zombie_theater): 0x8FA6ACCB
scripts/sp/zm_random_char.gsc (raw): 0x9A88F2D1
scripts/sp/zm_spawn_fix.gsc (raw): 0x410B3C14
en_code_pre_gfx: 0xB31D0601
code_pre_gfx: 0xA46550FC
en_code_post_gfx: 0xC97D3619
code_post_gfx: 0x90FE8DC1
en_patch: 0xC2D28BEB
patch: 0xA45F9D9F
en_plutonium_ui: 0xEFCE0FA2
plutonium_ui: 0xF02CE2D6
mod: 0x9B0975DA
mod1: 0xCE3FD0C0
common_zombie_patch: 0xF1C235FF
en_common_zombie: 0x4DCF9D99
common_zombie: 0x557EBB4C
zombie_theater_patch: 0xEF1BE7AF
en_zombie_theater: 0x758E945B
zombie_theater: 0xAC6D9F93
pluto r5346: 0x5A9B8D5E
t5sp dedi: 0x64067F72
identifier: 1789829940-0cfc-4fdd-942d4b8c-dff9-4539-913d-b56eb8d6faa0-5346-0-1789829934-11
checksum0: 0x2AD81D46
checksum1: 0x0009B1DF
checksum2: 0x0009B1DF
=============================== DVAR DUMP ========================================
      acousticSpikeMaxRange "200"
      acousticSpikeMinRadius "0.0001"
      acousticSpikeMinRange "0"
      acousticSpikeRingSize "20"
      acousticSpikeSize "10"
      actionSlotsHide "0"
      ai_accu_player_lateral_speed "250"
      ai_accuracyDistScale "1"
      ai_alternateSightLatency "0"
      ai_angularYawAccelRate "1200"
      ai_angularYawDecelFactor "1"
      ai_angularYawEnabled "0"
      ai_badPathSpam "0"
      ai_corpseCount "5"
      ai_coverFlankCheckRad "6"
      ai_coverFlankDistToCover "180"
      ai_coverFlankMaxAngle "70"
      ai_coverScore_coverType "2"
      ai_coverScore_distance "16"
      ai_coverScore_engagement "4"
      ai_coverScore_flanking "0"
      ai_coverScore_nodeAngle "4"
      ai_coverScore_playerLos "8"
      ai_coverScore_priority "8"
      ai_coverScore_targetDir "4"
      ai_coverScore_visibility "8"
      ai_debugAccuracy "0"
      ai_debugAnimDeltas "0"
      ai_debugAnimscript "0"
      ai_debugClaimedNodes "0"
      ai_debugCodeState "0"
      ai_debugCoverArrivals "0"
      ai_debugCoverArrivalsTool "0"
      ai_debugCoverArrivalsToolRadius "256"
      ai_debugCoverArrivalsToolShowNodes "0"
      ai_debugCoverArrivalsToolType "0"
      ai_debugCoverEntityNum "-1"
      ai_debugCoverSelection "0"
      ai_debugCoverTool "0"
      ai_debugCoverToolUpdatePos "1"
      ai_debugEntIndex "-1"
      ai_debugFindPath "0"
      ai_debugFindPathDirect "0"
      ai_debugFindPathLock "0"
      ai_debugFindPathWidth "0"
      ai_debugGrenadeFailSafe "0"
      ai_debugGrenadeHintArc "150"
      ai_debugMayMove "0"
      ai_debugMelee "0"
      ai_debugMeleeAttackSpots "0"
      ai_debugPlayerLOS "0"
      ai_debugThreatSelection "0"
      ai_disableSpawn "0"
      ai_enableBadPlaces "1"
      ai_eventDistBadPlace "256"
      ai_eventDistBullet "96"
      ai_eventDistBulletRunning "200"
      ai_eventDistDeath "1024"
      ai_eventDistExplosion "1024"
      ai_eventDistFootstep "512"
      ai_eventDistFootstepLite "256"
      ai_eventDistGrenadePing "512"
      ai_eventDistGunShot "2048"
      ai_eventDistNewEnemy "1024"
      ai_eventDistPain "512"
      ai_eventDistProjImpact "256"
      ai_eventDistProjPing "128"
      ai_eventDistReact "512"
      ai_eventDistSilencedShot "128"
      ai_exposedSet2Probability "70"
      ai_foliageSeeThroughDist "128"
      ai_friendlyFireBlockDuration "2000"
      ai_friendlySuppression "1"
      ai_friendlySuppressionDist "128"
      ai_maxAttackerCount "2"
      ai_meleeDamage "100"
      ai_meleeHeight "10"
      ai_meleeRange "64"
      ai_meleeWidth "20"
      ai_moveOrientMode "invalid"
      ai_noDodge "0"
      ai_noPathToEnemyGiveupTime "6000"
      ai_pathMomentum "0.78"
      ai_pathNegotiationOverlapCost "300"
      ai_playerADS_LOSRange "150"
      ai_playerADSTargetTime "10000"
      ai_playerFarAccuracy "0.1"
      ai_playerFarRange "2000"
      ai_playerLOSHalfWidth "15"
      ai_playerLOSMinTime "1500"
      ai_playerLOSRange "150"
      ai_playerNearAccuracy "0.5"
      ai_playerNearRange "800"
      ai_reactFeature "1"
      ai_runAnimUpdateFrequency "0.05"
      ai_showBadPlaces "0"
      ai_ShowCanSeeChecks "0"
      ai_ShowCanshootChecks "0"
      ai_showClaimedNode "0"
      ai_showCount "0"
      ai_showCoverScore "0"
      ai_showDodge "0"
      ai_showFriendlyChains "0"
      ai_showNearestNode "0"
      ai_showNodes "0"
      ai_showNodesDist "384"
      ai_showPaths "0"
      ai_showPotentialThreatDir "0"
      ai_showRegion "0"
      ai_showSuppression "-1"
      ai_showVisData "0"
      ai_showVisDataDist "1000"
      ai_showVolume "-1"
      ai_slowdownMaxYawDiff "90"
      ai_slowdownMinRate "1"
      ai_slowdownMinYawDiff "0"
      ai_slowdownRateBlendFactor "1"
      ai_threatUpdateInterval "500"
      ai_turnAnimAngleThreshold "50"
      ai_turnRate "220"
      ai_useBetterLookahead "1"
      ai_useCheapSight "0"
      ai_useFacingTranslation "0"
      ai_useLeanRunAnimations "1"
      ai_useServerAnims "0"
      ai_useServerAnimsEntity "-1"
      ai_water_trails "0"
      aim_automelee_lunge_only_forward "0"
      all_players_are_connected ""
      allow_zombies_german "0"
      allowHost_matchesHostedRatio "0"
      allowHost_matchesHostedStreak "0"
      allowHost_matchesPlayedRatio "0"
      allowHost_matchesPlayedStreak "0"
      ammoCounterHide "0"
      anim_disableWeaponSway "0"
      animated_trees_enabled "0"
      arcademode "0"
      arcademode_bonus_hardest2kill "1200"
      arcademode_bonus_mostheadshots "800"
      arcademode_bonus_mostrevives "1000"
      arcademode_ks_10 "3"
      arcademode_ks_2 "3"
      arcademode_ks_3 "3"
      arcademode_ks_4 "3"
      arcademode_ks_5 "3"
      arcademode_ks_6 "4"
      arcademode_ks_7 "4"
      arcademode_ks_8 "4"
      arcademode_ks_9 "3"
      arcademode_ks_maxtime "25"
      arcademode_ks_time_10 "20"
      arcademode_ks_time_2 "15"
      arcademode_ks_time_3 "15"
      arcademode_ks_time_4 "15"
      arcademode_ks_time_5 "20"
      arcademode_ks_time_6 "20"
      arcademode_ks_time_7 "20"
      arcademode_ks_time_8 "20"
      arcademode_ks_time_9 "20"
      arcademode_minimumAllowedPoints "-2000"
      arcademode_minimumAllowedSuicides "5"
      arcademode_minimumAllowedWarning "-1000"
      arcademode_score_assist "20"
      arcademode_score_banzai "150"
      arcademode_score_berserker "20"
      arcademode_score_body_armor "20"
      arcademode_score_bombplant "200"
      arcademode_score_dead_hands "20"
      arcademode_score_dirtyharry "10"
      arcademode_score_dog "90"
      arcademode_score_enemyexitingcar "80"
      arcademode_score_explodableitem "30"
      arcademode_score_explosion "10"
      arcademode_score_flak_jacket "10"
      arcademode_score_hard_headed "20"
      arcademode_score_hardcore "10"
      arcademode_score_headshot "60"
      arcademode_score_kill "50"
      arcademode_score_laststand "-110"
      arcademode_score_lowerbody "0"
      arcademode_score_melee "70"
      arcademode_score_morphine "10"
      arcademode_score_revive "100"
      arcademode_score_sticksstones "20"
      arcademode_score_suicide "-500"
      arcademode_score_tank "500"
      arcademode_score_tank_friendly "-50"
      arcademode_score_tankassist "100"
      arcademode_score_thunder "10"
      arcademode_score_treehugger "100"
      arcademode_score_upperbody "20"
      arcademode_score_vampire "10"
      arcademode_score_vehicle "30"
      arcademode_score_watertower "150"
      arcademode_score_zombie "10"
      band_12players "384000"
      band_18players "580000"
      band_2players "64000"
      band_4players "128000"
      band_6players "192000"
      band_8players "256000"
      band_demosystem "64000"
      bandwidth_retry_interval "180000"
      bg_ads "1"
      bg_aimSpreadMoveSpeedThreshold "11"
      bg_aqs "0"
      bg_aqsStyle "2"
      bg_blendTimeOverride "-1"
      bg_bobMax "8"
      bg_collectibles "0000000000000000000000000000000000000000000000000"
      bg_disableWeaponPlantingInWater "1"
      bg_drawGrenadeInHand "0"
      bg_fallDamageMaxHeight "350"
      bg_fallDamageMinHeight "128"
      bg_fixFramerateDependentPhysics "0"
      bg_foliagesnd_fastinterval "500"
      bg_foliagesnd_maxspeed "180"
      bg_foliagesnd_minspeed "40"
      bg_foliagesnd_resetinterval "500"
      bg_foliagesnd_slowinterval "1500"
      bg_forceDurationOverride "-1"
      bg_forceExplosiveBullets "0"
      bg_freeCamClipToHeliPatch "1"
      bg_gravity "800"
      bg_gunXOffset "0"
      bg_ladder_yawcap "100"
      bg_leanAmount "20"
      bg_legYawCrouchTolerance "40"
      bg_legYawProneTolerance "20"
      bg_legYawTolerance "40"
      bg_lowGravity "400"
      bg_maxGrenadeIndicatorSpeed "100"
      bg_maxWeaponAnimScale "0.66"
      bg_moonGravity "136"
      bg_plantInWaterDepth "5"
      bg_playStandToCrouchAnims "0"
      bg_prone_yawcap "85"
      bg_proneSwingSpeed "0.08"
      bg_shock_animation "0"
      bg_shock_lookControl "1"
      bg_shock_lookControl_fadeTime "2"
      bg_shock_lookControl_maxpitchspeed "90"
      bg_shock_lookControl_maxyawspeed "90"
      bg_shock_lookControl_mousesensitivityscale "0.5"
      bg_shock_movement "1"
      bg_shock_screenBlurBlendFadeTime "1"
      bg_shock_screenBlurBlendTime "0.4"
      bg_shock_screenFlashShotFadeTime "0"
      bg_shock_screenFlashWhiteFadeTime "0"
      bg_shock_screenType "blurred"
      bg_shock_sound "1"
      bg_shock_soundDryLevel "1"
      bg_shock_soundEnd "shellshock_end"
      bg_shock_soundEndAbort "shellshock_end_abort"
      bg_shock_soundFadeInTime "0.25"
      bg_shock_soundFadeOutTime "2.5"
      bg_shock_soundLoop "shellshock_loop"
      bg_shock_soundLoopEndDelay "-3"
      bg_shock_soundLoopFadeTime "1.5"
      bg_shock_soundLoopSilent "shellshock_loop_silent"
      bg_shock_soundModEndDelay "2"
      bg_shock_soundRoomType "default"
      bg_shock_soundSnapshot "default"
      bg_shock_soundWetLevel "0.5"
      bg_shock_viewKickFadeTime "3"
      bg_shock_viewKickPeriod "0.75"
      bg_shock_viewKickRadius "0.05"
      bg_shock_visionset_inTime "0"
      bg_shock_visionset_name ""
      bg_shock_visionset_outTime "0"
      bg_slopeFrames "10"
      bg_swingSpeed "0.15"
      bg_viewBobAmplitudeBase "0.16"
      bg_viewBobAmplitudeDtp "0.002 0.002"
      bg_viewBobAmplitudeDucked "0.0075 0.0075"
      bg_viewBobAmplitudeDuckedAds "0.0075 0.0075"
      bg_viewBobAmplitudeProne "0.08 0.04"
      bg_viewBobAmplitudeRoll "1.5"
      bg_viewBobAmplitudeSprinting "0.02 0.014"
      bg_viewBobAmplitudeStanding "0.007 0.007"
      bg_viewBobAmplitudeStandingAds "0.007 0.007"
      bg_viewBobAmplitudeSwimming "3 2"
      bg_viewKickMax "90"
      bg_viewKickMin "0.5"
      bg_viewKickRandom "0.4"
      bg_viewKickScale "0.2"
      bg_vsmode_hud "0"
      bg_weaponBobAmplitudeBase "0.16"
      bg_weaponBobAmplitudeDtp "0.002 0.002"
      bg_weaponBobAmplitudeDucked "0.045 0.025"
      bg_weaponBobAmplitudeProne "0.02 0.005"
      bg_weaponBobAmplitudeRoll "1.5"
      bg_weaponBobAmplitudeSprinting "0.02 0.014"
      bg_weaponBobAmplitudeStanding "0.055 0.025"
      bg_weaponBobAmplitudeSwimming "4 4"
      bg_weaponBobFrequencySwimming "0.1"
      bg_weaponBobHeavyWeaponScalar "1.5"
      bg_weaponBobLag "0.25"
      bg_weaponBobMax "8"
      bg_weaponForcedLowMaxAngles "0 0 0"
      bg_weaponForcedLowMaxAnglesPistolsOffset "0 0 0"
      bg_weaponForcedLowOffset "3 -2 -2"
      bg_weaponForcedLowPistolsOffset "3 -2 -2"
      bg_weaponleftbone "tag_weapon_left"
      bg_weaponrightbone "tag_weapon_right"
      blackopsmode "0"
      blurpain "on"
      bullet_multikill_shots "2"
      bullet_penetration_affected_by_team "1"
      bullet_penetrationEnabled "1"
      bullet_penetrationMinFxDist "30"
      bulletrange "8192"
      category "0"
      categoryPlaylist "0"
      cg_actorBurnTransitionTime "3.5"
      cg_adsZoomToggleStyle "1"
      cg_adsZScaleMax "1.25"
      cg_aggressiveCullRadius "0"
      cg_aimAssistEnabled "1"
      cg_allow_mature "1"
      cg_allowActorLookAtEntity "1"
      cg_animdumpEnt "-1"
      cg_animInfoCornerOffset "0 0"
      cg_blood "1"
      cg_bloodLimit "0"
      cg_bloodLimitMsec "330"
      cg_bobWeaponAmplitude "0.16"
      cg_bobWeaponLag "0.25"
      cg_bobWeaponMax "10"
      cg_bobWeaponRollAmplitude "1.5"
      cg_brass "1"
      cg_bulletlength "80"
      cg_bulletwidth "2"
      cg_cameraUseTagCamera "1"
      cg_cameraVehicleExitTweenTime "0.4"
      cg_cameraWaterClip "4.5"
      cg_centertime "5"
      cg_chatHeight "5"
      cg_chatTime "12000"
      cg_cinematicFullscreen "1"
      cg_connectionIconSize "0"
      cg_constantSizeHeadIcons "0"
      cg_corpseHighlightFadeTime "2"
      cg_crosshairAlpha "1"
      cg_crosshairAlphaMin "0.5"
      cg_crosshairDynamic "0"
      cg_crosshairEnemyColor "1"
      cg_cursorHints "4"
      cg_deathScreenFadeInTime "2"
      cg_deathScreenFadeOutTime "0.5"
      cg_debug_overlay_viewport "0"
      cg_debug_triggers "0"
      cg_debugAnimData "0"
      cg_debugAnimSetup "0"
      cg_debugDrawEllipses "0"
      cg_debugDrawSafeAreas "0"
      cg_debugEllipsesOffset "90"
      cg_debugevents "0"
      cg_debugInfoCornerOffset "0 16"
      cg_debugMounting "0"
      cg_debugposition "0"
      cg_defaultFadeScreenColor "0 0 0 1"
      cg_defensive_anim_delay "1"
      cg_descriptiveText "1"
      cg_development "0"
      cg_dissolveTransitionTime "0.625"
      cg_dof_useDefaultForVehicle "1"
      cg_draw2D "1"
      cg_drawAnimInfo "0"
      cg_drawBreathHint "1"
      cg_drawChecksums "0"
      cg_drawCrosshair "1"
      cg_drawCrosshair3D "1"
      cg_drawCrosshairNames "1"
      cg_drawCrosshairNamesPosX "300"
      cg_drawCrosshairNamesPosY "180"
      cg_drawDisconnect "1"
      cg_drawEntityUsage "0"
      cg_drawEventUsage "0"
      cg_drawFPS "Off"
      cg_drawFPSLabels "1"
      cg_drawFPSScale "0"
      cg_drawFriendlyFireCrosshair "0"
      cg_drawFriendlyNames "1"
      cg_drawGun "1"
      cg_drawHealth "0"
      cg_drawHUD "1"
      cg_drawIdentifier "0"
      cg_drawLagometer "0"
      cg_drawMantleHint "1"
      cg_drawMaterial "Off"
      cg_drawMemUsage "0"
      cg_drawModelAxis "-1"
      cg_drawOverheadNames "1"
      cg_drawpaused "1"
      cg_drawPerformanceWarnings "1"
      cg_drawReset "0"
      cg_drawScriptUsage "0"
      cg_drawShellshock "1"
      cg_drawSnapshot "0"
      cg_drawSnapshotTime "1"
      cg_drawSpectatorMessages "0"
      cg_drawStringUsage "0"
      cg_drawThroughWalls "0"
      cg_drawTurretCrosshair "1"
      cg_drawVelocity "0"
      cg_drawVersion "0"
      cg_drawVersionX "50"
      cg_drawVersionY "18"
      cg_drawViewAngles "0"
      cg_drawWeaponHeatVertical "0"
      cg_drawZmOverheadRank "0"
      cg_drawZombieTotal "0"
      cg_dumpAnims "-1"
      cg_enemyNameFadeIn "250"
      cg_enemyNameFadeOut "250"
      cg_errordecay "100"
      cg_fakefireWizbyChance "0.2"
      cg_firstPersonTracerChance "0"
      cg_flareVisionSetFadeDuration "2000"
      cg_flashScriptHashes "0"
      cg_footprints "1"
      cg_footprintsDebug "0"
      cg_footprintsDistortWater "0"
      cg_footsteps "1"
      cg_forceSniperBobHack "0"
      cg_fov "65"
      cg_fov_default "65"
      cg_fov_default_thirdperson "40"
      cg_fovCompMax "85"
      cg_fovExtraCam "65"
      cg_fovMin "10"
      cg_fovScale "1"
      cg_friendlyNameFadeIn "0"
      cg_friendlyNameFadeOut "1500"
      cg_fuelHudVersion "1"
      cg_gameBoldMessageWidth "390"
      cg_gameMessageWidth "455"
      cg_GuidedMissileHighlightTargetSize "750"
      cg_gun_fovcomp_x "-2"
      cg_gun_fovcomp_y "0"
      cg_gun_fovcomp_z "0"
      cg_gun_move_f "0"
      cg_gun_move_minspeed "0"
      cg_gun_move_r "0"
      cg_gun_move_rate "0"
      cg_gun_move_u "0"
      cg_gun_ofs_f "0"
      cg_gun_ofs_r "0"
      cg_gun_ofs_u "0"
      cg_gun_rot_minspeed "0"
      cg_gun_rot_p "0"
      cg_gun_rot_r "0"
      cg_gun_rot_rate "0"
      cg_gun_rot_y "0"
      cg_gun_x "0"
      cg_gun_y "0"
      cg_gun_z "0"
      cg_headIconMinScreenRadius "0.02"
      cg_hideWeaponHeat "0"
      cg_hintFadeTime "100"
      cg_hudBottomSemimajor "300"
      cg_hudBottomSemiminor "150"
      cg_hudChatPosition "5 200"
      cg_hudDamageIconHeight "64"
      cg_hudDamageIconInScope "0"
      cg_hudDamageIconOffset "128"
      cg_hudDamageIconTime "2000"
      cg_hudDamageIconWidth "128"
      cg_hudFriendlyIndicatorHeight "24"
      cg_hudFriendlyIndicatorWidth "24"
      cg_hudGrenadeIconEnabledFlash "0"
      cg_hudGrenadeIconHeight "25"
      cg_hudGrenadeIconInScope "1"
      cg_hudGrenadeIconMaxHeight "104"
      cg_hudGrenadeIconMaxRangeFlash "500"
      cg_hudGrenadeIconMaxRangeFrag "250"
      cg_hudGrenadeIconOffset "50"
      cg_hudGrenadeIconShowFriendly "1"
      cg_hudGrenadeIconWidth "25"
      cg_hudGrenadeIndicatorFadeUp "1"
      cg_hudGrenadeIndicatorStartColor "1 1 1 1"
      cg_hudGrenadeIndicatorTargetColor "1 1 1 1"
      cg_hudGrenadePointerHeight "12"
      cg_hudGrenadePointerPivot "12 27"
      cg_hudGrenadePointerPulseFreq "1.7"
      cg_hudGrenadePointerPulseMax "1.85"
      cg_hudGrenadePointerPulseMin "0.3"
      cg_hudGrenadePointerWidth "25"
      cg_hudMapBorderWidth "2"
      cg_hudMapFriendlyHeight "15"
      cg_hudMapFriendlyWidth "15"
      cg_hudMapPlayerHeight "20"
      cg_hudMapPlayerWidth "20"
      cg_hudMapRadarLineThickness "0.15"
      cg_hudProneY "-160"
      cg_hudSayPosition "5 180"
      cg_hudStanceFlash "1 1 1 1"
      cg_hudStanceHintPrints "0"
      cg_hudTopSemimajor "400"
      cg_hudTopSemiminor "220"
      cg_infraredBlurTime "250"
      cg_infraredHighlightOffset "0.5"
      cg_infraredHighlightScale "200"
      cg_invalidCmdHintBlinkInterval "600"
      cg_invalidCmdHintDuration "1800"
      cg_laserEndOffset "0.5"
      cg_laserFlarePct "0.2"
      cg_laserForceOn "0"
      cg_laserLight "1"
      cg_laserLightBeginOffset "13"
      cg_laserLightBodyTweak "15"
      cg_laserLightEndOffset "-3"
      cg_laserLightRadius "3"
      cg_laserRadius "0.8"
      cg_laserRange "1500"
      cg_laserRangePlayer "1500"
      cg_mapLocationSelectionCursorSpeed "0.6"
      cg_mapLocationSelectionRotationSpeed "3"
      cg_marks_ents_player_only "0"
      cg_marqueeTimeScale "30"
      cg_mature "1"
      cg_MaxDownedPulseRate "2"
      cg_MinDownedPulseRate "0.5"
      cg_motionblur_duration "2500"
      cg_motionblur_fadeout "500"
      cg_nopredict "0"
      cg_objectiveIndicatorColor "1 0.94 0 1"
      cg_objectiveIndicatorFarDist "512"
      cg_objectiveIndicatorFarFadeDist "8192"
      cg_objectiveIndicatorFarScale "0.5"
      cg_objectiveIndicatorNearDist "256"
      cg_objectiveIndicatorNearFadeDist "256"
      cg_objectiveIndicatorSize "0.8"
      cg_objectiveListWrapCountStandard "600"
      cg_objectiveListWrapCountWidescreen "530"
      cg_overheadIconSize "0.9"
      cg_overheadNamesFarDist "512"
      cg_overheadNamesFarScale "0.7"
      cg_overheadNamesFont "2"
      cg_overheadNamesGlow "0 0 0 1"
      cg_overheadNamesMaxDist "10000"
      cg_overheadNamesNearDist "64"
      cg_overheadNamesSize "0.8"
      cg_overheadRankSize "0.7"
      cg_playerFrustumHalfHeight "36"
      cg_playersInViewMinDot "0.98"
      cg_playerState "0"
      cg_predictItems "1"
      cg_readTitleStorageLocally "0"
      cg_scoreboardBannerHeight "35"
      cg_scoreboardFont "3"
      cg_scoreboardForceArcade "0"
      cg_scoreboardHeaderFontScale "0.315"
      cg_scoreboardHeight "330"
      cg_scoreboardItemHeight "18"
      cg_scoreboardMyColor "1 0.8 0.4 1"
      cg_scoreboardPingGraph "0"
      cg_scoreboardPingHeight "0.7"
      cg_scoreboardPingText "1"
      cg_scoreboardPingWidth "0.036"
      cg_scoreboardRankFontScale "0.26"
      cg_scoreboardScrollStep "3"
      cg_scoreboardSplitscreenWidth "700"
      cg_scoreboardTextOffset "0.62"
      cg_scoreboardWidth "500"
      cg_ScoresColor_Gamertag_0 "1 1 1 0"
      cg_ScoresColor_Gamertag_1 "0.486275 0.811765 0.933333 0"
      cg_ScoresColor_Gamertag_2 "0.964706 0.792157 0.313726 0"
      cg_ScoresColor_Gamertag_3 "0.513726 0.92549 0.533333 0"
      cg_ScoresColor_Player "0.760784 0.780392 0.101961 1"
      cg_ScoresColor_Player_0 "0.0235294 0.168627 0.203922 0"
      cg_ScoresColor_Player_1 "0.447059 0.380392 0.2 0"
      cg_ScoresColor_Player_2 "0.0235294 0.172549 0.113725 0"
      cg_ScoresColor_Player_3 "0.196078 0.0588235 0.0470588 0"
      cg_ScoresColor_Transparency "0.35"
      cg_ScoresColor_TransparencyZombie "0.8"
      cg_ScoresColor_Zombie "0.423529 0.00392157 0 0"
      cg_ScoresPing_BgColor "0.25098 0.25098 0.25098 0.501961"
      cg_ScoresPing_HighColor "0.8 0 0 1"
      cg_ScoresPing_Interval "100"
      cg_ScoresPing_LowColor "0 0.74902 0 1"
      cg_ScoresPing_MaxBars "4"
      cg_ScoresPing_MedColor "0.8 0.8 0 1"
      cg_scriptIconSize "0"
      cg_showmiss "0"
      cg_showZombieControls "0"
      cg_showZombieMap "1"
      cg_small_dev_string_fontscale "1"
      cg_spectateThirdPerson "0"
      cg_subtitleMinTime "3"
      cg_subtitles "0"
      cg_subtitleWidthStandard "360"
      cg_subtitleWidthWidescreen "520"
      cg_teamChatsOnly "0"
      cg_thirdPerson "0"
      cg_thirdPersonAngle "0"
      cg_thirdPersonFocusDist "512"
      cg_thirdPersonMode "Fixed"
      cg_thirdPersonRange "120"
      cg_timedDamageDuration "500"
      cg_tracerchance "0.2"
      cg_tracerlength "100"
      cg_tracerNoDrawTime "0"
      cg_tracerScale "1"
      cg_tracerScaleDistRange "25000"
      cg_tracerScaleMinDist "5000"
      cg_tracerScrewDist "100"
      cg_tracerScrewRadius "0.15"
      cg_tracerSpeed "7500"
      cg_tracerwidth "3"
      cg_treadmarks "0"
      cg_ufo_scaler "6"
      cg_useWeaponBasedVariableZoom "0"
      cg_useWeaponSwitchReloadCancel "1"
      cg_usingClientScripts "1"
      cg_viewVehicleInfluenceGunner "1 1 1"
      cg_viewVehicleInfluenceGunnerFiring "0 0 0"
      cg_viewZSmoothingMax "16"
      cg_viewZSmoothingMin "1"
      cg_viewZSmoothingTime "0.1"
      cg_visionSetLerpMaxDecreasePerFrame "0.01"
      cg_visionSetLerpMaxIncreasePerFrame "0.02"
      cg_voiceIconSize "0"
      cg_watersheeting "1"
      cg_waterTrailRipple "1"
      cg_waterTrailRippleFrequency "600"
      cg_waterTrailRippleVariance "500"
      cg_weaponCycleDelay "0"
      cg_weaponHintsCoD1Style "1"
      cg_youInKillCamSize "6"
      cl_allowDownload "1"
      cl_analog_attack_threshold "0.8"
      cl_anglespeedkey "1.5"
      cl_autodemorecord "0"
      cl_avidemo "0"
      cl_bypassMouseInput "0"
      cl_connectionAttempts "100"
      cl_connectTimeout "200"
      cl_dblTapMaxDelayTime "500"
      cl_dblTapMaxHoldTime "500"
      cl_demoFFSpeed "0"
      cl_demoLiveStreaming "0"
      cl_demoSkipToTime "0"
      cl_dtpHoldTime "200"
      cl_enableStreamerMode "0"
      cl_fix_25day_blackscreen "1"
      cl_forceavidemo "0"
      cl_freelook "1"
      cl_freemoveScale "0.25"
      cl_freezeDemo "0"
      cl_hudDrawsBehindUI "1"
      cl_ingame "0"
      cl_inputTimeScaleFrac "0"
      cl_jumpDemoTime "0"
      cl_maxpackets "30"
      cl_maxPing "800"
      cl_motdString ""
      cl_mouseAccel "0"
      cl_network_warning "0"
      cl_nodelta "0"
      cl_noprint "0"
      cl_packetdup "1"
      cl_paused "0"
      cl_pauseDemo "0"
      cl_pitchspeed "140"
      cl_preventTvGuidedSpin "1"
      cl_punkbuster "0"
      cl_scoreDraw "1"
      cl_serverStatusResendTime "750"
      cl_showmouserate "0"
      cl_shownet "0"
      cl_shownuments "0"
      cl_showSend "0"
      cl_showServerCommands "0"
      cl_showTimeDelta "0"
      cl_stanceHoldTime "300"
      cl_talking "0"
      cl_timeout "30"
      cl_viewport_lerptime "0.15"
      cl_voice "1"
      cl_wadefps "0"
      cl_yawspeed "140"
      clancard_clanid "0"
      clanMessageLastFetchTime "0"
      clanName ""
      codMessageLastFetchTime "0"
      collectors "0"
      com_animCheck "0"
      com_busyWait "0"
      com_desiredMenu "0"
      com_filter_output "0"
      com_first_time "0"
      com_first_time_pc "1"
      com_freemoveScale "1"
      com_introPlayed "0"
      com_loadRawStringtables "0"
      com_maxclients "4"
      com_maxfps "85"
      com_maxFrameTime "100"
      com_movieIsPlaying "0"
      com_recommendedSet "1"
      com_startupIntroPlayed "1"
      com_statmon "0"
      com_timescale "1"
      com_useRawUDP "1"
      com_voip_bandwidth_restricted "1"
      com_voip_disable_threshold "1200"
      com_voip_resume_time "0"
      compass "1"
      compassClampIcons "1"
      compassCoords "740 3590 400"
      compassECoordCutoff "37"
      compassEnemyFootstepEnabled "0"
      compassEnemyFootstepMaxRange "500"
      compassEnemyFootstepMaxZ "100"
      compassEnemyFootstepMinSpeed "140"
      compassForcePlayerIcon "0"
      compassFriendlyHeight "10"
      compassFriendlyWidth "10"
      compassGridAlign "0"
      compassGridCols "5"
      compassGridEnabled "1"
      compassGridRows "5"
      compassIconOtherVehHeight "40"
      compassIconOtherVehWidth "40"
      compassIconTankHeight "25"
      compassIconTankWidth "25"
      compassLocalRadarRadius "700"
      compassLocalRadarUpdateTime "2.25"
      compassMaxRange "3500"
      compassMinRadius "0.0001"
      compassMinRange "0.0001"
      compassObjectiveArrowHeight "20"
      compassObjectiveArrowOffset "2"
      compassObjectiveArrowRotateDist "5"
      compassObjectiveArrowWidth "20"
      compassObjectiveDetailDist "10"
      compassObjectiveDrawLines "1"
      compassObjectiveHeight "20"
      compassObjectiveIconHeight "32"
      compassObjectiveIconHeightZombie "16"
      compassObjectiveIconWidth "32"
      compassObjectiveIconWidthZombie "16"
      compassObjectiveMaxHeight "70"
      compassObjectiveMaxRange "2048"
      compassObjectiveMinAlpha "1"
      compassObjectiveMinDistRange "2"
      compassObjectiveMinHeight "-70"
      compassObjectiveNearbyDist "8"
      compassObjectiveNumRings "10"
      compassObjectiveRingSize "80"
      compassObjectiveRingTime "10000"
      compassObjectiveTextHeight "18"
      compassObjectiveTextScale "0.3"
      compassObjectiveWidth "20"
      compassPartialType "0"
      compassPlayerHeight "25"
      compassPlayerWidth "25"
      compassRadarLineThickness "0.4"
      compassRadarPingFadeTime "4"
      compassRadarUpdateFastTime "2"
      compassRadarUpdateTime "4"
      compassRotation "1"
      compassSatellitePingFadeTime "10"
      compassSatelliteScanTime "1000"
      compassSatelliteStaticImageFadeTime "0"
      compassScaleDiff "0"
      compassScaleDuration "0"
      compassScaleReset "0"
      compassScaleTimer "0"
      compassShowEnemies "1"
      compassSize "1"
      compassSoundPingFadeTime "2"
      compassSpectatorsSeeEnemies "0"
      compassStaticImageUpdateTime "5000"
      compassTickertapeStretch "0.5"
      con_default_console_filter "*"
      con_displayRconOutput "0"
      con_errormessagetime "8"
      con_gameMsgWindow0FadeInTime "0.25"
      con_gameMsgWindow0FadeOutTime "0.5"
      con_gameMsgWindow0Filter "gamenotify obituary"
      con_gameMsgWindow0LineCount "6"
      con_gameMsgWindow0MsgTime "5"
      con_gameMsgWindow0ScrollTime "0.25"
      con_gameMsgWindow0SplitscreenScale "1.5"
      con_gameMsgWindow1FadeInTime "0.25"
      con_gameMsgWindow1FadeOutTime "0.01"
      con_gameMsgWindow1Filter "boldgame"
      con_gameMsgWindow1LineCount "6"
      con_gameMsgWindow1MsgTime "8"
      con_gameMsgWindow1ScrollTime "0.25"
      con_gameMsgWindow1SplitscreenScale "1.5"
      con_gameMsgWindow2FadeInTime "0.75"
      con_gameMsgWindow2FadeOutTime "0.5"
      con_gameMsgWindow2Filter "subtitle"
      con_gameMsgWindow2LineCount "7"
      con_gameMsgWindow2MsgTime "5"
      con_gameMsgWindow2ScrollTime "0.25"
      con_gameMsgWindow2SplitscreenScale "1.5"
      con_gameMsgWindow3FadeInTime "0.25"
      con_gameMsgWindow3FadeOutTime "0.5"
      con_gameMsgWindow3Filter "coopinfo"
      con_gameMsgWindow3LineCount "6"
      con_gameMsgWindow3MsgTime "5"
      con_gameMsgWindow3ScrollTime "0.25"
      con_gameMsgWindow3SplitscreenScale "1.5"
      con_inputBoxColor "0.25 0.25 0.2 1"
      con_inputHintBoxColor "0.4 0.4 0.35 1"
      con_matchPrefixOnly "1"
      con_minicon "0"
      con_miniconlines "5"
      con_minicontime "4"
      con_outputBarColor "1 1 0.95 0.6"
      con_outputSliderColor "0.15 0.15 0.1 0.6"
      con_outputWindowColor "0.35 0.35 0.3 0.75"
      con_typewriterColorBase "1 1 1"
      con_typewriterColorGlowCheckpoint "0.6 0.5 0.6 1"
      con_typewriterColorGlowCompleted "0 0.3 0.8 1"
      con_typewriterColorGlowFailed "0.8 0 0 1"
      con_typewriterColorGlowUpdated "0 0.6 0.18 1"
      con_typewriterDecayDuration "1000"
      con_typewriterDecayStartTime "4000"
      con_typewriterEnabledSounds "0"
      con_typewriterPrintSpeed "40"
      counterDownloadInterval "15"
      counterUploadInterval "15"
      createpublicserver "0"
      credits_frommenu "0"
      credits_load "0"
      crossbow_impaleAdditionalRagdollTime "8"
      crossbow_impaleGravityRampTime "0.5"
      crossbow_impaleGravityScale "0.05"
      crossbow_impaleProjectileSlowdown "0.017"
      crossbow_impaleSlideSpeed "10"
      crossbow_impaleSlideTime "1"
      crossbow_impaleStuckTime "3"
      currentDifficulty ""
      customclass1 "CUSTOM 1"
      customclass2 "CUSTOM 2"
      customclass3 "CUSTOM 3"
      customclass4 "CUSTOM 4"
      customclass5 "CUSTOM 5"
      ddl_verbose "0"
      debug_ai_supplement "0"
      debug_rope "0"
      debug_start ""
      debug_trace "0"
      debug_triggers "0"
      debugCurves "0"
      DebugFireManager "0"
      debugRenderBrushes "0"
      debugRenderBulletMeshes "0"
      debugRenderCollisionDistance "800"
      debugRenderColoredPatches "0"
      debugRenderEntityBrushes "0"
      debugRenderGjkTraceGeom "0"
      debugRenderMask "All"
      debugRenderPatches "0"
      debugRenderPlayerCollision "0"
      debugRenderStaticModelsBounds "0"
      debugStats "1"
      dec20_Enabled "0"
      dedicated "dedicated internet server"
      defaultDamageDuration "300"
      defaultDamageInterval "300"
      defaultHitDamage "5"
      developer "0"
      developer_script "0"
      disableHost_matchesHostedRatio "0"
      disableHost_matchesHostedStreak "0"
      disableHost_matchesPlayedRatio "0"
      disableHost_matchesPlayedStreak "0"
      disconnected_ctrls ""
      dive2swim "200"
      dive_recharge "1000"
      dlc1 "1"
      dlc2 "1"
      dlc3 "1"
      dlc4 "1"
      dlc5 "1"
      dog_MeleeDamage "150"
      dog_turn180_angle "135"
      dog_turn90_angle "70"
      dog_turn_min_goal_dist "40"
      door_breach_weapondrop "1"
      doublesided_raycasts "0"
      drew_notes "4"
      dtp "1"
      dtp_exhaustion_window "1500"
      dtp_fall_damage_max_height "200"
      dtp_fall_damage_min_height "65"
      dtp_max_apex_duration "400"
      dtp_max_slide_addition "0"
      dtp_max_slide_duration "300"
      dtp_min_speed "3.16"
      dtp_new_trajectory "1"
      dtp_new_trajectory_multiplier "2"
      dtp_post_move_pause "100"
      dtp_startup_delay "250"
      dump_assets "0"
      dumpStaticModels "0"
      dw_active "1"
      dw_dupe_key "0"
      dw_loggedin "1"
      dw_numaccounts "-1"
      dw_party_active "1"
      dw_popup ""
      dw_user0 ""
      dw_user1 ""
      dw_user2 ""
      dw_user3 ""
      dw_user4 ""
      dwFileFetchTryIntervalBase "2"
      dwFileFetchTryIntervalMax "30"
      dwFileFetchTryMaxAttempts "30"
      dynEnt_bulletForce "800"
      dynEnt_damageRadiusScale "1"
      dynEnt_explodeForce "12500"
      dynEnt_explodeMaxEnts "20"
      dynEnt_explodeMinForce "40"
      dynEnt_explodeSpinScale "4"
      dynEnt_explodeUpbias "0.5"
      dynEnt_sentientAutoActivate "1"
      dynEnt_spawnedLimit "50"
      dynEntPieces_angularVelocity "0 0 0"
      dynEntPieces_impactForce "1000"
      dynEntPieces_velocity "0 0 0"
      emblem_scroll_delay_first "150"
      emblem_scroll_delay_rest "50"
      enable_global_wind "1"
      enable_grass_wind "1"
      enable_moving_paths "1"
      enable_new_prone_check "1"
      eventMessageLastFetchTime "0"
      facepaintLodDist "1250"
      factoryAftereffectOverride "-1"
      fire_audio_random_max_duration "1000"
      fire_audio_repeat_duration "1500"
      fire_burn_time "3000"
      fire_world_damage "5"
      fire_world_damage_duration "5"
      fire_world_damage_rate "1"
      fix_mouse_lag "0"
      fixedtime "0"
      flame_config_valid "0"
      flame_debug_render "0"
      flame_kick_offset "-2 0 -0.5"
      flame_kick_recover_speed "4"
      flame_kick_speed "4"
      flame_render "1"
      flame_team_damage "0"
      flame_test "0"
      flame_use_dvars "0"
      flameVar_editingFlameTable "none"
      flameVar_lastFlameTable "none"
      flareDisableEffects "0"
      footstep_sounds_cutoff "1000"
      friction "5.5"
      friendlyNameFontColor "0.9 1 0.9 0.7"
      friendlyNameFontGlowColor "0 0.3 0 1"
      friendlyNameFontObjective "1"
      friendlyNameFontSize "0.3"
      friendlyNameSplitScreenFontSize "0.4"
      fs_basegame ""
      fs_basepath "C:\T5Server"
      fs_cdpath ""
      fs_copyfiles "0"
      fs_debug "0"
      fs_game "mods/BO1_more_perks_and_weapons"
      fs_homepath "C:\Users\ThiccBoi\AppData\Local\Plutonium\storage\t5"
      fs_ignoreLocalized "0"
      fs_restrict "0"
      fs_usedevdir "0"
      fs_userDocuments "\Activision\CoD"
      fs_usermapdir ""
      fx_marks "1"
      fxfrustumCutoff "1000"
      g_ai "1"
      g_aiEventDump "-1"
      g_allowvote "1"
      g_antilag "1"
      g_banIPs ""
      g_banzai_flank_attack "0"
      g_banzai_max_target_distance "1000"
      g_banzai_player_fov_buffer "0.2"
      g_changelevel_time "0"
      g_clonePlayerMaxVelocity "80"
      g_compassShowEnemies "0"
      g_connectpaths "0"
      g_console_log "console.log"
      g_console_log_count "10"
      g_console_log_rolling_archival "1"
      g_deadChat "0"
      g_deathDelay "4000"
      g_debugaccuracy "0"
      g_debugBullets "0"
      g_debugDamage "0"
      g_debugLocDamage "0"
      g_debugLocDamageEntity "-1"
      g_debugLocHit "0"
      g_debugLocHitTime "500"
      g_drawEntBBoxes "0"
      g_drawGrenadeHints "0"
      g_dropForwardSpeed "10"
      g_dropHorzSpeedRand "100"
      g_dropUpSpeedBase "10"
      g_dropUpSpeedRand "5"
      g_dumpAnims "-1"
      g_dumpAnimsCommands "-1"
      g_dumpAnimsNetwork "-1"
      g_dumpAnimsReduceSpam "0"
      g_earthquakeEnable "1"
      g_enteqDelay "150"
      g_enteqDist "4000"
      g_enteqEnable "0"
      g_entinfo "off"
      g_entinfo_AItext "brief"
      g_entinfo_maxdist "2048"
      g_entinfo_scale "1"
      g_entinfo_type "AI only"
      g_fix_entity_leaks "1"
      g_fix_event_fails "0"
      g_fix_health_sets_max "0"
      g_fix_tesla_bug "0"
      g_fix_viewkick_dupe "0"
      g_fixBulletDamageDupe "0"
      g_force_no_dummy_save "0"
      g_friendlyfireDist "175"
      g_friendlyNameDist "15000"
      g_gameskill "1"
      g_gametype "zom"
      g_inactivity "190"
      g_knockback "1000"
      g_listEntity "0"
      g_loadScripts "1"
      g_log "logs\games_sp.log"
      g_logSync "1"
      g_mantleBlockTimeBuffer "500"
      g_maxDroppedWeapons "16"
      g_minGrenadeDamageSpeed "400"
      g_motd ""
      g_no_script_spam "0"
      g_oldAnimCmdNetwork "0"
      g_oldVoting "1"
      g_password ""
      g_patchRocketJumps "1"
      g_player_maxhealth "100"
      g_playerCollision "everybody"
      g_playerCollisionEjectSpeed "25"
      g_playerEjection "nobody"
      g_playerRespawnTime "0"
      g_playerTrailTime "500"
      g_print_entity_leaks "0"
      g_randomSeed "0"
      g_redCrosshairs "1"
      g_reloading "0"
      g_remove_lean_headhitent "0"
      g_ScoresColor_Allies "0.0901961 0.458824 0.0705882 1"
      g_ScoresColor_Axis "0.690196 0.0705882 0.0509804 1"
      g_ScoresColor_EnemyTeam "0.690196 0.0705882 0.0509804 1"
      g_ScoresColor_Free "0.760784 0.780392 0.101961 1"
      g_ScoresColor_MyTeam "0.25098 0.721569 0.25098 1"
      g_ScoresColor_Spectator "0.25098 0.25098 0.25098 1"
      g_smoothClients "1"
      g_sp_fix_damage_overflow "0"
      g_spawnai "1"
      g_speed "190"
      g_synchronousClients "0"
      g_TeamColor_Allies "0.6 0.639216 0.690196 1"
      g_TeamColor_Axis "0.65098 0.568627 0.411765 1"
      g_TeamColor_EnemyTeam "1 0.313726 0.34902 1"
      g_TeamColor_EnemyTeamAlt "1 0.501961 0 1"
      g_TeamColor_Free "0.74902 0.25098 0.25098 1"
      g_TeamColor_MyTeam "0.4 0.701961 0.4 1"
      g_TeamColor_MyTeamAlt "0.34902 1 1 1"
      g_TeamColor_Spectator "0.25098 0.25098 0.25098 1"
      g_TeamName_Allies "GAME_ALLIES"
      g_TeamName_Axis "GAME_AXIS"
      g_useGear "0"
      g_useholdspawndelay "1"
      g_useholdtime "250"
      g_vehicleDebug "0"
      g_vehicleDrawPath ""
      g_vehiclePlaneCurveTime "1.5"
      g_voiceChatTalkingDuration "500"
      g_voteAbstainWeight "0.5"
      gamedate "Aug 25 2026"
      gamename "PT5SP"
      geographicalMatchmaking "0"
      glassCrackedDamageRateRange "1 10"
      glassDamageMultiplier "0.4"
      gpad_button_deadzone "0.13"
      gpad_button_lstick_deflect_max "1"
      gpad_button_rstick_deflect_max "1"
      gpad_buttonsConfig "buttons_default"
      gpad_debug "0"
      gpad_enabled "0"
      gpad_menu_scroll_delay_first "420"
      gpad_menu_scroll_delay_rest "210"
      gpad_present "0"
      gpad_rumble "1"
      gpad_stick_deadzone_max "0.01"
      gpad_stick_deadzone_min "0.2"
      gpad_stick_pressed "0.4"
      gpad_stick_pressed_hysteresis "0.1"
      gpad_sticksConfig "thumbstick_default"
      grenadeBounceRestitutionMax "0.3"
      grenadeBumpFreq "0.3"
      grenadeBumpMag "0.4"
      grenadeBumpMax "100"
      grenadeCurveMax "4"
      grenadeFrictionHigh "0.4"
      grenadeFrictionLow "0.01"
      grenadeFrictionMaxThresh "100"
      grenadeRestThreshold "20"
      grenadeRollingEnabled "1"
      grenadeWobbleFreq "0.08"
      grenadeWobbleFwdMag "10"
      grenadeWobbleSideDamp "0.01"
      grenadeWobbleSideMag "1"
      groupDownloadInterval "900"
      groupUploadInterval "300"
      heatMapLoadDelay "2000"
      hiDef "1"
      highlightedPlayerClanTag ""
      highlightedPlayerName ""
      highlightedPlayerXuid ""
      hostileNameFontColor "1 0.9 0.9 0.7"
      hostileNameFontGlowColor "0.6 0 0 1"
      hot_joinAllowed "0"
      hud_drawHUD "1"
      hud_enable "1"
      hud_flash_period_offhand "0.5"
      hud_flash_time_offhand "2"
      hud_missionFailed "0"
      hud_showObjectives "1"
      hud_showStance "1"
      hud_showTextNoAmmo "1"
      hudElemPausedBrightness "0.4"
      ik_actor_tracking_scale "1"
      ik_ai_hand_offset_vec "0 0 0"
      ik_ai_hand_rotation_vec "0 0 0"
      ik_ai_hand_tuning "0"
      ik_debug "0"
      ik_distanceCull "1"
      ik_distanceCullDist "4000"
      ik_dvar_lookatentity_notorso "0"
      ik_enable "1"
      ik_enable_ai_hand "0"
      ik_enable_ai_terrain "2"
      ik_enable_player_hand "1"
      ik_enable_player_terrain "1"
      ik_foot_test "0"
      ik_hand_test "0"
      ik_left_hand_lerp_test "0"
      ik_paranoid_matrix_checks "0"
      ik_pelvis_test "0"
      ik_pitch_limit_max "60"
      ik_pitch_limit_thresh "10"
      ik_right_hand_lerp_test "0"
      ik_roll_limit_max "100"
      ik_roll_limit_thresh "30"
      ik_yaw_limit_max "90"
      ik_yaw_limit_thresh "10"
      in_mouse "1"
      input_invertPitch "0"
      input_viewSensitivity "1"
      invite_waitPeriod "30000"
      inviteText ""
      isFriendsListTrackerEnabled "0"
      jump_height "39"
      jump_ladderPushVel "128"
      jump_slowdownEnable "0"
      jump_spreadAdd "64"
      jump_stepSize "18"
      key "svAzia1sZyGkVSwLZtNw54oDXX0BDwic"
      kill_slomo_time "0"
      language "english"
      lastStandSwayAccel "0.05"
      lastStandSwayMaxDrift "1"
      lb_all_time_lb_write_min_req "50"
      lb_escrowRefresh "1200"
      lb_escrowTimeout "1200"
      lb_filter "none"
      lb_forceLbWrite "0"
      lb_LastFetchTime "0"
      lb_maxActiveLbReadTasks "3"
      lb_maxrows "50"
      lb_min_duration_before_penalty "1"
      lb_minDelayBetweenLbReads "5000"
      lb_minrefresh "0"
      lb_monthly_lb_write_min_req "25"
      lb_prestige "0"
      lb_time_penalty_for_early_quitters "1"
      lb_type "zombie_theater_waves"
      lb_typeByResetPeriod "all_time"
      lb_weekly_lb_write_min_req "5"
      live_banned "0"
      live_olMaxInterval "120"
      live_olMinInterval "60"
      live_restrictEmblems "0"
      live_service "0"
      live_ssLBFetchMaxInterval "300"
      live_ssLBFetchMinInterval "60"
      live_ssMaxInitialInterval "60"
      live_ssMaxInterval "300"
      live_ssMinInterval "150"
      loc_forceEnglish "0"
      loc_language "0"
      loc_translate "1"
      loc_warnings "0"
      loc_warningsAsErrors "0"
      local_leaderboards "1"
      local_leaderboards_maxgames "33"
      log_append "0"
      logfile "1"
      long_blocking_call "0"
      lowAmmoWarningColor1 "0.901961 0.901961 0.901961 0.8"
      lowAmmoWarningColor2 "1 1 1 1"
      lowAmmoWarningNoAmmoColor1 "0.8 0 0 0.8"
      lowAmmoWarningNoAmmoColor2 "1 0 0 1"
      lowAmmoWarningNoReloadColor1 "0.701961 0.701961 0 0.8"
      lowAmmoWarningNoReloadColor2 "1 1 0 1"
      lowAmmoWarningPulseFreq "1.7"
      lowAmmoWarningPulseMax "1.5"
      lowAmmoWarningPulseMin "0"
      m_filter "0"
      m_forward "0.25"
      m_pitch "0.022"
      m_side "0.25"
      m_yaw "0.022"
      magic_chest_movable "1"
      mantle_check_angle "60"
      mantle_check_glass_extra_range "10"
      mantle_check_radius "0.1"
      mantle_check_range "20"
      mantle_debug "0"
      mantle_enable "1"
      mantle_view_yawcap "60"
      mantle_weapon_anim_height "32"
      mantle_weapon_height "39"
      mapname "zombie_theater"
      matchmaking_debug "1"
      matchmaking_mininfo "1"
      maxMetPlayerListCount "50"
      maxStatsBackupInterval "-1"
      melee_debug "0"
      metPlayerListCleanupInterval "60000"
      metPlayerListUpdateInterval "10000"
      metPlayerListUploadInterval "60000"
      mg0 "0"
      mg1 "0"
      mg2 "0"
      mg3 "0"
      mg4 "0"
      mg5 "0"
      mg6 "0"
      mg7 "0"
      minDelayForOtherPlayerStatsFetch "300000"
      mis_01 "0"
      mis_01_unlock "21"
      mis_cheat "0"
      mis_difficulty "0000000000000000000000000"
      missileDebugAttractors "0"
      missileDebugDraw "0"
      missileDebugText "0"
      missileHellfireMaxSlope "0.5"
      missileHellfireUpAccel "1000"
      missileJavAccelClimb "300"
      missileJavAccelDescend "3000"
      missileJavClimbAngleDirect "85"
      missileJavClimbAngleTop "50"
      missileJavClimbCeilingDirect "0"
      missileJavClimbCeilingTop "3000"
      missileJavClimbHeightDirect "10000"
      missileJavClimbHeightTop "15000"
      missileJavClimbToOwner "700"
      missileJavSpeedLimitClimb "1000"
      missileJavSpeedLimitDescend "6000"
      missileJavTurnDecel "0.05"
      missileJavTurnRateDirect "60"
      missileJavTurnRateTop "100"
      missileMolotovBlobNum "5"
      missileMolotovBlobTime "2"
      missilePlantableSize "5"
      missileTVGuidedBoost "2"
      missileTVGuidedBoostSpeedDown "-1000"
      missileTVGuidedBoostSpeedUp "1000"
      missileTVGuidedFlatteningRollAccel "2"
      missileTVGuidedMaxRollAngle "35"
      missileTVGuidedMPSpecific "0"
      missileTVGuidedStickDeadzone "15"
      missileTVGuidedTurningRollAccel "1.5"
      missileTVGuidedTurnRate "3"
      missileWaterMaxDepth "60"
      modStats "1"
      monkeytoy "1"
      motd "^1REKT got ^5#rekt"
      msg_dumpEnts "0"
      msg_hudelemspew "0"
      msg_printEntityNums "0"
      name "dedicated"
      net_ip "localhost"
      net_lanauthorize "0"
      net_minigraph "0"
      net_noudp "0"
      net_port "28963"
      net_profile "0"
      net_showprofile "0"
      net_socksEnabled "0"
      net_socksPassword ""
      net_socksPort "1080"
      net_socksServer ""
      net_socksUsername ""
      nextdemo ""
      nextmap "map_restart"
      nightVisionDisableEffects "0"
      nightVisionFadeInOutTime "0.1"
      nightVisionPowerOnTime "0.3"
      notice_onEscArg ""
      onlinegame "1"
      onlinegameandhost "0"
      onlineunrankedgameandhost "0"
      overrideNVGModelWithKnife "0"
      packetDebug "0"
      party_allowguests "1"
      party_autoteams "1"
      party_chooseLowestPingSlot "1"
      party_clientTimeout "24000"
      party_connectTimeout "6000"
      party_connectToOthers "1"
      party_considerStreamingForHostMigration "1"
      party_currentMapVetoCount "0"
      party_debug "0"
      party_disconnectPlayerOnRemoval "0"
      party_editingsettings "0"
      party_firstSubpartyIndex "0"
      party_forceMemberUpdateOnVoiceConnectivityBits "0"
      party_forceMigrateAfterRound "0"
      party_forceMigrateOnMatchStartRegression "1"
      party_gamesize ""
      party_gameStartTimerLength "10"
      party_gametype ""
      party_headtohead "0"
      party_host "0"
      party_hostname ""
      party_iamhost "0"
      party_isPreviousMapVoted "0"
      party_joinInProgressAllowed "1"
      party_keepPartyAliveWhileMatchmaking "1"
      party_kickplayerquestion ""
      party_linearMapCycle "0"
      party_linearMapCycleRandom "0"
      party_lobbyExtensionTime "10"
      party_lobbyPlayerCount ""
      party_localTeamTest "0"
      party_mapname ""
      party_mappacks ""
      party_matchedPlayerCount "4"
      party_maxDesperateMigrationTime "6000"
      party_maxlocalplayers "2"
      party_maxMigrationTime "10000"
      party_maxplayers "4"
      party_maxTeamDiff "1"
      party_minLobbyTime "45"
      party_minplayers "2"
      party_minResumeMs "2000"
      party_nextMapVetoCount "0"
      party_partyPlayerCount ""
      party_playerCount "1"
      party_playervisible "0"
      party_pregameStartTimerLength "5"
      party_previousMapVetoCount "0"
      party_privacyStatus "2"
      party_readyButtonVisible "0"
      party_readyPercentRequired "0"
      party_reconnectToClientOnTimeout "1"
      party_reconnectToHostOnTimeout "1"
      party_requestMigrateDuringAutoStartIfStreaming "1"
      party_sequentialPreviousMapVotingAllowed "0"
      party_simulateLongQoS "0"
      party_splitscreenJoinAllowed "1"
      party_teambased "1"
      party_timer "0"
      party_timerVisible "0"
      party_verifyFreeSlotsDuringMatchmaking "0"
      party_vetoButtonVisible "0"
      party_vetoDelayTime "4"
      party_vetoPassed "0"
      party_vetoPercentRequired "0.501"
      password ""
      pc_NATTraversalTrottling "0"
      pc_newversionavailable "0"
      penetrationCount "2"
      penetrationCount_allies "0"
      penetrationCount_axis "0"
      perk_armorPiercing "40"
      perk_blackbirdShowsGpsJammer "1"
      perk_bulletPenetrationMultiplier "2"
      perk_damageKickReduction "0.2"
      perk_deathStreakCountRequired "5"
      perk_delayExplosiveTime "0.2"
      perk_disarmExplosiveTime "2"
      perk_dogsAttackGhost "1"
      perk_extraBreath "5"
      perk_extraMoneyMultiplier "2"
      perk_fastOffhandRate "0.5"
      perk_fireproof "95"
      perk_flakJacket "35"
      perk_flakJacket_hardcore "9"
      perk_grenadeDeath "frag_grenade_short_mp"
      perk_grenadeTossBackTimer "2500"
      perk_healthRegenMultiplier "1.5"
      perk_interactSpeedMultiplier "1.15"
      perk_killstreakReduction "1"
      perk_mantleReduction "0.5"
      perk_shellShockReduction "0.5"
      perk_speedMultiplier "1.07"
      perk_sprintMultiplier "2"
      perk_sprintRecoveryMultiplier "0.6"
      perk_throwbackInnerRadius "120"
      perk_weapAdsMultiplier "0.5"
      perk_weapMeleeMultiplier "0.5"
      perk_weapRateEnhanced "0"
      perk_weapRateMultiplier "0.75"
      perk_weapReloadMultiplier "0.5"
      perk_weapSpreadMultiplier "0.65"
      perk_weapSwitchMultiplier "0.5"
      phys_ai_collision_mode "1"
      phys_bulletSpinScale "3"
      phys_bulletUpBias "0.5"
      phys_buoyancy "0"
      phys_buoyancyDistanceCutoff "2500"
      phys_buoyancyFastComputation "0"
      phys_buoyancyRippleFrequency "3000"
      phys_buoyancyRippleVariance "2000"
      phys_debugBigQueries "0"
      phys_debugCallback "0"
      phys_debugDangerousRigidBodies "0"
      phys_debugExpensivePushout "0"
      phys_dragAngular "0.5"
      phys_dragLinear "0.03"
      phys_drawCollisionObj "0"
      phys_drawcontacts "0"
      phys_drawNitrousVehicle "0"
      phys_drawNitrousVehicleEffects "0"
      phys_entityCollision "1"
      phys_floatTimeVariance "10000"
      phys_fluid "0"
      phys_gravity "-800"
      phys_gravity_dir "0 0 1"
      phys_impact_distance_cutoff "800"
      phys_impact_fx "1"
      phys_impact_intensity_limit "50"
      phys_impact_max_pfx_per_frame "10"
      phys_impact_max_sfx_per_frame "10"
      phys_impact_render "0"
      phys_impact_silence_window "0.3"
      phys_maxFloatTime "30000"
      phys_msecstep "0"
      phys_piecesSpawnDistanceCutoff "1000"
      phys_player_collision_adjust_height "0"
      phys_player_collision_mode "1"
      phys_ragdoll_buoyancy "0"
      phys_ragdoll_joint_damp_scale "0.04"
      phys_reeval_frequency "2"
      phys_userRigidBodies "1"
      phys_vehicleDamageFroceScale "0.3"
      phys_vehicleFriction "0.1"
      phys_vehicleGravityMultiplier "1"
      phys_vehicleUsePredictedPosition "0"
      phys_vehicleWheelEntityCollision "1"
      phys_waterDragAngular "-2"
      phys_waterDragLinear "-1"
      pickupPrints "0"
      player_adsExitDelay "0"
      player_AimBlend_Back_Low "0 0.3 0.5"
      player_AimBlend_Back_Mid "0.1 0.2 0.5"
      player_AimBlend_Back_Up "0.5 0.1 -0.6"
      player_AimBlend_Head "0 0 0"
      player_AimBlend_Neck "0.3 0.3 0"
      player_AimBlend_Pelvis "0.4 0.4 0"
      player_AimBlend_Shoulder "1 1 1"
      player_animRunThreshhold "140"
      player_animWalkThreshhold "30"
      player_aqs_scale "8"
      player_aqs_spread_max "255"
      player_aqs_spread_multiplier "255"
      player_aqs_sway_factor "40"
      player_aqs_time "0.25"
      player_backSpeedScale "0.7"
      player_bayonetLaunchDebugging "0"
      player_bayonetLaunchProof "1"
      player_bayonetLaunchZCap "300"
      player_bayonetRange "85"
      player_bayonetTargetDist "65"
      player_breath_fire_delay "0"
      player_breath_gasp_lerp "6"
      player_breath_gasp_scale "4.5"
      player_breath_gasp_time "1"
      player_breath_hold_lerp "4"
      player_breath_hold_time "4.5"
      player_breath_snd_delay "1"
      player_breath_snd_lerp "2"
      player_burstFireCooldown "0.2"
      player_clipSizeMultiplier "1"
      player_damageMultiplier "0.363636"
      player_deathInvulnerableTime "1000"
      player_deathInvulnerableToMelee "0"
      player_deathInvulnerableToProjectile "1"
      player_debugHealth "0"
      player_disableWeaponsInWater "1"
      player_dmgtimer_flinchTime "500"
      player_dmgtimer_maxTime "750"
      player_dmgtimer_minScale "0"
      player_dmgtimer_stumbleTime "500"
      player_dmgtimer_timePerPoint "100"
      player_enableShuffleAnims "0"
      player_enduranceSpeedScale "1.7"
      player_floatSpeed "20"
      player_footstepsThreshhold "10"
      player_forceRedCrosshair "0"
      player_healthEasy "500"
      player_healthFu "115"
      player_healthHard "165"
      player_healthMedium "275"
      player_knockbackMoveThreshhold "60"
      player_lastStandBleedoutTime "45"
      player_lastStandBleedoutTimeNoRevive "10"
      player_lastStandHealthOverlayTime "8"
      player_lean_rotate "1.25 1.25"
      player_lean_rotate_crouch "1 1"
      player_lean_shift "5 2.5"
      player_lean_shift_crouch "12.5 2.5"
      player_maxGrenadeCatchHeight "80"
      player_meleeDamageMultiplier "1"
      player_meleeHeight "10"
      player_meleeRange "64"
      player_meleeWidth "10"
      player_move_factor_on_torso "0"
      player_moveThreshhold "2"
      player_radiusDamageMultiplier "1"
      player_revivePlayerListCycleTime "2"
      player_reviveTriggerRadius "64"
      player_runbkThreshhold "60"
      player_runThreshhold "110"
      player_scopeExitOnDamage "0"
      player_sliding_friction "1.5"
      player_sliding_velocity_cap "500"
      player_sliding_wishspeed "450"
      player_slopeAnimAngle "30"
      player_spectateSpeedScale "1"
      player_sprintCameraBob "0.5"
      player_sprintForwardMinimum "105"
      player_sprintMinTime "1"
      player_sprintRechargePause "0"
      player_sprintSpeedScale "1.5"
      player_sprintStrafeSpeedScale "0.667"
      player_sprintThreshhold "185"
      player_sprintTime "4"
      player_sprintUnlimited "0"
      player_strafeAnimCosAngle "0.5"
      player_strafeSpeedScale "0.8"
      player_sustainAmmo "0"
      player_swimDamage "15"
      player_swimDamagerInterval "1"
      player_swimTime "16"
      player_takeDirectDamageInVehicles "1"
      player_throwbackInnerRadius "72"
      player_throwbackOuterRadius "192"
      player_topDownCamAngles "75 0 0"
      player_topDownCamCenterPos "-7926 -2838 -88"
      player_topDownCamMode "0"
      player_topDownCamOffset "0 0 500"
      player_topDownCursorDist "250"
      player_topDownCursorPos "0 0"
      player_turnAnims "1"
      player_turnRateScale "1"
      player_useSlopeAnims "1"
      player_view_pitch_down "85"
      player_view_pitch_up "85"
      player_viewLockEnt "0"
      player_viewRateScale "0"
      player_waterSpeedScale "1.3"
      playerPushAmount "0"
      playlist "0"
      popInLetterFXTime "40"
      presell "0"
      prestigeclass1 "Custom 6"
      prestigeclass2 "Custom 7"
      prestigeclass3 "Custom 8"
      prestigeclass4 "Custom 9"
      prestigeclass5 "Custom 10"
      primaryWeaponOffset "0"
      profile_physics "0"
      protocol "3141"
      r_aaAlpha "dither (fast)"
      r_aaSamples "4"
      r_allow_intz "1"
      r_allow_null_rt "1"
      r_aspectRatio "auto"
      r_backBufferSize "960"
      r_backBufferSizeY "544"
      r_bloomBlurRadius "1.75"
      r_bloomColorScale "0 0 0 0"
      r_bloomCurveBreakpoint "1 1 1 1"
      r_bloomCurveHiBlack "0 0 0 0"
      r_bloomCurveHiGamma "1 1 1 1"
      r_bloomCurveHiRemapBlack "0 0 0 0"
      r_bloomCurveHiRemapWhite "1 1 1 1"
      r_bloomCurveHiWhite "1 1 1 1"
      r_bloomCurveLoBlack "0 0 0 0"
      r_bloomCurveLoGamma "1 1 1 1"
      r_bloomCurveLoRemapBlack "0 0 0 0"
      r_bloomCurveLoRemapWhite "1 1 1 1"
      r_bloomCurveLoWhite "1 1 1 1"
      r_bloomExpansionControl "0.5 0.5 0.5 0.5"
      r_bloomExpansionSource "0"
      r_bloomExpansionWeights "0 0 0 0"
      r_bloomPersistence "0"
      r_bloomStreakXInnerTint "1 1 1"
      r_bloomStreakXLevels0 "0.25 0.5 0.25 1"
      r_bloomStreakXLevels1 "0 1 0 1"
      r_bloomStreakXOuterTint "1 1 1"
      r_bloomStreakXTint "0 0 0"
      r_bloomStreakXTintControl "0.25 0.5 0.25 1"
      r_bloomStreakYInnerTint "1 1 1"
      r_bloomStreakYLevels0 "0.25 0.5 0.25 1"
      r_bloomStreakYLevels1 "0 1 0 1"
      r_bloomStreakYOuterTint "1 1 1"
      r_bloomStreakYTint "0 0 0"
      r_bloomStreakYTintControl "0.25 0.5 0.25 1"
      r_bloomTintScale "0 0 0 1"
      r_bloomTintWeights "0.25 0.5 0.25 0"
      r_bloomTweaks "0"
      r_blur "0"
      r_blur_allowed "1"
      r_brightness "0"
      r_brushLimit "512"
      r_burnedDestructibleColor "0.4"
      r_cacheModelLighting "1"
      r_cacheSModelLighting "1"
      r_clear "blink"
      r_clearColor "0 0 0 0"
      r_clearColor2 "0 0 0 0"
      r_clipCodec "MJPEG"
      r_clipFPS "24"
      r_clipSize "360"
      r_collectActiveMaterials "0"
      r_colorMap "Unchanged"
      r_contrast "1"
      r_convergence "6.06253"
      r_customMode ""
      r_debugHDRdlight "0"
      r_debugHDRdlight_color "0.25 0.8 1"
      r_debugHDRdlight_distance "250"
      r_debugHDRdlight_radius "150"
      r_debugHDRdlight_scale "1"
      r_debugLayers "0"
      r_debugLineWidth "1"
      r_debugShader "none"
      r_debugShowCoronas "0"
      r_debugShowDynamicLights "0"
      r_debugShowPrimaryLights "0"
      r_depthPrepass "0"
      r_desaturation "1"
      r_diffuseColorScale "1"
      r_distortion "1"
      r_dlightLimit "4"
      r_dlightMaxFullScreenRadius "200"
      r_dlightMaxNonFullScreenRadius "200"
      r_dobjLimit "512"
      r_dof_bias "0.5"
      r_dof_enable "1"
      r_dof_farBlur "1.8"
      r_dof_farEnd "7000"
      r_dof_farStart "1000"
      r_dof_nearBlur "6"
      r_dof_nearEnd "60"
      r_dof_nearStart "10"
      r_dof_showdebug "0"
      r_dof_tweak "0"
      r_dof_viewModelEnd "8"
      r_dof_viewModelStart "2"
      r_dpvs_useCellForceInvisibleBits "1"
      r_drawDebugFogParams "0"
      r_drawWater "1"
      r_enableDlights "1"
      r_enableFlashlight "0"
      r_enableOccluders "1"
      r_enablePlayerShadow "0"
      r_envMapExponent "5"
      r_envMapMaxIntensity "0.5"
      r_envMapMinIntensity "0.2"
      r_envMapOverride "0"
      r_envMapSpecular "1"
      r_envMapSunIntensity "2"
      r_exposureTweak "0"
      r_exposureValue "1"
      r_extracam_custom_aspectratio "-1"
      r_extracam_shadowmap_enable "0"
      r_fastSkin "0"
      r_filmCurveSoftClip "1"
      r_filmLut "-1"
      r_filmTweakBleach "0 0 0"
      r_filmTweakBrightness "0"
      r_filmTweakColorTemp "6500 6500 6500"
      r_filmTweakContrast "1 1 1"
      r_filmTweakDarkFeather "0"
      r_filmTweakDarkTint "1 1 1"
      r_filmTweakDesaturation "0.2"
      r_filmTweakEnable "0"
      r_filmTweakHue "0 0 0"
      r_filmTweakInvert "0"
      r_filmTweakLightFeather "0"
      r_filmTweakLightTint "1 1 1"
      r_filmTweakLut "-1"
      r_filmTweakMidEnd "0.75"
      r_filmTweakMidStart "0.25"
      r_filmTweakMidTint "1 1 1"
      r_filmTweakRangeDebug "0"
      r_filmTweakSaturation "1 1 1"
      r_filmUseTweaks "0"
      r_finalShiftX "0 0 0"
      r_finalShiftY "0 0 0"
      r_flame_allowed "1"
      r_flameFX_distortionScaleFactor "0 1 1 0.511918"
      r_flameFX_enable "0"
      r_flameFX_fadeDuration "0.5"
      r_flameFX_FPS "15"
      r_flameFX_magnitude "0.0215147"
      r_flameScaler "1"
      r_flashLightBobAmount "0 0 0"
      r_flashLightBobRate "0 0.2 0.3"
      r_flashLightBrightness "10"
      r_flashLightColor "1 1 1"
      r_flashLightEndRadius "300"
      r_flashLightFlickerAmount "0"
      r_flashLightFlickerRate "65"
      r_flashLightFovInnerFraction "0.7"
      r_flashLightOffset "0 2 1"
      r_flashLightRange "350"
      r_flashLightShadows "1"
      r_flashLightSpecularScale "1"
      r_flashLightStartRadius "0"
      r_flimCurveBlack "0"
      r_flimCurveWhite "8"
      r_floatz "1"
      r_fog "1"
      r_fog_disable "0"
      r_forceCameraHdg "0"
      r_forceCameraNode "-1"
      r_forceCamerarecord "0"
      r_forceLod "none"
      r_fovScaleThresholdRigid "2.4"
      r_fovScaleThresholdSkinned "2.4"
      r_fullbright "0"
      r_fullHDRrendering "0"
      r_fullscreen "0"
      r_gamma "1"
      r_genericFilter_enable "0"
      r_gfxopt_dynamic_foliage "1"
      r_gfxopt_water_simulation "1"
      r_glow_allowed "1"
      r_gpuSync "adaptive"
      r_grassBurn "0"
      r_grassEnable "1"
      r_grassWindForceEnable "1"
      r_heroLightColorTemp "6500"
      r_heroLighting "1"
      r_heroLightSaturation "1"
      r_heroLightScale "1 1 1"
      r_highLodDist "-1"
      r_ignore "0"
      r_ignorehwgamma "0"
      r_inGameVideo "1"
      r_lightConflicts "0"
      r_lightGridContrast "0"
      r_lightGridEnableTweaks "0"
      r_lightGridIntensity "1"
      r_lightGridUseTweakedValues "1"
      r_lightMap "Unchanged"
      r_lightTweakAmbient "0.1"
      r_lightTweakAmbientColor "1 0 0 1"
      r_lightTweakDiffuseFraction "0.5"
      r_lightTweakSunColor "1 1 0"
      r_lightTweakSunDiffuseColor "0 0 1 1"
      r_lightTweakSunDirection "0 0 0"
      r_lightTweakSunLight "1"
      r_loadForRenderer "0"
      r_lockPvs "0"
      r_lodBiasRigid "0"
      r_lodBiasSkinned "0"
      r_lodScaleRigid "1"
      r_lodScaleSkinned "1"
      r_logFile "0"
      r_lowestLodDist "-1"
      r_lowLodDist "-1"
      r_lutvar_0 "0 0 0 1"
      r_lutvar_1 "0 0 0 1"
      r_lutvar_10 "0 0 0 1"
      r_lutvar_11 "0 0 0 1"
      r_lutvar_12 "0 0 0 1"
      r_lutvar_13 "0 0 0 1"
      r_lutvar_14 "0 0 0 1"
      r_lutvar_15 "0 0 0 1"
      r_lutvar_2 "0 0 0 1"
      r_lutvar_3 "0 0 0 1"
      r_lutvar_4 "0 0 0 1"
      r_lutvar_5 "0 0 0 1"
      r_lutvar_6 "0 0 0 1"
      r_lutvar_7 "0 0 0 1"
      r_lutvar_8 "0 0 0 1"
      r_lutvar_9 "0 0 0 1"
      r_materialXYZ "3.86 3.98 4.55"
      r_mediumLodDist "-1"
      r_missile_cam_debug_display "0"
      r_mode "1024x768"
      r_modelLimit "1024"
      r_modelVertColor "1"
      r_monitor "0"
      r_motionblur_blurOrigin "0.5 0.5 0 1"
      r_motionblur_directionFactor "0.001"
      r_motionblur_enable "0"
      r_motionblur_frameBased_enable "0"
      r_motionblur_maxblur "30"
      r_motionblur_numberOfSamples "1"
      r_motionblur_positionFactor "0.01"
      r_multiGpu "1"
      r_multithreaded_device "0"
      r_noborder "0"
      r_norefresh "0"
      r_normalMap "Unchanged"
      r_num_viewports "0"
      r_offscreenCasterLodScale "2.5"
      r_open_automate "0"
      r_outdoorAwayBias "32"
      r_outdoorDownBias "0"
      r_outdoorFeather "8"
      r_picmip "0"
      r_picmip_bump "0"
      r_picmip_manual "0"
      r_picmip_spec "0"
      r_picmip_water "1"
      r_poisonFX_blurMax "4"
      r_poisonFX_blurMin "0"
      r_poisonFX_debug_amount "1"
      r_poisonFX_debug_enable "0"
      r_poisonFX_dvisionA "0"
      r_poisonFX_dvisionX "0"
      r_poisonFX_dvisionY "0"
      r_poisonFX_pulse "1.1"
      r_poisonFX_warpX "0.2"
      r_poisonFX_warpY "-0.15"
      r_polygonOffsetBias "-1"
      r_polygonOffsetScale "-1"
      r_portalBevels "0.7"
      r_portalBevelsOnly "0"
      r_portalMinClipArea "0.02"
      r_portalMinRecurseDepth "2"
      r_portalWalkLimit "0"
      r_pretess "1"
      r_primaryLightTweakDiffuseStrength "1"
      r_primaryLightTweakSpecularStrength "1"
      r_primaryLightUseTweaks "0"
      r_reflectionProbeGenerate "0"
      r_reflectionProbeGenerateExit "0"
      r_reflectionProbeRegenerateAll "0"
      r_remotescreen_renderlastframe "1"
      r_rendererPreference "Default"
      r_resampleScene "1"
      r_reviveFX_debug "0"
      r_reviveFX_edgeAmount "0"
      r_reviveFX_edgeColorTemp "6500"
      r_reviveFX_edgeContrast "1 1 1"
      r_reviveFX_edgeMaskAdjust "0"
      r_reviveFX_edgeOffset "0 0 0"
      r_reviveFX_edgeSaturation "1"
      r_reviveFX_edgeScale "1 1 1"
      r_reviveFX_fadeDuration "5"
      r_scaleViewport "1"
      r_sCurveEnable "1"
      r_sCurveLinearAngle "0.125"
      r_sCurveLinearStrength "0.5"
      r_sCurveShoulderStrength "0.1"
      r_sCurveToeDenominator "0.575"
      r_sCurveToeNumerator "0.01"
      r_sCurveToeStrength "0.1"
      r_seethru_decal_enable "1"
      r_setFrameBufferAlpha "0"
      r_shader_constant_set_debug_range "-1"
      r_shader_constant_set_enable "1"
      r_shaderWarming "0"
      r_showFbColorDebug "None"
      r_showFloatZDebug "0"
      r_showForcedInvisibleCells "0"
      r_showHDRalpha "0"
      r_showLightGrid "0"
      r_showLightingOrigins "0"
      r_showMissingLightGrid "0"
      r_showOutdoorVolumeDebug "0"
      r_showPenetration "off"
      r_showPixelCost "off"
      r_showPortals "0"
      r_showSunDirectionDebug "0"
      r_singleCell "0"
      r_skinCache "1"
      r_skipPvs "0"
      r_sky_intensity_angle0 "90"
      r_sky_intensity_angle1 "90"
      r_sky_intensity_factor0 "1"
      r_sky_intensity_factor1 "1"
      r_sky_intensity_showDebugDisplay "0"
      r_sky_intensity_useDebugValues "0"
      r_skyColorTemp "6500"
      r_skyTransition "0"
      r_smc_enable "1"
      r_smp_backend "1"
      r_smp_worker "1"
      r_smp_worker_thread0 "1"
      r_smp_worker_thread1 "1"
      r_smp_worker_thread2 "1"
      r_smp_worker_thread3 "1"
      r_smp_worker_thread4 "1"
      r_smp_worker_thread5 "1"
      r_smp_worker_threads "6"
      r_specular "1"
      r_specularColorScale "1"
      r_specularRoughnessMap "Unchanged"
      r_spotLightBrightness "14"
      r_spotLightEndRadius "196"
      r_spotLightEntityShadows "1"
      r_spotLightFovInnerFraction "0.7"
      r_spotLightShadows "1"
      r_spotLightSModelShadows "1"
      r_spotLightStartRadius "36"
      r_sse_skinning "1"
      r_stereoTurretShift "0"
      r_stream "7"
      r_streamClear "0"
      r_streamDebug "0"
      r_streamFakeLagMsec "0"
      r_streamFreezeState "0"
      r_streamFull "0"
      r_streamHiddenPush "4"
      r_streamLog "0"
      r_streamLowDetail "1"
      r_streamMaxDist "600"
      r_streamShowList "0"
      r_streamShowStats "0"
      r_streamSize "0"
      r_streamTaint "0"
      r_sun_from_dvars "0"
      r_sun_fx_position "0 0 0"
      r_sunblind_fadein "0.5"
      r_sunblind_fadeout "3"
      r_sunblind_max_angle "5"
      r_sunblind_max_darken "0.75"
      r_sunblind_min_angle "30"
      r_sunflare_fadein "1"
      r_sunflare_fadeout "1"
      r_sunflare_max_alpha "1"
      r_sunflare_max_angle "2"
      r_sunflare_max_size "2500"
      r_sunflare_min_angle "45"
      r_sunflare_min_size "0"
      r_sunflare_shader "sun_flare"
      r_sunglare_fadein "0.5"
      r_sunglare_fadeout "3"
      r_sunglare_max_angle "5"
      r_sunglare_max_lighten "0.75"
      r_sunglare_min_angle "30"
      r_sunsprite_shader "sun"
      r_sunsprite_size "16"
      r_superFlare_debug "0"
      r_superFlare_enable "1"
      r_supports16xAA "0"
      r_swapInterval "0"
      r_swrk_override_characterCharredAmount "0"
      r_swrk_override_characterDissolveColor "0 0 0 0"
      r_swrk_override_enable "0"
      r_swrk_override_wetness "0"
      r_tension_enable "1"
      r_testScale "0"
      r_texFilterAnisoMax "16"
      r_texFilterAnisoMin "1"
      r_texFilterDisable "0"
      r_texFilterMipBias "0"
      r_texFilterMipMode "Unchanged"
      r_textureMode "bilinear"
      r_treeScale "0"
      r_ui3d_debug_display "0"
      r_ui3d_h "1"
      r_ui3d_use_debug_values "-1"
      r_ui3d_w "1"
      r_ui3d_x "0"
      r_ui3d_y "0"
      r_use_driver_convergence "0"
      r_use_separate_char_tech "0"
      r_useLayeredMaterials "0"
      r_vc_makelog "0"
      r_vc_showlog "0"
      r_vsync "1"
      r_warningRepeatDelay "5"
      r_waterFogTest "0"
      r_waterSheetingFX_allowed "1"
      r_waterSheetingFX_distortionScaleFactor "0.021961 1 0 0"
      r_waterSheetingFX_enable "0"
      r_waterSheetingFX_fadeDuration "2"
      r_waterSheetingFX_magnitude "0.0655388"
      r_waterSheetingFX_radius "4.44051"
      r_watersim_curlAmount "0.5"
      r_watersim_curlMax "0.4"
      r_watersim_curlReduce "0.95"
      r_watersim_debug "0"
      r_watersim_enabled "0"
      r_watersim_flatten "0"
      r_watersim_foamAppear "20"
      r_watersim_foamDisappear "0.78"
      r_watersim_minShoreHeight "0.04"
      r_watersim_particleGravity "0.03"
      r_watersim_particleLength "0.03"
      r_watersim_particleLimit "2.5"
      r_watersim_particleWidth "2"
      r_watersim_scroll "0 0"
      r_watersim_waveSeedDelay "500"
      r_watersim_windAmount "0.02"
      r_watersim_windDir "45"
      r_watersim_windMax "0.4"
      r_waterWaveAmplitude "0 0 0 0"
      r_waterWaveAngle "0 0 0 0"
      r_waterWavePhase "0 0 0 0"
      r_waterWaveSpeed "1 1 1 1"
      r_waterWaveSteepness "0 0 0 0"
      r_waterWaveWavelength "1 1 1 1"
      r_worldLod "0"
      r_zfar "0"
      r_zfeather "1"
      r_zombieDisableEarthEffect "0"
      r_zombieDisableSlideEffect "0"
      r_zombieNameAllowDevList "1"
      r_zombieNameAllowFriendsList "1"
      radius_damage_debug "0"
      ragdoll_baselerp_time "1000"
      ragdoll_bullet_force "500"
      ragdoll_bullet_upbias "0.5"
      ragdoll_debug "0"
      ragdoll_dump_anims "0"
      ragdoll_enable "1"
      ragdoll_explode_force "18000"
      ragdoll_explode_upbias "0.8"
      ragdoll_fps "20"
      ragdoll_jitter_scale "1"
      ragdoll_jointlerp_time "3000"
      ragdoll_max_life "9000"
      ragdoll_max_simulating "16"
      ragdoll_reactivation_cutoff "1200"
      ragdoll_rotvel_scale "1"
      ragdoll_self_collision_scale "1.2"
      rate "25000"
      rcon_localhost_bypass "1"
      rcon_password "grinn"
      rcon_prints "0"
      rcon_rate_limit "500"
      recordPointsSpent "1"
      redactionDisplayTime "50"
      redactionFadeDuration "6500"
      redactionStartStrokeTime "1000"
      redactionStrokeTime "1000"
      reliableResendTime "300"
      reliableTimeoutTime "20000"
      render_actor_collision "0"
      render_bpi_env_collision "0"
      render_player_collision "0"
      revive_time_taken "1.15"
      revive_trigger_radius "40"
      s0 "0"
      s1 "0"
      s10 "0"
      s11 "0"
      s12 "0"
      s13 "0"
      s14 "0"
      s15 "0"
      s16 "0"
      s17 "0"
      s18 "0"
      s2 "0"
      s3 "0"
      s4 "0"
      s5 "0"
      s6 "0"
      s7 "0"
      s8 "0"
      s9 "0"
      safearea_adjusted_horizontal "1"
      safearea_adjusted_vertical "1"
      safearea_horizontal "1"
      safearea_vertical "1"
      scr_allowFileIo "1"
      scr_codpointsmatchscale "0.1"
      scr_codpointsperchallenge "0.1"
      scr_codpointsxpscale "0.1"
      scr_dof_enable "1"
      scr_dog_health_walk_multiplier "4.0"
      scr_dog_run_distance "500"
      scr_friendlyfire "0"
      scr_game_prematchperiod "15"
      scr_kill_infinite_loops "1"
      scr_writeConfigStrings "0"
      scr_xpscale "1"
      scr_zm_extra_perk_all "1"
      scr_zm_extra_perk_coast "0"
      scr_zm_extra_perk_cod5_asylum "0"
      scr_zm_extra_perk_cod5_factory "0"
      scr_zm_extra_perk_cod5_prototype "0"
      scr_zm_extra_perk_cod5_sumpf "0"
      scr_zm_extra_perk_cosmodrome "0"
      scr_zm_extra_perk_pentagon "0"
      scr_zm_extra_perk_temple "0"
      scr_zm_extra_perk_theater "0"
      script_debugger_smoke_test "0"
      scriptmover_useServerAnims "0"
      scriptmover_useServerAnimsEntity "-1"
      selectedFriendClanTag ""
      selectedFriendIndex "0"
      selectedFriendName ""
      selectedGroupIndex "0"
      selectedMenuItemIndex "0"
      selectedPlayerClanName ""
      selectedPlayerXuid ""
      selectedStoreItemIndex "0"
      sensitivity "5"
      server1 ""
      server10 ""
      server11 ""
      server12 ""
      server13 ""
      server14 ""
      server15 ""
      server16 ""
      server2 ""
      server3 ""
      server4 ""
      server5 ""
      server6 ""
      server7 ""
      server8 ""
      server9 ""
      session_nonblocking "1"
      sessionSearchMaxAttempts "5"
      shortversion "r5346"
      show_reticle_during_swimming "0"
      show_tty_timestamps "0"
      showdrop "0"
      showpackets "0"
      showVisionSetDebugInfo "-1"
      skills "0"
      sm_enable "1"
      sm_fastSunShadow "1"
      sm_fullResSpotShadowEnable "0"
      sm_lightScore_eyeProjectDist "64"
      sm_lightScore_spotProjectFrac "0.125"
      sm_maxLights "4"
      sm_polygonOffsetBias "10"
      sm_polygonOffsetScale "2"
      sm_qualitySpotShadow "1"
      sm_spotEnable "1"
      sm_spotShadowFadeTime "1"
      sm_spotShadowLargeRadiusScale "1"
      sm_strictCull "1"
      sm_sunAlwaysCastsShadow "0"
      sm_sunEnable "1"
      sm_sunSampleSizeNear "0.25"
      sm_sunShadowCenter "0 0 0"
      sm_sunShadowScale "1"
      sm_sunShadowSmallEnable "0"
      sm_sunShadowSmallScriptPS3OnlyEnable "0"
      snaps "20"
      snd_autoSim "1"
      snd_drawInfo "None"
      snd_drawSort "priority"
      snd_enableEq "0"
      snd_khz "44"
      sp_minplayers "1"
      splitscreen_lobbyPlayerCount ""
      splitscreen_partyPlayerCount ""
      spmode "0"
      stat_version "10"
      stats_backup "1"
      stats_version_check "1"
      statusinfo_onEscArg ""
      steamid "3000000c172200b"
      stopspeed "100"
      sv_3xEXP "0"
      sv_allowAimAssist "1"
      sv_allowAnonymous "0"
      sv_allowDownload "0"
      sv_allowedClan1 ""
      sv_allowedClan2 ""
      sv_allowFriendlyThrowback "1"
      sv_assistWorkers "0"
      sv_autodemorecord "0"
      sv_BigHeadMode "0"
      sv_botsPressAttackBtn "1"
      sv_cheats "0"
      sv_clientArchive "1"
      sv_clientside "0"
      sv_clientSideBullets "1"
      sv_clientSideVehicles "1"
      sv_connectTimeout "240"
      sv_debugRate "0"
      sv_debugReliableCmds "0"
      sv_disableChat "0"
      sv_disableClientConsole "0"
      sv_DisableTheatre "0"
      sv_DoubleCodPoints "0"
      sv_enableBounces "0"
      sv_EnableDevCheats "0"
      sv_EnableSuperuser "0"
      sv_FakeRemoteClient "0"
      sv_FFCheckSums ""
      sv_FFNames ""
      sv_fix_hudelem_flicker "1"
      sv_floodProtect "0"
      sv_fps "20"
      sv_FullAmmo "0"
      sv_HostBandwidthMinimumPerPlayer "65536"
      sv_hostname "BlackOpsZombie"
      sv_InfiniteSprint "0"
      sv_InstantReload "0"
      sv_Invisible "0"
      sv_iwdNames ""
      sv_iwds ""
      sv_keywords ""
      sv_kickBanTime "300"
      sv_lastSaveCommitedToDevice ""
      sv_lastSaveGame ""
      sv_MakeMeHost "0"
      sv_mapname ""
      sv_mapRotation "map zombie_theater map zombie_pentagon map zombie_cosmodrome map zombie_coast map zombie_temple map zombie_moon map zombie_cod5_prototype map zombie_cod5_asylum map zombie_cod5_sumpf map zombie_cod5_factory"
      sv_mapRotationCurrent " map zombie_pentagon map zombie_cosmodrome map zombie_coast map zombie_temple map zombie_moon map zombie_cod5_prototype map zombie_cod5_asylum map zombie_cod5_sumpf map zombie_cod5_factory"
      sv_maxclients "4"
      sv_maxPhysExplosionSpheres "-1"
      sv_maxPing "0"
      sv_maxRate "7000"
      sv_minPing "0"
      sv_motd ""
      sv_netcull_animcmdsize_threshold "2000"
      sv_netcull_msgsize_threshold "3000"
      sv_network_fps "100"
      sv_network_warning "0"
      sv_NoClip "0"
      sv_noname "Unknown Soldier"
      sv_NoShapshotWarnings "0"
      sv_packet_info "0"
      sv_padPackets "0"
      sv_paused "0"
      sv_playlistFetchInterval "3600"
      sv_privateClients "0"
      sv_privatePassword ""
      sv_punkbuster "0"
      sv_pure "0"
      sv_QuickHealthRecharge "0"
      sv_RadarAlwaysOn "0"
      sv_randomizeBotNames "1"
      sv_reconnectlimit "3"
      sv_referencedFFCheckSums ""
      sv_referencedFFNames ""
      sv_referencedIwdNames ""
      sv_referencedIwds ""
      sv_replaceBots "0"
      sv_restoreDvars "1"
      sv_restrictedTempEnts "0"
      sv_running "1"
      sv_saveDeviceAvailable "1"
      sv_saveGameAvailable "0"
      sv_saveGameNotReadable "0"
      sv_saveOnStartMap "1"
      sv_sayName "console"
      sv_SetAllFree "0"
      sv_showAverageBPS "0"
      sv_showPingSpam "0"
      sv_smp "1"
      sv_SnapshotManLaw "1"
      sv_SnapshotPeek "1"
      sv_SuperPenetrate "0"
      sv_timeout "30"
      sv_TripleBullet "0"
      sv_UnlockAllIntel "0"
      sv_UnlockAllSlots "0"
      sv_useAnimCulling "0"
      sv_useVIS "1"
      sv_vac "1"
      sv_voice "1"
      sv_voiceQuality "3"
      sv_writeConfigStrings "0"
      sv_wwwBaseURL ""
      sv_zm_no_respawn "1"
      sv_znear "0"
      sv_zombietime "2"
      sys_configSum "266827972"
      sys_configureGHz "0.0275741"
      sys_cpuGHz "0.01"
      sys_cpuName "AMD Ryzen 5 5600G with Radeon Graphics         "
      sys_gpu "NVIDIA GeForce RTX 3060"
      sys_lockThreads "0"
      sys_smp_allowed "1"
      sys_SSE "1"
      sys_sysMB "1024"
      systemlink "0"
      systemlink_warning_shown "0"
      systemlinkparty "0"
      systemlinkpartyandhost "0"
      systemUiActive "0"
      takeCoverWarnings "-1"
      team_indicator "0"
      teamsplitter_verbose "0"
      test_levels_bsps ""
      test_levels_choices "0"
      test_levels_names ""
      test_levels_selection ""
      theaterAftereffectOverride "-1"
      tickerHeaderWidth "0"
      tickerStandardWidth "300"
      tickerWidescreenWidth "400"
      timescale "1"
      tree_bend "1"
      tree_frequency "2"
      tree_random "0.1"
      tu_debugLobbyConnectionStatus "0"
      tu_dwSanityCheckAddressHandle "0"
      tu_goBackToLobbyFix "0"
      tu_ignoreMultipleRejoins "0"
      tu_onlyhostqos "0"
      tu_partySwitchLobbySyncParamsFix "0"
      tu_partyUISplitFix "0"
      tu_rejoinonhandshakefail "0"
      tu_reliableMessages "0"
      tu_waitForAnonymousMembers "0"
      turret_SentryTargetTime "4000"
      turretPlayerAvoidScale "1.7"
      turretScopeZoom "20"
      turretScopeZoomMax "20"
      turretScopeZoomMin "5"
      turretScopeZoomRate "15"
      typeWriterCod7LetterFXTime "50"
      ui3d_hudelem_maxheight "2000"
      ui3d_hudelem_maxscale "10"
      ui3d_hudelem_minheight "220"
      ui3d_hudelem_minscale "2"
      ui_allowConsole "0"
      ui_allowFov "0"
      ui_ammo_stock_width "0"
      ui_animSpeedScale "1"
      ui_autoContinue "0"
      ui_bigFont "0.4"
      ui_borderLowLightScale "0.6"
      ui_browserFriendlyfire "-1"
      ui_browserGameMode "0"
      ui_browserHideDlc "0"
      ui_browserKillcam "-1"
      ui_browserMod "-2"
      ui_browserShowDedicated "0"
      ui_browserShowEmpty "1"
      ui_browserShowFull "1"
      ui_browserShowInfo "0"
      ui_browserShowMapTip "0"
      ui_browserShowPassword "-1"
      ui_browserShowPunkBuster "-1"
      ui_browserShowPure "0"
      ui_browserShowToolTip "0"
      ui_browserToolTip ""
      ui_browserVoiceChat "-1"
      ui_buildLocation "16 0"
      ui_buildSize "0.2"
      ui_campaign "american"
      ui_challengeGameMode ""
      ui_cinematicsTimestamp "0"
      ui_clancardOpen "0"
      ui_clanCountNotZero "0"
      ui_clanDescription ""
      ui_clanName ""
      ui_clanRecommendationCount "0"
      ui_connectScreenTextGlowColor "0 0 0 1"
      ui_controllerPulled "-1"
      ui_currentMap "0"
      ui_currentNetMap "0"
      ui_currentRecentPlayer "0"
      ui_customClassName ""
      ui_customModeDesc ""
      ui_customModeEditDesc ""
      ui_customModeEditName ""
      ui_customModeIndex "0"
      ui_customModeName ""
      ui_dedicated "0"
      ui_demoname ""
      ui_downloadInfoLocation "150 150"
      ui_drawCrosshair "1"
      ui_dropdownButtonOffset "0"
      ui_dropdownListMax "0"
      ui_dropdownMax "0"
      ui_dropdownOffset "0"
      ui_ethernetLinkActive "1"
      ui_friendCountNotZero "0"
      ui_friendNameNew ""
      ui_friendPendingSelectedInd "0"
      ui_friendSelectedInd "0"
      ui_friendsListOpen "0"
      ui_gametype "zom"
      ui_groupsCountNotZero "0"
      ui_incomingProposalCount "0"
      ui_incomingProposalCountNotZero "0"
      ui_inviteScreen "0"
      ui_inviteSelectedInd "0"
      ui_isClanMember "0"
      ui_isSaving "0"
      ui_joinGametype "0"
      ui_leaderboardFeederCountNotZero "0"
      ui_leaderboardOpen "0"
      ui_listboxIndex "0"
      ui_loadRawMenus "0"
      ui_lobbyLeaderBoard "0"
      ui_mapname ""
      ui_menuLvlNotify "1"
      ui_MOTDScrollRate "0.1"
      ui_mousePitch "0"
      ui_netGametypeName ""
      ui_netSource "1"
      ui_nextMission "0"
      ui_numPersonalBests "3"
      ui_onCloseArgs ""
      ui_onlineClanCount "0"
      ui_partyFull "0"
      ui_pendingControllerPullEvent "-1"
      ui_pendingSystemUIOpenEvent "-1"
      ui_playCoastOutroMovie "0"
      ui_playercardOpen "0"
      ui_playerListOpen "0"
      ui_playerPartyColor "0.94902 0.721569 0.211765 1"
      ui_playlistPopulationRefreshTime "1200"
      ui_readingSaveDevice "0"
      ui_recentPlayerCountNotZero "0"
      ui_recommendedCountNotZero "0"
      ui_right_ammo_width "0"
      ui_savegame ""
      ui_saveMessageMinTime "1"
      ui_scrollMOTDDelay "30"
      ui_scrollMOTDYOffset "0"
      ui_scrollMOTDYOffsetResetDelay "15"
      ui_scrollTextDelay "40"
      ui_scrollTextScrollRate "0.1"
      ui_scrollTextYOffset "0"
      ui_scrollTextYOffsetResetDelay "20"
      ui_serverStatusTimeOut "7000"
      ui_shipping_cheats "0"
      ui_showBryceMagic "0"
      ui_showDLCMaps "0"
      ui_showList "0"
      ui_showMenuOnly ""
      ui_signedInToProfile "0"
      ui_skipMainLockout "0"
      ui_smallFont "0.25"
      ui_sp_unlock "0"
      ui_totalClanMemberCount "0"
      unsubscriptionCooloffTimer "60000"
      use_localStats "0"
      useFastFile "1"
      useMapPreloading "1"
      useSvMapPreloading "1"
      vehanim_debug "0"
      vehanim_enable "1"
      vehCamPitch "15"
      vehControlMode "1"
      vehGunnerSplashDamage "0.1"
      vehHelicopterAlwaysFaceCamera "1"
      vehHelicopterAlwaysFaceCameraRate "2"
      vehHelicopterDecelerationFwd "0.5"
      vehHelicopterDecelerationSide "1"
      vehHelicopterDefaultPitch "0"
      vehHelicopterFreeLook "0"
      vehHelicopterFreeLookReleaseSpeed "8"
      vehHelicopterHeadSwayDontSwayTheTurret "0"
      vehHelicopterHeadSwayOnPitch "0.2"
      vehHelicopterHeadSwayOnRollHorz "0.1"
      vehHelicopterHeadSwayOnRollVert "2"
      vehHelicopterHeadSwayOnYaw "0.1"
      vehHelicopterHoverSpeedThreshold "400"
      vehHelicopterInvertUpDown "0"
      vehHelicopterJitterJerkyness "0.3"
      vehHelicopterLookaheadTime "1"
      vehHelicopterMaxAccelVertical "60"
      vehHelicopterMaxSpeedVertical "65"
      vehHelicopterPathTransitionTime "1.3"
      vehHelicopterRightStickDeadzone "0.3"
      vehHelicopterRotDecel "1.3"
      vehHelicopterScaleMovement "1"
      vehHelicopterSoftCollisions "0"
      vehHelicopterStrafeDeadzone "0.3"
      vehHelicopterTiltFromControllerAxes "0"
      vehHelicopterTiltFromFwdAndYaw "20"
      vehHelicopterTiltFromFwdAndYaw_VelAtMaxTilt "1"
      vehHelicopterTiltFromViewangles "3"
      vehHelicopterTiltMomentum "0.4"
      vehHelicopterYawAltitudeControls "Altitude: bumper buttons     Yaw: thumbstick"
      vehHelicopterYawOnLeftStick "5"
      vehHudTargetScreenEdgeClampBufferBottom "0"
      vehHudTargetScreenEdgeClampBufferLeft "0"
      vehHudTargetScreenEdgeClampBufferRight "0"
      vehHudTargetScreenEdgeClampBufferTop "0"
      vehHudTargetSize "30"
      vehicle_perk_boost_duration_seconds "0.74"
      vehicle_push_during_mantle "1"
      vehicle_riding "1"
      vehicle_selfCollision "1"
      vehicle_sounds_cutoff "3000"
      vehLocationalVehicleSeatEntry "1"
      vehLockTurretToPlayerView "0"
      vehRecenterDelay "3000"
      version "Plutonium T5 Co-Op (r5346)"
      vid_xpos "0"
      vid_ypos "0"
      voice_deadChat "0"
      voice_global "0"
      voice_localEcho "0"
      wagerCategory "0"
      wagerCategoryPlaylist "0"
      waitForStreamer "1"
      waitOnStatsTimeout "15"
      waterbrush_entity "-1"
      waypointDebugDraw "0"
      waypointDistFade "300"
      waypointDistScaleRangeMax "3000"
      waypointDistScaleRangeMin "1000"
      waypointDistScaleSmallest "0.8"
      waypointIconHeight "36"
      waypointIconWidth "36"
      waypointOffscreenCornerRadius "105"
      waypointOffscreenDistanceThresholdAlpha "30"
      waypointOffscreenPadBottom "30"
      waypointOffscreenPadLeft "40"
      waypointOffscreenPadRight "0"
      waypointOffscreenPadTop "0"
      waypointOffscreenPointerDistance "30"
      waypointOffscreenPointerHeight "12"
      waypointOffscreenPointerWidth "25"
      waypointOffscreenRoundedCorners "1"
      waypointOffscreenScaleLength "500"
      waypointOffscreenScaleSmallest "1"
      waypointPlayerOffsetCrouch "56"
      waypointPlayerOffsetProne "30"
      waypointPlayerOffsetStand "74"
      waypointSplitscreenScale "1.8"
      waypointTimeFade "500"
      waypointTweakY "-17"
      weapon_load_order "default"
      weaponCamoLodDist "1250"
      weaponClanTagLodDist "300"
      weaponEmblemLodDist "300"
      wideScreen "1"
      wind_debug_display "0"
      wind_global_hi_altitude "0"
      wind_global_low_altitude "0"
      wind_global_low_strength_percent "1"
      wind_global_vector "1 0 0"
      wind_grass_gust_distance "2000"
      wind_grass_gust_radius "400"
      wind_grass_gust_speed "1"
      wind_grass_gust_strength "0.5"
      wind_grass_gustinterval "250"
      wind_grass_scale "10000"
      wind_grass_tension "0.001"
      wind_leaf_scale "176"
      wind_local_amplitude "1 1 1 0"
      wind_local_frequency "6 6 6"
      wind_local_gust_radius "1000"
      wind_local_gust_strength "0.8"
      wind_local_vector "0 1 0 0"
      xblive_allmappacks "0"
      xblive_anymappacks "0"
      xblive_clanListChanged "0"
      xblive_clanmatch "0"
      xblive_contentpath ""
      xblive_hostingprivateparty "0"
      xblive_loggedin "1"
      xblive_mappacks "0"
      xblive_matchEndingSoon "0"
      xblive_privatematch "0"
      xblive_privatepartyclient "0"
      xblive_rankedmatch "0"
      xblive_showmarketplace "0"
      xblive_wagermatch "0"
      xenon_maxVoicePacketsPerSec "100"
      xenon_maxVoicePacketsPerSecForServer "20"
      xenon_voiceDebug "0"
      xenon_voiceDegrade "0"
      zero_stats_check "1"
      zombie_reachin_freq "50"
      zombie_taunt_freq "5"
      zombie_unlock_all ""
      zombiefive_discovered "1"
      zombiefive_discovered_override "1"
      zombiefive_norandomchar "0"
      zombiemode "1"
      zombiemode_path_minz_bias "50"
      zombieStopSplitScreen "1"
      zombietron "0"
      zombietron_discovered "1"
      zombietron_discovered_override "1"

2612 total dvars
2612 dvar indexes
=============================== END DVAR DUMP =====================================
Executing 'main' for scripts/sp/zm_spawn_fix.gsc
Finished 'main' for scripts/sp/zm_spawn_fix.gsc
Error: Could not load rawfile "shock/electrocution.shock".
Error: couldn't open 'shock/electrocution.shock'.
Error: Could not load weapon "stg44_zm".
Error: Could not load weapon "stg44_upgraded_zm".
Error: Could not load rawfile "shock/zombie_death.shock".
Error: couldn't open 'shock/zombie_death.shock'.
'0' is not a valid value for dvar 'bg_shock_viewKickPeriod'
  Domain is any number from 0.001 to 1000
'0' is not a valid value for dvar 'bg_shock_soundFadeInTime'
  Domain is any number from 0.001 to 1000
Error: Could not load xmodel "fx".
Replaced vending_trigger_think for nonsolo quickrevive
Error: Invalid counter string id: global_solo_games
Executing 'init' for scripts/sp/zm_random_char.gsc
Finished 'init' for scripts/sp/zm_random_char.gsc
Executing 'init' for scripts/sp/zm_spawn_fix.gsc
Finished 'init' for scripts/sp/zm_spawn_fix.gsc
Executing 'init' for scripts/sp/zom/counter_script.gsc
Finished 'init' for scripts/sp/zom/counter_script.gsc
-----------------------------------
Error: Could not load stringtable "credits_pc.csv".
Unknown command "readStats"
high temp: 0x8C580
high perm: 0x8C580
low temp: 0x8FA8
low perm: 0x8FA8
total: 0xF00000
ram: 975.1602 MB
peak ram: 0.0000 MB
peak nt ram: 975.3203 MB
Unknown command "fade"
Failed to fetch DW file 'CompressedMetPlayer3.info': err 0 'BD_NO_ERROR'. (300005ms)
Error: Unable to fetch file CompressedMetPlayer3.info. (300014ms)
Received connectReq! Sending response...
Received mod dl info! Sending response...
Received connectReq! Sending response...
Received mod dl info! Sending response...
Received connectReq! Sending response...
Received mod dl info! Sending response...
User with id 6299053 successfully authenticated.
Letting player with userid 6299053 into the server because the challenge verification completed successfully.
Unable to get XNADDR for incoming packet from 51.253.250.194
Party_FindMember: Error converting net address 51.253.250.194 into platform specific address
Party_FindMember: If followed by address errors, address should be validated before calling Party_FindMember
Going from CS_FREE to CS_CONNECTED for  (num 0 guid 6299053)
Received packet 0 of 1 of stats data
--
DynEnt_WriteGameState wrote 2 bytes
--
Received connectReq! Sending response...
Received mod dl info! Sending response...
Received connectReq! Sending response...
Received mod dl info! Sending response...
Received connectReq! Sending response...
Received mod dl info! Sending response...
User with id 6251767 successfully authenticated.
Letting player with userid 6251767 into the server because the challenge verification completed successfully.
Unable to get XNADDR for incoming packet from 2.89.196.166
Party_FindMember: Error converting net address 2.89.196.166 into platform specific address
Party_FindMember: If followed by address errors, address should be validated before calling Party_FindMember
Going from CS_FREE to CS_CONNECTED for  (num 1 guid 6251767)
Received packet 0 of 1 of stats data
--
DynEnt_WriteGameState wrote 2 bytes
--
Received connectReq! Sending response...
Received mod dl info! Sending response...
Received connectReq! Sending response...
Received mod dl info! Sending response...
1:TeaBeey EXE_DISCONNECTED
Removing xuid 0 (clientNum 1) from session
Unable to get XNADDR for incoming packet from 2.89.196.166
Party_FindMember: Error converting net address 2.89.196.166 into platform specific address
Party_FindMember: If followed by address errors, address should be validated before calling Party_FindMember
Couldn't find  in the party list
Received connectReq! Sending response...
Received mod dl info! Sending response...
Timestamp: SV_SpawnServer 1789831020
STEAM: Set server appid to 0
------ Server Initialization ------
Server: zm_moon
Unloading assets from fastfile 'zombie_theater' and creating default assets stubs
Unloading assets from fastfile 'en_zombie_theater' and creating default assets stubs
Unloading assets from fastfile 'zombie_theater_patch' and creating default assets stubs
Unloaded fastfile 'zombie_theater'
PMem_Free( zombie_theater, Low )
PMem_Free( zombie_theater, High )
Unloaded fastfile 'en_zombie_theater'
PMem_Free( en_zombie_theater, Low )
PMem_Free( en_zombie_theater, High )
Unloaded fastfile 'zombie_theater_patch'
PMem_Free( zombie_theater_patch, Low )
PMem_Free( zombie_theater_patch, High )
Adding fastfile 'zm_moon_patch' to queue
Adding fastfile 'en_zm_moon' to queue
Adding fastfile 'zm_moon' to queue
Adding fastfile 'zm_moon_patch_override' to queue
WARNING: Could not find zone 'C:\T5Server\zone\english\zm_moon_patch.ff'
WARNING: Could not find zone 'C:\T5Server\zone\english\en_zm_moon.ff'
WARNING: Could not find zone 'C:\T5Server\zone\english\zm_moon.ff'
WARNING: Could not find zone 'C:\T5Server\zone\english\zm_moon_patch_override.ff'
Error: Could not load col_map_mp "maps/zm_moon.d3dbsp".

====================================================
Com_ERROR: Couldn't find the bsp for this map.  Please build the fast file associated with maps/zm_moon.d3dbsp and try again.
====================================================

ERROR: No languages available because no localized assets were found
********************
ERROR: Couldn't find the bsp for this map.  Please build the fast file associated with maps/zm_moon.d3dbsp and try again.
********************
SV_Shutdown: Couldn't find the bsp for this map.  Please build the fast file associated with maps/zm_moon.d3dbsp and try again.
----- Server Shutdown -----
0:wesir EXE_DISCONNECTED
---------------------------
PMem_Free( PerLocalClient, Low )
PMem_Free( PerLocalClient, High )
Calling Party_StopParty() on lobby
Clearing migration data
Unknown command "t5sp"
execing dedicated_sp.cfg from disk
Error: sv_disableClientConsole can only be changed by the server
Error: sv_floodProtect can only be changed by the server
Error: sv_voice can only be changed by the server
Error: sv_voiceQuality can only be changed by the server
Error: sp_minplayers can only be changed by the server
Error: sv_wwwBaseURL can only be changed by the server
Error: perk_weapRateEnhanced can only be changed by the server
Error: g_playerEjection can only be changed by the server
Error: g_patchRocketJumps can only be changed by the server
Error: g_playerCollision can only be changed by the server
Unknown command "limit"
Unknown command "range"
Unknown command "value"
Error: Already contained!
Error: Already contained!
Error: Already contained!
Error: Already contained!
'8' is not a valid value for dvar 'sv_maxclients'
  Domain is any integer from 1 to 4
Error: sv_floodProtect can only be changed by the server
map_rotate...

"sv_mapRotation" is:"map zombie_theater map zombie_pentagon map zombie_cosmodrome map zombie_coast map zombie_temple map zombie_moon map zombie_cod5_prototype map zombie_cod5_asylum map zombie_cod5_sumpf map zombie_cod5_factory"

"sv_mapRotationCurrent" is:" map zombie_pentagon map zombie_cosmodrome map zombie_coast map zombie_temple map zombie_moon map zombie_cod5_prototype map zombie_cod5_asylum map zombie_cod5_sumpf map zombie_cod5_factory"

Setting map: zombie_pentagon.
Timestamp: SV_SpawnServer 1789831021
Error: Could not load material "menu_mp_lobby_scrollbar_main".
Error: Could not load material "menu_mp_lobby_scrollbar_block".
Error: Could not load material "playlist_sp_recr".
Error: Could not load material "playlist_sp_reg".
Error: Could not load material "playlist_sp_hard".
Error: Could not load material "playlist_sp_vet".
STEAM: Set server appid to 0
------ Server Initialization ------
Server: zombie_pentagon
Adding fastfile 'zombie_pentagon_patch' to queue
Adding fastfile 'en_zombie_pentagon' to queue
Adding fastfile 'zombie_pentagon' to queue
Adding fastfile 'zombie_pentagon_patch_override' to queue
Loading fastfile 'zombie_pentagon_patch'
used 0.74 MB memory in DB alloc
Loading fastfile 'en_zombie_pentagon'
used 1.70 MB memory in DB alloc
Loading fastfile 'zombie_pentagon'
used 103.07 MB memory in DB alloc
WARNING: Could not find zone 'C:\T5Server\zone\english\zombie_pentagon_patch_override.ff'
------- Game Initialization -------
gamename: PT5SP
gamedate: Aug 25 2026
Initializing game at 09/19/26 18:17:01 +0300
Current uptime: 00:18:09
Level time: 0
Restart: 0
Error: Could not load rawfile "maps/gametypes/zom.gsc".
animscripts/traverse/zombie_mantle_over_40animscripts/traverse/zombie_quad_vent_jump_downLoading script scripts/sp/zm_random_char.gsc...
Script scripts/sp/zm_random_char.gsc loaded successfully.
Loading script scripts/sp/zm_spawn_fix.gsc...
Script scripts/sp/zm_spawn_fix.gsc loaded successfully.
Loading script scripts/sp/zom/counter_script.gsc...
Script scripts/sp/zom/counter_script.gsc loaded successfully.
Loading script scripts/sp/zom/zm_spawn_fix.gsc...
Script scripts/sp/zom/zm_spawn_fix.gsc loaded successfully.
Script scripts/sp/zom/zm_spawn_fix.gsc has no 'main' or 'init'.
Could not load xanim "generic_talker_allies".
Could not load xanim "generic_talker_axis".
Could not load xanim "generic_lookupleft".
Could not load xanim "generic_lookupright".
Could not load xanim "crew_truck_driver_climbin".
Could not load xanim "crew_truck_passenger_climbin".
Could not load xanim "crew_snowcat_driver_idle".
Could not load xanim "crew_truck_guy8_climbin".
Could not load xanim "crew_truck_guy7_climbin".
Could not load xanim "crew_truck_guy6_climbin".
Could not load xanim "crew_truck_guy5_climbin".
Could not load xanim "crew_truck_guy4_climbin".
Could not load xanim "crew_truck_guy3_climbin".
Could not load xanim "crew_truck_guy2_climbin".
Could not load xanim "crew_truck_guy1_climbin".
Could not load xanim "ai_meatshield_hostage_dead_drop".
Could not load xanim "int_meatshield_hostage_dead_drop".
Could not load xanim "ai_meatshield_hostage_dead_idle_steady".
Could not load xanim "int_meatshield_hostage_dead_idle_steady".
Could not load xanim "ai_meatshield_hostage_dead_idle".
Could not load xanim "int_meatshield_hostage_dead_idle".
Could not load xanim "ai_meatshield_hostage_trans_2_dead".
Could not load xanim "int_meatshield_hostage_trans_2_dead".
Could not load xanim "ai_meatshield_victim_aim_idle_steady".
Could not load xanim "int_meatshield_player_aim_idle_leftarm_steady".
Could not load xanim "ai_meatshield_victim_aim_idle".
Could not load xanim "int_meatshield_player_aim_idle_leftarm".
Could not load xanim "ai_meatshield_grab".
Could not load xanim "int_meatshield_grab".
Could not load xanim "ai_contextual_melee_headpunch_quick".
Could not load xanim "ai_contextual_melee_judochop_quick".
Could not load xanim "ai_contextual_melee_elbow_hit_quick".
Could not load xanim "ai_contextual_melee_kneekick_quick".
Could not load xanim "ai_contextual_melee_crouch_neckstab_quick".
Could not load xanim "ai_contextual_melee_neckstabcrouch_death_quick".
Could not load xanim "ai_contextual_melee_neckstab_quick".
Could not load xanim "ai_contextual_melee_necksnap_quick".
Could not load xanim "ai_contextual_melee_garrotesit_death_quick".
Could not load xanim "ai_contextual_melee_garrote_quick".
Could not load xanim "ai_contextual_melee_neckstabcrouch_death".
Could not load xanim "ai_contextual_melee_neckstabcrouch_idle".
Could not load xanim "ai_contextual_melee_neckstab".
Could not load xanim "ai_contextual_melee_necksnap".
Could not load xanim "ai_contextual_melee_garrotesit_deathpose".
Could not load xanim "ai_contextual_melee_garrotesit_death".
Could not load xanim "ai_contextual_melee_garrotesit_idle".
Could not load xanim "ai_contextual_melee_garrote".
Could not load xanim "int_contextual_melee_headpunch_quick".
Could not load xanim "int_contextual_melee_judochop_quick".
Could not load xanim "int_contextual_melee_elbow_hit_quick".
Could not load xanim "int_contextual_melee_kneekick_quick".
Could not load xanim "int_contextual_melee_crouch_neckstab_quick".
Could not load xanim "int_contextual_melee_neckstabcrouch_quick".
Could not load xanim "int_contextual_melee_neckstab_quick".
Could not load xanim "int_contextual_melee_necksnap_quick".
Could not load xanim "int_contextual_melee_garrotesit_quick".
Could not load xanim "int_contextual_melee_garrote_quick".
Could not load xanim "int_contextual_melee_neckstabcrouch".
Could not load xanim "int_contextual_melee_neckstab".
Could not load xanim "int_contextual_melee_necksnap".
Could not load xanim "int_contextual_melee_garrotesit".
Could not load xanim "int_contextual_melee_garrote".
Could not load xanim "crew_jeep1_passenger_to_driver".
Could not load xanim "crew_jeep1_passenger3_climbin_fast".
Could not load xanim "crew_jeep1_passenger2_climbin_fast".
Could not load xanim "crew_jeep1_passenger1_climbin_fast".
Could not load xanim "crew_jeep1_driver_climbin_fast".
Could not load xanim "crew_jeep1_passenger3_climbout_fast".
Could not load xanim "crew_jeep1_passenger2_climbout_fast".
Could not load xanim "crew_jeep1_passenger1_climbout_fast".
Could not load xanim "crew_jeep1_driver_climbout_fast".
Could not load xanim "ai_zombie_thundergun_hit_legsout_right".
Could not load xanim "ai_zombie_thundergun_hit_legsout_left".
Could not load xanim "ai_zombie_thundergun_hit_upontoback".
Could not load xanim "ai_zombie_thundergun_hit_stumblefall".
Could not load xanim "ai_zombie_thundergun_hit_forwardtoface".
Could not load xanim "ai_zombie_thundergun_hit_flatonback".
Could not load xanim "ai_zombie_thundergun_hit_doublebounce".
Could not load xanim "ai_zombie_thundergun_hit_deadfallknee".
Could not load xanim "ai_zombie_thundergun_hit_armslegsforward".
Could not load xanim "ai_zombie_thundergun_hit_faceplant".
Could not load xanim "ai_zombie_thundergun_getup_quick_c".
Could not load xanim "ai_zombie_thundergun_getup_quick_b".
Could not load xanim "ai_zombie_thundergun_getup_c".
Could not load xanim "ai_zombie_thundergun_getup_b".
Could not load xanim "ai_zombie_thundergun_getup_quick_a".
Could not load xanim "ai_zombie_thundergun_getup_a".
Could not load xanim "ai_zombie_tesla_crawl_death_b".
Could not load xanim "ai_zombie_tesla_crawl_death_a".
Could not load xanim "ai_zombie_tesla_death_e".
Could not load xanim "ai_zombie_tesla_death_d".
Could not load xanim "ai_zombie_tesla_death_c".
Could not load xanim "ai_zombie_tesla_death_b".
Could not load xanim "ai_zombie_tesla_death_a".
Could not load xanim "bog_melee_r_defend".
Could not load xanim "bog_melee_r_attack".
Could not load xanim "crew_bike_m72_aim_r_5".
Could not load xanim "crew_bike_m72_aim_l_5".
Could not load xanim "crew_bike_m72_aim_f_5".
Could not load xanim "crew_bike_m72_blindfire".
Could not load xanim "crew_bike_m72_lean_right_unarmed".
Could not load xanim "crew_bike_m72_lean_right_armed".
Could not load xanim "crew_bike_m72_lean_left_unarmed".
Could not load xanim "crew_bike_m72_lean_left_armed".
Could not load xanim "crew_bike_m72_jump_land_unarmed".
Could not load xanim "crew_bike_m72_jump_land_armed".
Could not load xanim "crew_bike_m72_jump_start_unarmed".
Could not load xanim "crew_bike_m72_jump_start_armed".
Could not load xanim "crew_bike_m72_drive_straight".
Could not load xanim "crew_bike_m72_aim_gun_putaway".
Could not load xanim "crew_bike_m72_aim_gun_pullot".
Could not load xanim "crew_bike_m72_r_fire".
Could not load xanim "crew_bike_m72_l_fire".
Could not load xanim "crew_bike_m72_f_fire".
Could not load xanim "crew_bike_m72_aim_r_8".
Could not load xanim "crew_bike_m72_aim_l_8".
Could not load xanim "crew_bike_m72_aim_f_8".
Could not load xanim "crew_bike_m72_aim_r_6".
Could not load xanim "crew_bike_m72_aim_l_6".
Could not load xanim "crew_bike_m72_aim_f_6".
Could not load xanim "crew_bike_m72_aim_r_4".
Could not load xanim "crew_bike_m72_aim_l_4".
Could not load xanim "crew_bike_m72_aim_f_4".
Could not load xanim "crew_bike_m72_aim_r_2".
Could not load xanim "crew_bike_m72_aim_l_2".
Could not load xanim "crew_bike_m72_aim_f_2".
Could not load xanim "ai_m113_gunner_aim_up".
Could not load xanim "ai_m113_gunner_aim_down".
Could not load xanim "ai_m113_gunner_aim".
Could not load xanim "ai_boat_pbr_gunner_aim_up".
Could not load xanim "ai_boat_pbr_gunner_aim_down".
Could not load xanim "ai_boat_pbr_gunner_aim".
Could not load xanim "ai_50cal_gunner_aim_down".
Could not load xanim "ai_50cal_gunner_aim_up".
Could not load xanim "ai_50cal_gunner_aim".
Could not load xanim "crew_truck_guy6_climbout_fast".
Could not load xanim "crew_truck_guy5_climbout_fast".
Could not load xanim "crew_truck_guy2_climbout_fast".
Could not load xanim "crew_truck_guy1_climbout_fast".
Could not load xanim "crew_gaz63_passenger_climbout_fast".
Could not load xanim "crew_gaz63_driver_jump_out".
Could not load xanim "crew_truck_guy8_climbout".
Could not load xanim "crew_truck_guy7_climbout".
Could not load xanim "crew_truck_guy6_climbout".
Could not load xanim "crew_truck_guy5_climbout".
Could not load xanim "crew_truck_guy4_climbout".
Could not load xanim "crew_truck_guy3_climbout".
Could not load xanim "crew_truck_guy2_climbout".
Could not load xanim "crew_truck_guy1_climbout".
Could not load xanim "crew_truck_passenger_climbout".
Could not load xanim "crew_truck_driver_climbout".
Could not load xanim "crew_truck_guy8_sit_idle".
Could not load xanim "crew_truck_guy7_sit_idle".
Could not load xanim "crew_truck_guy6_sit_idle".
Could not load xanim "crew_truck_guy5_sit_idle".
Could not load xanim "crew_truck_guy4_sit_idle".
Could not load xanim "crew_truck_guy3_sit_idle".
Could not load xanim "crew_truck_guy2_sit_idle".
Could not load xanim "crew_truck_guy1_sit_idle".
Could not load xanim "crew_gaz63_passenger_sit_idle".
Could not load xanim "crew_truck_passenger_sit_idle".
Could not load xanim "crew_truck_driver_sit_idle".
Could not load xanim "crew_police_passenger_climbout".
Could not load xanim "crew_police_driver_climbout".
Could not load xanim "crew_police_passenger_idle".
Could not load xanim "crew_police_driver_idle".
Could not load xanim "crew_uaz_passenger3_idle".
Could not load xanim "crew_uaz_passenger2_idle".
Could not load xanim "crew_uaz_passenger1_idle".
Could not load xanim "crew_uaz_driver_idle".
Could not load xanim "uaz_passenger_enter_from_huntedrun".
Could not load xanim "crew_uaz_passenger3_tumbleout".
Could not load xanim "crew_uaz_passenger1_tumbleout".
Could not load xanim "crew_uaz_driver_tumbleout".
Could not load xanim "uaz_driver_enter_from_huntedrun".
Could not load xanim "crew_uaz_passenger3_climbout".
Could not load xanim "crew_uaz_passenger2_climbout".
Could not load xanim "crew_uaz_passenger1_climbout".
Could not load xanim "crew_uaz_driver_climbout".
Could not load xanim "crew_jeep1_passenger3_turn_right_heavy".
Could not load xanim "crew_jeep1_passenger2_turn_right_heavy".
Could not load xanim "crew_jeep1_passenger1_turn_right_heavy".
Could not load xanim "crew_jeep1_driver_turn_right_heavy".
Could not load xanim "crew_jeep1_passenger3_turn_right_light".
Could not load xanim "crew_jeep1_passenger2_turn_right_light".
Could not load xanim "crew_jeep1_passenger1_turn_right_light".
Could not load xanim "crew_jeep1_driver_turn_right_light".
Could not load xanim "crew_jeep1_passenger3_turn_left_heavy".
Could not load xanim "crew_jeep1_passenger2_turn_left_heavy".
Could not load xanim "crew_jeep1_passenger1_turn_left_heavy".
Could not load xanim "crew_jeep1_driver_turn_left_heavy".
Could not load xanim "crew_jeep1_passenger3_turn_left_light".
Could not load xanim "crew_jeep1_passenger2_turn_left_light".
Could not load xanim "crew_jeep1_passenger1_turn_left_light".
Could not load xanim "crew_jeep1_driver_turn_left_light".
Could not load xanim "crew_jeep1_passenger3_stop".
Could not load xanim "crew_jeep1_passenger2_stop".
Could not load xanim "crew_jeep1_passenger1_stop".
Could not load xanim "crew_jeep1_driver_stop".
Could not load xanim "crew_jeep1_passenger3_start".
Could not load xanim "crew_jeep1_passenger2_start".
Could not load xanim "crew_jeep1_passenger1_start".
Could not load xanim "crew_jeep1_driver_start".
Could not load xanim "crew_jeep1_passenger3_climbin".
Could not load xanim "crew_jeep1_passenger2_climbin".
Could not load xanim "crew_jeep1_passenger1_climbin".
Could not load xanim "crew_jeep1_driver_climbin".
Could not load xanim "crew_jeep1_passenger3_climbout".
Could not load xanim "crew_jeep1_passenger2_climbout".
Could not load xanim "crew_jeep1_passenger1_climbout".
Could not load xanim "crew_jeep1_driver_climbout".
Could not load xanim "crew_jeep1_passenger3_death_fire".
Could not load xanim "crew_jeep1_passenger2_death_fire".
Could not load xanim "crew_jeep1_passenger1_death_fire".
Could not load xanim "crew_jeep1_driver_death_fire".
Could not load xanim "crew_jeep1_passenger3_death_shot".
Could not load xanim "crew_jeep1_passenger2_death_shot".
Could not load xanim "crew_jeep1_passenger1_death_shot".
Could not load xanim "crew_jeep1_driver_death_shot".
Could not load xanim "crew_jeep1_passenger3_drive_under_fire".
Could not load xanim "crew_jeep1_passenger2_drive_under_fire".
Could not load xanim "crew_jeep1_passenger1_drive_under_fire".
Could not load xanim "crew_jeep1_driver_drive_under_fire".
Could not load xanim "crew_jeep1_passenger3_drive_idle".
Could not load xanim "crew_jeep1_passenger2_drive_idle".
Could not load xanim "crew_jeep1_passenger1_drive_idle".
Could not load xanim "crew_jeep1_driver_drive_idle".
Could not load xanim "ai_huey_passenger_waiting".
Could not load xanim "ai_huey_passenger_b_rt_exit".
Could not load xanim "ai_huey_passenger_b_rt".
Could not load xanim "ai_huey_passenger_f_rt_exit".
Could not load xanim "ai_huey_passenger_f_rt_enter".
Could not load xanim "ai_huey_passenger_f_rt".
Could not load xanim "ai_huey_passenger_m_rt_enter".
Could not load xanim "ai_huey_passenger_m_lt_enter".
Could not load xanim "ai_huey_passenger_f_lt_exit".
Could not load xanim "ai_huey_passenger_f_lt_enter".
Could not load xanim "ai_huey_passenger_f_lt".
Could not load xanim "ai_huey_passenger_b_lt_exit".
Could not load xanim "ai_huey_passenger_b_lt_enter".
Could not load xanim "ai_huey_passenger_b_lt".
Could not load xanim "ai_huey_gunner2_exit".
Could not load xanim "ai_huey_gunner2_enter".
Could not load xanim "ai_huey_gunner2".
Could not load xanim "ai_huey_gunner1_exit".
Could not load xanim "ai_huey_gunner1_enter".
Could not load xanim "ai_huey_gunner1".
Could not load xanim "ai_huey_pilot2_idle_loop1".
Could not load xanim "ai_huey_pilot1_idle_loop1".
Could not load xanim "ai_mi8_pilot1_idle_loop2".
Could not load xanim "ai_mi8_pilot1_idle_loop1".
Could not load xanim "ai_revive_reviver_onback_left_get_up".
Could not load xanim "ai_revive_reviver_onback_left_revive".
Could not load xanim "ai_revive_wounded_onback_left_get_up".
Could not load xanim "ai_revive_wounded_onback_left_revive".
Could not load xanim "ai_revive_wounded_onback_loop".
Could not load xanim "ai_revive_wounded_onback_fall_crouch".
Could not load xanim "ai_revive_wounded_onback_fall_stand".
Could not load xanim "ai_dying_crawl_2_back_revive".
Could not load xanim "ai_flame_wounded_stand_d".
Could not load xanim "ai_flame_wounded_stand_c".
Could not load xanim "ai_flame_wounded_stand_b".
Could not load xanim "ai_flame_wounded_stand_a".
Could not load xanim "ai_flame_wounded_crouch_d".
Could not load xanim "ai_flame_wounded_crouch_c".
Could not load xanim "ai_flame_wounded_crouch_b".
Could not load xanim "ai_flame_wounded_crouch_a".
Could not load xanim "run_pain_stumble".
Could not load xanim "run_pain_stomach".
Could not load xanim "run_pain_fallonknee_03".
Could not load xanim "run_pain_fallonknee_02".
Could not load xanim "run_pain_fallonknee".
Could not load xanim "exposed_pain_right_arm".
Could not load xanim "exposed_pain_leg".
Could not load xanim "exposed_pain_left_arm".
Could not load xanim "exposed_pain_groin".
Could not load xanim "exposed_pain_dropgun".
Could not load xanim "exposed_pain_back".
Could not load xanim "exposed_pain_2_crouch".
Could not load xanim "exposed_crouch_pain_right_arm".
Could not load xanim "exposed_crouch_pain_left_arm".
Could not load xanim "exposed_crouch_pain_headsnap".
Could not load xanim "exposed_crouch_pain_flinch".
Could not load xanim "exposed_crouch_pain_chest".
Could not load xanim "back_pain".
Could not load xanim "saw_gunner_lowwall_pain_02".
Could not load xanim "saw_gunner_pain".
Could not load xanim "ai_death_upontoback".
Could not load xanim "ai_bayonet_right_death".
Could not load xanim "ai_bayonet_left_death".
Could not load xanim "ai_bayonet_back_death".
Could not load xanim "ai_bayonet_shoulder_death".
Could not load xanim "ai_bayonet_thrust_death".
Could not load xanim "ai_deadly_wounded_torso_hit".
Could not load xanim "ai_deadly_wounded_leg_r_hit".
Could not load xanim "ai_deadly_wounded_leg_l_hit".
Could not load xanim "ai_deadly_wounded_flamedb_hit".
Could not load xanim "ai_deadly_wounded_flameda_hit".
Could not load xanim "ai_flame_death_crouch_h".
Could not load xanim "ai_flame_death_crouch_g".
Could not load xanim "ai_flame_death_crouch_f".
Could not load xanim "ai_flame_death_crouch_e".
Could not load xanim "ai_flame_death_crouch_d".
Could not load xanim "ai_flame_death_crouch_c".
Could not load xanim "ai_flame_death_crouch_b".
Could not load xanim "ai_flame_death_crouch_a".
Could not load xanim "ai_flame_death_h".
Could not load xanim "ai_flame_death_g".
Could not load xanim "ai_flame_death_f".
Could not load xanim "ai_flame_death_e".
Could not load xanim "ai_flame_death_d".
Could not load xanim "ai_flame_death_c".
Could not load xanim "ai_flame_death_b".
Could not load xanim "ai_flame_death_a".
Could not load xanim "saw_gunner_lowwall_death".
Could not load xanim "saw_gunner_death".
Could not load xanim "run_death_roll".
Could not load xanim "run_death_fallonback_02".
Could not load xanim "run_death_fallonback".
Could not load xanim "run_death_facedown".
Could not load xanim "exposed_death_neckgrab".
Could not load xanim "exposed_death_twist".
Could not load xanim "exposed_death_nerve".
Could not load xanim "exposed_death_headtwist".
Could not load xanim "exposed_death_headshot".
Could not load xanim "exposed_death_groin".
Could not load xanim "exposed_death_firing_02".
Could not load xanim "exposed_death_firing".
Could not load xanim "exposed_death_falltoknees_02".
Could not load xanim "exposed_death_falltoknees".
Could not load xanim "exposed_death_02".
Could not load xanim "exposed_death".
Could not load xanim "exposed_crouch_death_twist".
Could not load xanim "exposed_crouch_death_flip".
Could not load xanim "exposed_crouch_death_fetal".
Could not load xanim "death_explosion_stand_up_v2".
Could not load xanim "death_explosion_stand_up_v1".
Could not load xanim "death_explosion_run_l_v2".
Could not load xanim "death_explosion_run_l_v1".
Could not load xanim "death_explosion_run_r_v2".
Could not load xanim "death_explosion_run_r_v1".
Could not load xanim "death_explosion_run_b_v2".
Could not load xanim "death_explosion_run_b_v1".
Could not load xanim "death_explosion_run_f_v4".
Could not load xanim "death_explosion_run_f_v3".
Could not load xanim "death_explosion_run_f_v2".
Could not load xanim "death_explosion_run_f_v1".
Could not load xanim "death_explosion_stand_r_v2".
Could not load xanim "death_explosion_stand_r_v1".
Could not load xanim "death_explosion_stand_l_v3".
Could not load xanim "death_explosion_stand_l_v2".
Could not load xanim "death_explosion_stand_l_v1".
Could not load xanim "death_explosion_stand_f_v4".
Could not load xanim "death_explosion_stand_f_v3".
Could not load xanim "death_explosion_stand_f_v2".
Could not load xanim "death_explosion_stand_f_v1".
Could not load xanim "death_explosion_stand_b_v4".
Could not load xanim "death_explosion_stand_b_v3".
Could not load xanim "death_explosion_stand_b_v2".
Could not load xanim "death_explosion_stand_b_v1".
Could not load xanim "ai_pillar_crouch_grenade_throw_03".
Could not load xanim "ai_pillar_crouch_grenade_throw_02".
Could not load xanim "ai_pillar_crouch_grenade_throw_01".
Could not load xanim "ai_pillar_stand_grenade_throw_03".
Could not load xanim "ai_pillar_stand_grenade_throw_02".
Could not load xanim "ai_pillar_stand_grenade_throw_01".
Could not load xanim "saw_gunner_lowwall_runout_mr".
Could not load xanim "saw_gunner_lowwall_runout_ml".
Could not load xanim "saw_gunner_lowwall_runout_m".
Could not load xanim "saw_gunner_lowwall_runout_r".
Could not load xanim "saw_gunner_lowwall_runout_l".
Could not load xanim "saw_gunner_lowwall_runin_mr".
Could not load xanim "saw_gunner_lowwall_runin_ml".
Could not load xanim "saw_gunner_lowwall_runin_m".
Could not load xanim "saw_gunner_lowwall_runin_r".
Could not load xanim "saw_gunner_lowwall_runin_l".
Could not load xanim "saw_gunner_runout_mr".
Could not load xanim "saw_gunner_runout_ml".
Could not load xanim "saw_gunner_runout_m".
Could not load xanim "saw_gunner_runout_r".
Could not load xanim "saw_gunner_runout_l".
Could not load xanim "saw_gunner_runin_mr".
Could not load xanim "saw_gunner_runin_ml".
Could not load xanim "saw_gunner_runin_m".
Could not load xanim "saw_gunner_runin_r".
Could not load xanim "saw_gunner_runin_l".
Could not load xanim "coverstand_pain_leg".
Could not load xanim "coverstand_pain_groin".
Could not load xanim "coverstand_death_right".
Could not load xanim "coverstand_death_left".
Could not load xanim "coverstand_trans_in_mr".
Could not load xanim "coverstand_trans_in_ml".
Could not load xanim "coverstand_trans_in_r".
Could not load xanim "coverstand_trans_in_m".
Could not load xanim "coverstand_trans_in_l".
Could not load xanim "coverstand_trans_out_mr".
Could not load xanim "coverstand_trans_out_ml".
Could not load xanim "coverstand_trans_out_r".
Could not load xanim "coverstand_trans_out_m".
Could not load xanim "coverstand_trans_out_l".
Could not load xanim "coverstand_grenadeb".
Could not load xanim "coverstand_grenadea".
Could not load xanim "cornercrr_trans_out_r".
Could not load xanim "cornercrr_trans_out_mr".
Could not load xanim "cornercrr_trans_out_ml".
Could not load xanim "cornercrr_trans_out_mf".
Could not load xanim "cornercrr_trans_out_m".
Could not load xanim "cornercrr_trans_out_l".
Could not load xanim "cornercrr_trans_out_f".
Could not load xanim "cornercrr_trans_in_r".
Could not load xanim "cornercrr_trans_in_mr".
Could not load xanim "cornercrr_trans_in_ml".
Could not load xanim "cornercrr_trans_in_mf".
Could not load xanim "cornercrr_trans_in_m".
Could not load xanim "cornercrr_trans_in_l".
Could not load xanim "cornercrr_trans_in_f".
Could not load xanim "cornercrr_grenadea".
Could not load xanim "corner_standl_trans_out_8".
Could not load xanim "corner_standl_trans_out_7".
Could not load xanim "corner_standl_trans_out_6".
Could not load xanim "corner_standl_trans_out_4".
Could not load xanim "corner_standl_trans_out_3".
Could not load xanim "corner_standl_trans_out_2".
Could not load xanim "corner_standl_trans_out_1".
Could not load xanim "corner_standl_trans_in_8".
Could not load xanim "corner_standl_trans_in_7".
Could not load xanim "corner_standl_trans_in_6".
Could not load xanim "corner_standl_trans_in_3".
Could not load xanim "corner_standl_trans_in_2".
Could not load xanim "corner_standl_trans_in_1".
Could not load xanim "corner_standl_trans_in_4".
Could not load xanim "corner_standr_trans_out_9".
Could not load xanim "corner_standr_trans_out_8".
Could not load xanim "corner_standr_trans_out_6".
Could not load xanim "corner_standr_trans_out_4".
Could not load xanim "corner_standr_trans_out_3".
Could not load xanim "corner_standr_trans_out_2".
Could not load xanim "corner_standr_trans_out_1".
Could not load xanim "corner_standr_trans_in_9".
Could not load xanim "corner_standr_trans_in_8".
Could not load xanim "corner_standr_trans_in_6".
Could not load xanim "corner_standr_trans_in_3".
Could not load xanim "corner_standr_trans_in_1".
Could not load xanim "corner_standr_trans_in_2".
Could not load xanim "corner_standr_trans_in_4".
Could not load xanim "corner_standr_painc".
Could not load xanim "corner_standr_painb".
Could not load xanim "corner_standr_pain".
Could not load xanim "corner_standr_grenade_b".
Could not load xanim "corner_standr_grenade_a".
Could not load xanim "corner_standr_deathb".
Could not load xanim "corner_standr_deatha".
Could not load xanim "cornercrl_trans_out_r".
Could not load xanim "cornercrl_trans_out_mr".
Could not load xanim "cornercrl_trans_out_ml".
Could not load xanim "cornercrl_trans_out_mf".
Could not load xanim "cornercrl_trans_out_m".
Could not load xanim "cornercrl_trans_out_l".
Could not load xanim "cornercrl_trans_out_f".
Could not load xanim "cornercrl_trans_in_r".
Could not load xanim "cornercrl_trans_in_mr".
Could not load xanim "cornercrl_trans_in_ml".
Could not load xanim "cornercrl_trans_in_mf".
Could not load xanim "cornercrl_trans_in_m".
Could not load xanim "cornercrl_trans_in_l".
Could not load xanim "cornercrl_trans_in_f".
Could not load xanim "cornercrl_grenadeb".
Could not load xanim "cornercrl_grenadea".
Could not load xanim "corner_standl_paine".
Could not load xanim "corner_standl_paind".
Could not load xanim "corner_standl_painc".
Could not load xanim "corner_standl_painb".
Could not load xanim "corner_standl_pain".
Could not load xanim "corner_standl_grenade_b".
Could not load xanim "corner_standl_grenade_a".
Could not load xanim "corner_standl_deathb".
Could not load xanim "corner_standl_deatha".
Could not load xanim "ai_zombie_spets_roll_c".
Could not load xanim "ai_zombie_spets_roll_b".
Could not load xanim "ai_zombie_spets_roll_a".
Could not load xanim "ai_zombie_spets_sidestep_right_b".
Could not load xanim "ai_zombie_spets_sidestep_right_a".
Could not load xanim "ai_zombie_spets_sidestep_left_b".
Could not load xanim "ai_zombie_spets_sidestep_left_a".
Could not load xanim "covercrouch_death_3".
Could not load xanim "covercrouch_death_2".
Could not load xanim "covercrouch_death_1".
Could not load xanim "covercrouch_grenadeb".
Could not load xanim "covercrouch_grenadea".
Could not load xanim "covercrouch_run_out_r".
Could not load xanim "covercrouch_run_out_mr".
Could not load xanim "covercrouch_run_out_m".
Could not load xanim "covercrouch_run_out_ml".
Could not load xanim "covercrouch_run_out_l".
Could not load xanim "covercrouch_run_in_r".
Could not load xanim "covercrouch_run_in_mr".
Could not load xanim "covercrouch_run_in_m".
Could not load xanim "covercrouch_run_in_ml".
Could not load xanim "covercrouch_run_in_l".
Could not load xanim "add_fire".
Could not load xanim "prone_grenade_a".
Could not load xanim "crouch_2run_180".
Could not load xanim "crouch_2run_f".
Could not load xanim "crouch_2run_r".
Could not load xanim "crouch_2run_l".
Could not load xanim "run_2_crouch_180l".
Could not load xanim "run_2_crouch_90r".
Could not load xanim "run_2_crouch_90l".
Could not load xanim "run_2_crouch_f".
Could not load xanim "stand_2_run_180_med".
Could not load xanim "stand_2_run_f_2".
Could not load xanim "stand_2_run_r".
Could not load xanim "stand_2_run_l".
Could not load xanim "run_2_stand_180l".
Could not load xanim "run_2_stand_90r".
Could not load xanim "run_2_stand_90l".
Could not load xanim "run_2_stand_f_6".
Could not load xanim "weapon_switch".
Could not load xanim "exposed_grenadethrowc".
Could not load xanim "exposed_grenadethrowb".
Could not load xanim "prone_legs_down".
Could not load xanim "prone_legs_up".
Could not load xanim "exposed_tracking_turn180l".
Could not load xanim "exposed_tracking_turn135r".
Could not load xanim "exposed_tracking_turn90r".
Could not load xanim "exposed_tracking_turn45r".
Could not load xanim "exposed_tracking_turn135l".
Could not load xanim "exposed_tracking_turn90l".
Could not load xanim "exposed_tracking_turn45l".
Could not load xanim "aim_8".
Could not load xanim "aim_2".
Could not load xanim "aim_6".
Could not load xanim "aim_4".
Could not load xanim "exposed_stand_2_crouch".
Could not load xanim "exposed_crouch_2_stand".
Could not load xanim "exposed_crouch_idle_alert_v3".
Could not load xanim "exposed_crouch_idle_alert_v2".
Could not load xanim "exposed_crouch_idle_alert_v1".
Could not load xanim "exposed_idle_alert_v3".
Could not load xanim "exposed_idle_alert_v2".
Could not load xanim "exposed_idle_alert_v1".
Could not load xanim "cqb_stand_signal_move_out".
Could not load xanim "cqb_stand_signal_move_up".
Could not load xanim "cqb_stand_signal_stop".
Could not load xanim "cqb_stand_wave_go_v1".
Could not load xanim "cqb_stand_wave_on_me".
Could not load xanim "saw_gunner_run_slow".
Could not load xanim "saw_gunner_run_fast".
Could not load xanim "ai_mg_shoulder_run".
Could not load xanim "ai_run_lowready_f_lean_r".
Could not load xanim "ai_run_lowready_f_lean_l".
Could not load xanim "crouch_fastwalk_r".
Could not load xanim "crouch_fastwalk_l".
Could not load xanim "crouch_fastwalk_b".
Could not load xanim "run_lowready_b".
Could not load xanim "run_lowready_r".
Could not load xanim "run_lowready_l".
Could not load xanim "patrol_bored_patrolwalk_twitch".
Could not load xanim "patrol_bored_patrolwalk".
Could not load xanim "sprint1_loop".
Could not load xanim "crouch_fastwalk_f".
Could not load xanim "run_lowready_f".
Could not load xanim "ai_zombie_boss_idle_b".
Could not load xanim "ai_zombie_boss_idle_a".
Could not load xanim "ai_flamethrower_crouch_twitch".
Could not load xanim "ai_flamethrower_crouch_idle_b".
Could not load xanim "ai_flamethrower_crouch_idle_a".
Could not load xanim "ai_flamethrower_stand_twitch".
Could not load xanim "ai_flamethrower_stand_idle_casual_v1".
Could not load xanim "ai_mg_shoulder_run2crouch".
Could not load xanim "ai_mg_shoulder_crouch_idle".
Could not load xanim "ai_mg_shoulder_run2stand".
Could not load xanim "ai_mg_shoulder_stand_idle".
Could not load xanim "cqb_stand_twitch".
Could not load xanim "cqb_stand_idle".
Could not load xanim "patrol_bored_2_walk_180turn".
Could not load xanim "patrol_bored_2_walk".
Could not load xanim "patrol_bored_twitch_stretch".
Could not load xanim "patrol_bored_twitch_checkphone".
Could not load xanim "patrol_bored_twitch_bug".
Could not load xanim "patrol_bored_idle_cellphone".
Could not load xanim "patrol_bored_idle_smoke".
Could not load xanim "patrol_bored_idle".
Could not load xanim "patrol_bored_walk_2_bored".
Could not load xanim "casual_stand_idle_twitchb".
Could not load xanim "casual_stand_idle_twitch".
Could not load xanim "casual_stand_idle_trans_in".
Could not load xanim "casual_stand_idle".
Could not load xanim "casual_crouch_point".
Could not load xanim "casual_crouch_twitch".
Could not load xanim "casual_crouch_idle_in".
Could not load xanim "casual_crouch_idle".
Could not load xanim "casual_stand_v2_twitch_talk".
Could not load xanim "casual_stand_v2_twitch_shift".
Could not load xanim "casual_stand_v2_twitch_radio".
Could not load xanim "casual_stand_v2_idle".
Could not load xanim "crouch2stand".
Could not load xanim "shoot".
Could not load xanim "upperbody".
Could not load xanim "void_loop".
Could not load xanim "v_uaz_passenger3_door_open".
Could not load xanim "v_uaz_passenger2_door_open".
Could not load xanim "v_uaz_passenger_door_open".
Could not load xanim "v_uaz_driver_door_open".
Could not load xanim "v_jeep_passenger_door_open".
Could not load xanim "v_jeep_driver_door_open".
Could not load xanim "v_pow_b03_hind_landed".
Could not load xanim "v_pow_b03_hind_exit_interior".
Could not load xanim "v_pow_b03_hind_exit_exterior".
Could not load xanim "v_pow_b03_hind_climbin_interior".
Could not load xanim "v_pow_b03_hind_climbin_exterior".
Could not load xanim "v_police_passenger_door_open".
Could not load xanim "v_police_driver_door_open".
Could not load xanim "v_gaz63_passenger_door_open".
Could not load xanim "v_gaz63_driver_door_open".
Could not load xanim "uaz_driving_idle_backward".
Could not load xanim "uaz_driving_idle_forward".
Could not load xanim "int_pow_b03_cockpit_exit".
Could not load xanim "int_pow_b03_cockpit_inandup".
Could not load xanim "viewmodel_swim_to_right".
Could not load xanim "viewmodel_swim_to_left".
Could not load xanim "viewmodel_swim_tread_water".
Could not load xanim "viewmodel_swim_backwards_c".
Could not load xanim "viewmodel_swim_backwards_b".
Could not load xanim "viewmodel_swim_backwards_a".
Could not load xanim "viewmodel_swim_breaststroke_c".
Could not load xanim "viewmodel_swim_breaststroke_b".
Could not load xanim "viewmodel_swim_breaststroke_a".
Could not load xanim "prop_meatshield_bullet_tip_spin".
Could not load xanim "prop_meatshield_bullet_tip_cam".
Could not load xanim "prop_contextual_melee_garrotesit_chair_quick".
Could not load xanim "prop_contextual_melee_garrotesit_chair".
Could not load xanim "prop_contextual_melee_garrotesit_garrotewire_quick".
Could not load xanim "prop_contextual_melee_garrotesit_garrotewire".
Could not load xanim "prop_contextual_melee_garrote_garrotewire_quick".
Could not load xanim "prop_contextual_melee_garrote_garrotewire".
Could not load xanim "zombie_dog_run_pain_front".
Could not load xanim "zombie_dog_pain_hit_right".
Could not load xanim "zombie_dog_pain_hit_left".
Could not load xanim "zombie_dog_pain_hit_front".
Could not load xanim "zombie_dog_pain_hit_back".
Could not load xanim "zombie_dog_run_pain".
Could not load xanim "zombie_dog_run_flashbang".
Could not load xanim "zd_attack_player_late".
Could not load xanim "pb_pbr_driver_idle".
Could not load xanim "pb_huey_passenger_b_rt".
Could not load xanim "pb_huey_passenger_f_rt".
Could not load xanim "pb_huey_passenger_m_rt".
Could not load xanim "pb_huey_passenger_m_lt".
Could not load xanim "pb_huey_passenger_f_lt".
Could not load xanim "pb_huey_passenger_b_lt_aim_60up_60right".
Could not load xanim "pb_huey_passenger_b_lt_aim_forward_60up".
Could not load xanim "pb_huey_passenger_b_lt_aim_60up_60left".
Could not load xanim "pb_huey_passenger_b_lt_aim_60right_level".
Could not load xanim "pb_huey_passenger_b_lt_aim_forward_level".
Could not load xanim "pb_huey_passenger_b_lt_aim_60left_level".
Could not load xanim "pb_huey_passenger_b_lt_aim_60down_60right".
Could not load xanim "pb_huey_passenger_b_lt_aim_forward_60down".
Could not load xanim "pb_huey_passenger_b_lt_aim_60down_60left".
Could not load xanim "p_driver_jeep_seated".
Could not load xanim "pb_zipline_loop".
Could not load xanim "pb_zipline_release".
Could not load xanim "pb_zipline_grab".
-----------------------------------
codescripts/delete.gsc (code_post_gfx): 0x2E82AE74
animscripts/zombie_melee.gsc (common_zombie_patch): 0x05509B59
codescripts/struct.gsc (code_post_gfx): 0xCAC87ED6
maps/_callbacksetup.gsc (code_post_gfx): 0xB52A9A5B
maps/_utility.gsc (common_zombie_patch): 0x42B6193A
common_scripts/utility.gsc (code_post_gfx): 0x9536897A
maps/_utility_code.gsc (code_post_gfx): 0xCB68F0DE
maps/_zombiemode_traps.gsc (common_zombie_patch): 0xA2C6280A
maps/_hud_util.gsc (code_post_gfx): 0x587EC801
animscripts/utility.gsc (common_zombie): 0x5CAA8382
animscripts/setposemovement.gsc (common_zombie): 0x9AC495F3
maps/_constants.gsc (code_post_gfx): 0x0176DD22
animscripts/anims.gsc (common_zombie): 0x8B2018B8
animscripts/shared.gsc (common_zombie): 0xF777EB0A
animscripts/combat_utility.gsc (common_zombie): 0x64A99E72
animscripts/debug.gsc (common_zombie_patch): 0x16285EFA
maps/_gameskill.gsc (common_zombie_patch): 0x55B2A1B6
animscripts/zombie_move.gsc (common_zombie_patch): 0xDE31C8DF
animscripts/weaponlist.gsc (common_zombie): 0x7558540E
maps/_zombiemode_zone_manager.gsc (common_zombie_patch): 0x278F492A
maps/_load_common.gsc (code_post_gfx): 0xC8BEDDF1
maps/_lights.gsc (code_post_gfx): 0x02054E8B
maps/_createfx.gsc (code_post_gfx): 0x5CA89299
maps/_weapons.gsc (common_zombie_patch): 0x0668A678
maps/_boat_patrol_nva.gsc (code_post_gfx): 0xFFFDB5AD
maps/_createfxmenu.gsc (code_post_gfx): 0x576C29AF
maps/_introscreen.gsc (code_post_gfx): 0x691BF913
maps/_apc.gsc (code_post_gfx): 0x1308C51D
maps/_fx.gsc (code_post_gfx): 0x3C599625
maps/_contextual_melee.gsc (code_post_gfx): 0x2506D3EF
maps/_spawner.gsc (code_post_gfx): 0xE4F83185
maps/_anim.gsc (code_post_gfx): 0x4ABC8BB8
animscripts/face.gsc (common_zombie): 0x3F881B3E
maps/_serverfaceanim.gsc (code_post_gfx): 0x3CDFF618
maps/_audio.gsc (code_post_gfx): 0x3230FA8D
maps/_music.gsc (code_post_gfx): 0xE749B82B
maps/_zombiemode_spawner.gsc (common_zombie_patch): 0x0A7C7E52
maps/_mg_penetration.gsc (code_post_gfx): 0xE2A0DEA0
maps/_mgturret.gsc (code_post_gfx): 0x0A4885D4
xmodelalias/c_ger_honorguard_zomb_headalias.gsc (zombie_pentagon): 0x43C6D95F
maps/_friendlyfire.gsc (code_post_gfx): 0x937F157B
animscripts/zombie_init.gsc (common_zombie_patch): 0x8128D4D7
maps/_patrol.gsc (code_post_gfx): 0x99FFD111
maps/_bulletcam.gsc (code_post_gfx): 0x75010804
maps/_chinook.gsc (code_post_gfx): 0xB6F826FE
maps/_spiderhole.gsc (code_post_gfx): 0xFBE1D59D
maps/_banzai.gsc (code_post_gfx): 0x85E1C575
maps/_laststand.gsc (common_zombie_patch): 0x7AE8C2CC
maps/_dds.gsc (code_post_gfx): 0x1B980DB0
maps/_colors.gsc (code_post_gfx): 0x350AB58E
maps/_debug.gsc (code_post_gfx): 0x786F2026
animscripts/battlechatter_ai.gsc (common_zombie): 0x239687E6
animscripts/battlechatter.gsc (common_zombie): 0xEE336B8A
animscripts/squadmanager.gsc (common_zombie): 0x4349E38F
animscripts/walk.gsc (common_zombie): 0x7F118010
maps/_autosave.gsc (code_post_gfx): 0x425D611B
codescripts/character.gsc (code_post_gfx): 0xA68E0E1E
maps/_endmission.gsc (code_post_gfx): 0x6A88FF27
maps/_hud_message.gsc (common_zombie_patch): 0xB55C5BBB
maps/_cooplogic.gsc (code_post_gfx): 0xB4BEFA7A
maps/_cheat.gsc (code_post_gfx): 0x99E27A0C
maps/_vehicle_aianim.gsc (code_post_gfx): 0xB983EDC7
maps/_flareweapon.gsc (code_post_gfx): 0x06BF2226
maps/_zombiemode_score.gsc (common_zombie_patch): 0x74AF428B
maps/_vehicle.gsc (code_post_gfx): 0x66A3DE50
animscripts/zombie_run.gsc (common_zombie_patch): 0xEC8C62CC
maps/_vehicletypes.gsc (code_post_gfx): 0xA1250AB9
maps/_destructible.gsc (code_post_gfx): 0xA4624265
maps/_vehicledrive.gsc (code_post_gfx): 0x12DFC931
maps/_huey.gsc (code_post_gfx): 0x3F3E5D61
maps/_hind_player.gsc (code_post_gfx): 0x6B2EB687
character/c_zom_red_guy_zt.gsc (code_post_gfx): 0x825245E8
maps/_treadfx.gsc (code_post_gfx): 0xE517332C
maps/_zombiemode_bowie.gsc (common_zombie_patch): 0xA0E88C18
maps/_vehiclenames.gsc (code_post_gfx): 0xA6CF3FFC
maps/_t72.gsc (code_post_gfx): 0x85419342
maps/_tank_zsu23.gsc (code_post_gfx): 0xE4277F06
maps/_truck.gsc (code_post_gfx): 0x514144CA
maps/_boat_pbr.gsc (code_post_gfx): 0xD4BCF637
maps/_truck_gaz66.gsc (code_post_gfx): 0xF8DE73FF
maps/_truck_gaz63.gsc (code_post_gfx): 0x3C1AED74
maps/_zombiemode_auto_turret.gsc (common_zombie_patch): 0x82EC8E8A
maps/_uaz.gsc (code_post_gfx): 0x48F0F353
animscripts/zombie_utility.gsc (common_zombie): 0xCAD2ACD3
maps/_jeep.gsc (code_post_gfx): 0xD6EE26BC
maps/_cobra.gsc (code_post_gfx): 0x44657874
maps/_hip.gsc (code_post_gfx): 0x259CB555
maps/_mig17.gsc (code_post_gfx): 0xD9E7385C
maps/_plane_weapons.gsc (code_post_gfx): 0xC46D80A3
maps/_zpu_antiair.gsc (code_post_gfx): 0x11D0A76F
maps/_btr.gsc (code_post_gfx): 0x13D744AB
maps/_civ_vehicle.gsc (code_post_gfx): 0x3D90EE20
maps/_tiara.gsc (code_post_gfx): 0x105F21CC
maps/_policecar.gsc (code_post_gfx): 0xE568C610
maps/_snowcat.gsc (code_post_gfx): 0xEE646708
maps/_rcbomb.gsc (code_post_gfx): 0xDFD2D923
maps/_sampan.gsc (code_post_gfx): 0x4A2AD4D9
maps/_boat_nvapbr.gsc (code_post_gfx): 0x50E03CC6
maps/_motorcycle.gsc (code_post_gfx): 0x0C03B652
animscripts/revive.gsc (common_zombie): 0xEB6BB344
maps/_zombiemode_weapon_box.gsc (common_zombie): 0x7220A3D0
maps/_shellshock.gsc (code_post_gfx): 0x43C1105D
maps/_callbackglobal.gsc (common_zombie_patch): 0x7E105384
maps/_flashgrenades.gsc (code_post_gfx): 0xFB11E526
maps/_damagefeedback.gsc (code_post_gfx): 0x70333647
maps/_createmenu.gsc (code_post_gfx): 0x355318E5
maps/_spawn_manager.gsc (code_post_gfx): 0x4B2C983C
maps/_names.gsc (code_post_gfx): 0x53600D4D
animscripts/zombie_dog_flashed.gsc (common_zombie): 0xD7D89B85
maps/_meatshield.gsc (code_post_gfx): 0xABCDBF3B
maps/_swimming.gsc (code_post_gfx): 0x347E1B6A
maps/gametypes/zom.gsc (raw): 0x00000000
animscripts/zombie_setposemovement.gsc (common_zombie): 0x0B3C460D
animscripts/zombie_combat.gsc (common_zombie_patch): 0x0F5D56DE
animscripts/zombie_shared.gsc (common_zombie_patch): 0xAB0BA821
maps/_bayonet.gsc (code_post_gfx): 0xB9789691
animscripts/zombie_death.gsc (common_zombie_patch): 0x2AAC0EBC
animscripts/zombie_pain.gsc (common_zombie_patch): 0xE613FFCC
maps/_zombiemode_utility.gsc (common_zombie_patch): 0x68CF2C9F
maps/_zombiemode_server_throttle.gsc (common_zombie_patch): 0xAF60091F
animscripts/zombie_dog_stop.gsc (common_zombie): 0x43AF3539
maps/_zombiemode_weapons.gsc (raw): 0x6A2635ED
maps/_zombiemode_audio.gsc (common_zombie_patch): 0x5C77963A
maps/_busing.gsc (code_post_gfx): 0x6CDFFECC
maps/_zombiemode_weap_cymbal_monkey.gsc (common_zombie_patch): 0x06AA0365
maps/_zombiemode_powerups.gsc (common_zombie_patch): 0x13B1D5F9
maps/_zombiemode_net.gsc (common_zombie): 0xB9EEF66D
maps/_zombiemode_blockers.gsc (common_zombie_patch): 0xC6D15C62
maps/_zombiemode_perks.gsc (raw): 0xC315F20E
maps/_zombiemode.gsc (raw): 0xC7356D28
maps/_zombiemode_ffotd.gsc (common_zombie_patch): 0x71C74739
maps/_zombiemode_load.gsc (common_zombie_patch): 0x5184CFB8
animscripts/traverse/zombie_shared.gsc (common_zombie_patch): 0x1BC2F132
maps/_gamemode.gsc (code_post_gfx): 0xF30DAE8E
maps/_art.gsc (code_post_gfx): 0xEA9FCD02
maps/_loadout.gsc (common_zombie_patch): 0x7B1B4803
scripts/sp/zom/counter_script.gsc (raw): 0xE863712D
mptype/player_t5_zt.gsc (code_post_gfx): 0x2B4A1882
character/c_usa_sog2_zt.gsc (code_post_gfx): 0xA6ED1CAE
character/c_zom_blue_guy_zt.gsc (code_post_gfx): 0xE923B781
character/c_zom_yellow_guy_zt.gsc (code_post_gfx): 0x7728C4B2
mptype/player_t5_zm_pentagon.gsc (mod): 0x3685E431
maps/zombie_pentagon_anim.gsc (zombie_pentagon): 0x2DF4BE82
character/c_usa_nixon_zt.gsc (mod): 0xF8C2AA6A
character/c_cub_castro_zt.gsc (mod): 0xF7561C64
character/c_usa_jfk_zt.gsc (mod): 0x1BADD30D
character/c_usa_mcnamara_zt.gsc (mod): 0x3204A4CD
animscripts/zombie_stop.gsc (common_zombie): 0x87DD0A71
mptype/player_t5_zm_theater.gsc (code_post_gfx): 0xE6F2C3FC
character/c_ger_richtofen_zt.gsc (code_post_gfx): 0x8B7D39CC
character/c_jap_takeo_zt.gsc (code_post_gfx): 0x7740A4BC
character/c_rus_nikolai_zt.gsc (code_post_gfx): 0x697B6220
character/c_usa_dempsey_zt.gsc (code_post_gfx): 0x97990EBB
mptype/player_t5_zm.gsc (code_post_gfx): 0x4FAE2B1D
character/c_usa_marine_michael_carter_player_zm.gsc (code_post_gfx): 0x6C6D42E9
maps/_weaponobjects.gsc (common_zombie_patch): 0x47722B51
maps/_ballistic_knife.gsc (common_zombie_patch): 0x9A1E17A4
animscripts/zombie_dog_combat.gsc (common_zombie): 0x57F2E7D5
maps/_explosive_bolt.gsc (code_post_gfx): 0x7C2866C0
maps/_flamethrower_plight.gsc (code_post_gfx): 0x8A7E001A
maps/_detonategrenades.gsc (code_post_gfx): 0xC4CB2B7A
maps/_ingamemenus.gsc (code_post_gfx): 0x930C12DF
maps/_global_fx.gsc (code_post_gfx): 0x5A84AFEB
maps/_minefields.gsc (code_post_gfx): 0x5014D0AF
maps/_hud.gsc (code_post_gfx): 0xA3CE8FF6
maps/_animatedmodels.gsc (code_post_gfx): 0x8F704272
scripts/sp/zom/zm_spawn_fix.gsc (raw): 0x59197F8C
maps/_zombiemode_claymore.gsc (common_zombie_patch): 0xFD87BC41
animscripts/zombie_dog_move.gsc (common_zombie): 0x6B389D77
maps/_zombiemode_equipment.gsc (common_zombie_patch): 0xB08B569B
maps/_zombiemode_user.gsc (common_zombie): 0x23C6F65D
maps/_zombiemode_weap_freezegun.gsc (raw): 0xFD2C9CB0
maps/_zombiemode_weap_tesla.gsc (common_zombie_patch): 0xD9A7C7DB
maps/_zombiemode_weap_thundergun.gsc (common_zombie_patch): 0x56130519
aitype/zombie_quad.gsc (zombie_pentagon): 0x7BE40FC0
maps/_zombiemode_weap_crossbow.gsc (common_zombie_patch): 0x5BF854DC
maps/_zombiemode_ai_dogs.gsc (common_zombie_patch): 0xC3548F60
animscripts/zombie_dog_init.gsc (common_zombie): 0x0D2267C6
animscripts/zombie_scripted.gsc (common_zombie): 0xCD3A4BE1
animscripts/zombie_dog_death.gsc (common_zombie_patch): 0xFA32CD57
animscripts/zombie_dog_pain.gsc (common_zombie): 0x77F4DC06
animscripts/zombie_dog_scripted.gsc (common_zombie): 0x7999C029
animscripts/zombie_dog_turn.gsc (common_zombie): 0xC5850C78
maps/zombie_pentagon.gsc (raw): 0xDDC7FB71
maps/zombie_pentagon_teleporter.gsc (zombie_pentagon_patch): 0xFE206AD3
maps/_zombiemode_ai_thief.gsc (zombie_pentagon_patch): 0x2A23CFAF
maps/zombie_pentagon_amb.gsc (zombie_pentagon): 0xD248B90C
maps/_ambientpackage.gsc (code_post_gfx): 0x00000000
maps/zombie_pentagon_fx.gsc (zombie_pentagon): 0xF92BA9ED
maps/createart/zombie_pentagon_art.gsc (zombie_pentagon): 0x9C0D420B
animscripts/traverse/zombie_quad_vent_jump_down.gsc (zombie_pentagon): 0x74821C77
maps/createfx/zombie_pentagon_fx.gsc (zombie_pentagon): 0x0E1FCC89
maps/_zombiemode_ai_quad.gsc (raw): 0x9DFDC58F
maps/zombie_pentagon_perk_machines.gsc (raw): 0xA3EDD74F
maps/zombie_pentagon_magic_box.gsc (zombie_pentagon): 0xB4E65070
maps/_compass.gsc (code_post_gfx): 0x2BE6C3B6
maps/zombie_pentagon_traps.gsc (zombie_pentagon): 0xCB2A9059
maps/zombie_pentagon_elevators.gsc (zombie_pentagon_patch): 0xA373365F
animscripts/traverse/zombie_mantle_over_40.gsc (zombie_pentagon): 0x5D73E5F8
aitype/zombie_usa_zombie_officeworker.gsc (zombie_pentagon): 0xCA53B264
character/c_usa_pent_zombie_officeworker.gsc (zombie_pentagon): 0xA0FEABB6
aitype/zombie_usa_zombie_militarypolice.gsc (zombie_pentagon): 0x1FA32BD6
character/c_usa_pent_zombie_militarypolice.gsc (zombie_pentagon): 0x59FB5646
aitype/zombie_usa_zombie_scientist.gsc (zombie_pentagon): 0x40C0260A
character/c_usa_pent_zombie_scientist.gsc (zombie_pentagon): 0x955B5E24
character/c_zom_quad.gsc (zombie_pentagon): 0x797BE265
aitype/zombie_electrician.gsc (zombie_pentagon): 0x50B1353F
character/c_zom_electrician.gsc (zombie_pentagon): 0x353B5F81
scripts/sp/zm_random_char.gsc (raw): 0x9A88F2D1
scripts/sp/zm_spawn_fix.gsc (raw): 0x410B3C14
en_code_pre_gfx: 0xB31D0601
code_pre_gfx: 0xA46550FC
en_code_post_gfx: 0xC97D3619
code_post_gfx: 0x90FE8DC1
en_patch: 0xC2D28BEB
patch: 0xA45F9D9F
en_plutonium_ui: 0xEFCE0FA2
plutonium_ui: 0xF02CE2D6
mod: 0x9B0975DA
mod1: 0xCE3FD0C0
common_zombie_patch: 0xF1C235FF
en_common_zombie: 0x4DCF9D99
common_zombie: 0x557EBB4C
zombie_pentagon_patch: 0xCEC82F30
en_zombie_pentagon: 0x3A9533D1
zombie_pentagon: 0xFDAEA41F
pluto r5346: 0x5A9B8D5E
t5sp dedi: 0x64067F72
identifier: 1789831022-0cfc-4fdd-942d4b8c-dff9-4539-913d-b56eb8d6faa0-5346-0-1789829934-11
checksum0: 0xCA67D0E5
checksum1: 0x000A30CF
checksum2: 0x000A30CF
=============================== DVAR DUMP ========================================
      aa_ads_damage_dealt "5558"
      aa_enemy_damage_taken "46151"
      aa_enemy_deaths "77"
      aa_player_damage_dealt "13677"
      aa_player_kills "56"
      acousticSpikeMaxRange "200"
      acousticSpikeMinRadius "0.0001"
      acousticSpikeMinRange "0"
      acousticSpikeRingSize "20"
      acousticSpikeSize "10"
      actionSlotsHide "0"
      ai_accu_player_lateral_speed "250"
      ai_accuracyDistScale "1"
      ai_alternateSightLatency "0"
      ai_angularYawAccelRate "1200"
      ai_angularYawDecelFactor "1"
      ai_angularYawEnabled "0"
      ai_badPathSpam "0"
      ai_corpseCount "5"
      ai_coverFlankCheckRad "6"
      ai_coverFlankDistToCover "180"
      ai_coverFlankMaxAngle "70"
      ai_coverScore_coverType "2"
      ai_coverScore_distance "16"
      ai_coverScore_engagement "4"
      ai_coverScore_flanking "0"
      ai_coverScore_nodeAngle "4"
      ai_coverScore_playerLos "8"
      ai_coverScore_priority "8"
      ai_coverScore_targetDir "4"
      ai_coverScore_visibility "8"
      ai_debugAccuracy "0"
      ai_debugAnimDeltas "0"
      ai_debugAnimscript "0"
      ai_debugClaimedNodes "0"
      ai_debugCodeState "0"
      ai_debugCoverArrivals "0"
      ai_debugCoverArrivalsTool "0"
      ai_debugCoverArrivalsToolRadius "256"
      ai_debugCoverArrivalsToolShowNodes "0"
      ai_debugCoverArrivalsToolType "0"
      ai_debugCoverEntityNum "-1"
      ai_debugCoverSelection "0"
      ai_debugCoverTool "0"
      ai_debugCoverToolUpdatePos "1"
      ai_debugEntIndex "-1"
      ai_debugFindPath "0"
      ai_debugFindPathDirect "0"
      ai_debugFindPathLock "0"
      ai_debugFindPathWidth "0"
      ai_debugGrenadeFailSafe "0"
      ai_debugGrenadeHintArc "150"
      ai_debugMayMove "0"
      ai_debugMelee "0"
      ai_debugMeleeAttackSpots "0"
      ai_debugPlayerLOS "0"
      ai_debugThreatSelection "0"
      ai_disableSpawn "0"
      ai_enableBadPlaces "1"
      ai_eventDistBadPlace "256"
      ai_eventDistBullet "96"
      ai_eventDistBulletRunning "200"
      ai_eventDistDeath "1024"
      ai_eventDistExplosion "1024"
      ai_eventDistFootstep "512"
      ai_eventDistFootstepLite "256"
      ai_eventDistGrenadePing "512"
      ai_eventDistGunShot "2048"
      ai_eventDistNewEnemy "1024"
      ai_eventDistPain "512"
      ai_eventDistProjImpact "256"
      ai_eventDistProjPing "128"
      ai_eventDistReact "512"
      ai_eventDistSilencedShot "128"
      ai_exposedSet2Probability "70"
      ai_foliageSeeThroughDist "128"
      ai_friendlyFireBlockDuration "2000"
      ai_friendlySuppression "1"
      ai_friendlySuppressionDist "128"
      ai_maxAttackerCount "2"
      ai_meleeDamage "100"
      ai_meleeHeight "10"
      ai_meleeRange "64"
      ai_meleeWidth "20"
      ai_moveOrientMode "invalid"
      ai_noDodge "0"
      ai_noPathToEnemyGiveupTime "6000"
      ai_pathMomentum "0.78"
      ai_pathNegotiationOverlapCost "300"
      ai_playerADS_LOSRange "150"
      ai_playerADSTargetTime "10000"
      ai_playerFarAccuracy "0.1"
      ai_playerFarRange "2000"
      ai_playerLOSHalfWidth "15"
      ai_playerLOSMinTime "1500"
      ai_playerLOSRange "150"
      ai_playerNearAccuracy "0.5"
      ai_playerNearRange "800"
      ai_reactFeature "1"
      ai_runAnimUpdateFrequency "0.05"
      ai_showBadPlaces "0"
      ai_ShowCanSeeChecks "0"
      ai_ShowCanshootChecks "0"
      ai_showClaimedNode "0"
      ai_showCount "0"
      ai_showCoverScore "0"
      ai_showDodge "0"
      ai_showFriendlyChains "0"
      ai_showNearestNode "0"
      ai_showNodes "0"
      ai_showNodesDist "384"
      ai_showPaths "0"
      ai_showPotentialThreatDir "0"
      ai_showRegion "0"
      ai_showSuppression "-1"
      ai_showVisData "0"
      ai_showVisDataDist "1000"
      ai_showVolume "-1"
      ai_slowdownMaxYawDiff "90"
      ai_slowdownMinRate "1"
      ai_slowdownMinYawDiff "0"
      ai_slowdownRateBlendFactor "1"
      ai_threatUpdateInterval "500"
      ai_turnAnimAngleThreshold "50"
      ai_turnRate "220"
      ai_useBetterLookahead "1"
      ai_useCheapSight "0"
      ai_useFacingTranslation "0"
      ai_useLeanRunAnimations "1"
      ai_useServerAnims "0"
      ai_useServerAnimsEntity "-1"
      ai_water_trails "0"
      aim_automelee_lunge_only_forward "0"
      all_players_are_connected "0"
      allow_zombies_german "0"
      allowHost_matchesHostedRatio "0"
      allowHost_matchesHostedStreak "0"
      allowHost_matchesPlayedRatio "0"
      allowHost_matchesPlayedStreak "0"
      ammoCounterHide "0"
      angles "0"
      anim_disableWeaponSway "0"
      animated_trees_enabled "0"
      arcademode "0"
      arcademode_bonus_hardest2kill "1200"
      arcademode_bonus_mostheadshots "800"
      arcademode_bonus_mostrevives "1000"
      arcademode_ks_10 "3"
      arcademode_ks_2 "3"
      arcademode_ks_3 "3"
      arcademode_ks_4 "3"
      arcademode_ks_5 "3"
      arcademode_ks_6 "4"
      arcademode_ks_7 "4"
      arcademode_ks_8 "4"
      arcademode_ks_9 "3"
      arcademode_ks_maxtime "25"
      arcademode_ks_time_10 "20"
      arcademode_ks_time_2 "15"
      arcademode_ks_time_3 "15"
      arcademode_ks_time_4 "15"
      arcademode_ks_time_5 "20"
      arcademode_ks_time_6 "20"
      arcademode_ks_time_7 "20"
      arcademode_ks_time_8 "20"
      arcademode_ks_time_9 "20"
      arcademode_minimumAllowedPoints "-2000"
      arcademode_minimumAllowedSuicides "5"
      arcademode_minimumAllowedWarning "-1000"
      arcademode_score_assist "20"
      arcademode_score_banzai "150"
      arcademode_score_berserker "20"
      arcademode_score_body_armor "20"
      arcademode_score_bombplant "200"
      arcademode_score_dead_hands "20"
      arcademode_score_dirtyharry "10"
      arcademode_score_dog "90"
      arcademode_score_enemyexitingcar "80"
      arcademode_score_explodableitem "30"
      arcademode_score_explosion "10"
      arcademode_score_flak_jacket "10"
      arcademode_score_hard_headed "20"
      arcademode_score_hardcore "10"
      arcademode_score_headshot "60"
      arcademode_score_kill "50"
      arcademode_score_laststand "-110"
      arcademode_score_lowerbody "0"
      arcademode_score_melee "70"
      arcademode_score_morphine "10"
      arcademode_score_revive "100"
      arcademode_score_sticksstones "20"
      arcademode_score_suicide "-500"
      arcademode_score_tank "500"
      arcademode_score_tank_friendly "-50"
      arcademode_score_tankassist "100"
      arcademode_score_thunder "10"
      arcademode_score_treehugger "100"
      arcademode_score_upperbody "20"
      arcademode_score_vampire "10"
      arcademode_score_vehicle "30"
      arcademode_score_watertower "150"
      arcademode_score_zombie "10"
      autodifficulty_frac "75"
      autodifficulty_original_setting "1"
      autodifficulty_playerDeathTimer "0"
      band_12players "384000"
      band_18players "580000"
      band_2players "64000"
      band_4players "128000"
      band_6players "192000"
      band_8players "256000"
      band_demosystem "64000"
      bandwidth_retry_interval "180000"
      bg_ads "1"
      bg_aimSpreadMoveSpeedThreshold "11"
      bg_aqs "0"
      bg_aqsStyle "2"
      bg_blendTimeOverride "-1"
      bg_bobMax "8"
      bg_collectibles "0000000000000000000000000000000000000000000000000"
      bg_disableWeaponPlantingInWater "1"
      bg_drawGrenadeInHand "0"
      bg_fallDamageMaxHeight "350"
      bg_fallDamageMinHeight "128"
      bg_fixFramerateDependentPhysics "0"
      bg_foliagesnd_fastinterval "500"
      bg_foliagesnd_maxspeed "180"
      bg_foliagesnd_minspeed "40"
      bg_foliagesnd_resetinterval "500"
      bg_foliagesnd_slowinterval "1500"
      bg_forceDurationOverride "-1"
      bg_forceExplosiveBullets "0"
      bg_freeCamClipToHeliPatch "1"
      bg_gravity "800"
      bg_gunXOffset "0"
      bg_ladder_yawcap "100"
      bg_leanAmount "20"
      bg_legYawCrouchTolerance "40"
      bg_legYawProneTolerance "20"
      bg_legYawTolerance "40"
      bg_lowGravity "400"
      bg_maxGrenadeIndicatorSpeed "100"
      bg_maxWeaponAnimScale "0.66"
      bg_moonGravity "136"
      bg_plantInWaterDepth "5"
      bg_playStandToCrouchAnims "0"
      bg_prone_yawcap "85"
      bg_proneSwingSpeed "0.08"
      bg_shock_animation "0"
      bg_shock_lookControl "1"
      bg_shock_lookControl_fadeTime "2"
      bg_shock_lookControl_maxpitchspeed "90"
      bg_shock_lookControl_maxyawspeed "90"
      bg_shock_lookControl_mousesensitivityscale "0.5"
      bg_shock_movement "1"
      bg_shock_screenBlurBlendFadeTime "1"
      bg_shock_screenBlurBlendTime "0.4"
      bg_shock_screenFlashShotFadeTime "0"
      bg_shock_screenFlashWhiteFadeTime "0"
      bg_shock_screenType "blurred"
      bg_shock_sound "1"
      bg_shock_soundDryLevel "1"
      bg_shock_soundEnd "shellshock_end"
      bg_shock_soundEndAbort "shellshock_end_abort"
      bg_shock_soundFadeInTime "0.25"
      bg_shock_soundFadeOutTime "2.5"
      bg_shock_soundLoop "shellshock_loop"
      bg_shock_soundLoopEndDelay "-3"
      bg_shock_soundLoopFadeTime "1.5"
      bg_shock_soundLoopSilent "shellshock_loop_silent"
      bg_shock_soundModEndDelay "2"
      bg_shock_soundRoomType "default"
      bg_shock_soundSnapshot "default"
      bg_shock_soundWetLevel "0.5"
      bg_shock_viewKickFadeTime "3"
      bg_shock_viewKickPeriod "0.75"
      bg_shock_viewKickRadius "0.05"
      bg_shock_visionset_inTime "0"
      bg_shock_visionset_name ""
      bg_shock_visionset_outTime "0"
      bg_slopeFrames "10"
      bg_swingSpeed "0.15"
      bg_viewBobAmplitudeBase "0.16"
      bg_viewBobAmplitudeDtp "0.002 0.002"
      bg_viewBobAmplitudeDucked "0.0075 0.0075"
      bg_viewBobAmplitudeDuckedAds "0.0075 0.0075"
      bg_viewBobAmplitudeProne "0.08 0.04"
      bg_viewBobAmplitudeRoll "1.5"
      bg_viewBobAmplitudeSprinting "0.02 0.014"
      bg_viewBobAmplitudeStanding "0.007 0.007"
      bg_viewBobAmplitudeStandingAds "0.007 0.007"
      bg_viewBobAmplitudeSwimming "3 2"
      bg_viewKickMax "90"
      bg_viewKickMin "0.5"
      bg_viewKickRandom "0.4"
      bg_viewKickScale "0.2"
      bg_vsmode_hud "0"
      bg_weaponBobAmplitudeBase "0.16"
      bg_weaponBobAmplitudeDtp "0.002 0.002"
      bg_weaponBobAmplitudeDucked "0.045 0.025"
      bg_weaponBobAmplitudeProne "0.02 0.005"
      bg_weaponBobAmplitudeRoll "1.5"
      bg_weaponBobAmplitudeSprinting "0.02 0.014"
      bg_weaponBobAmplitudeStanding "0.055 0.025"
      bg_weaponBobAmplitudeSwimming "4 4"
      bg_weaponBobFrequencySwimming "0.1"
      bg_weaponBobHeavyWeaponScalar "1.5"
      bg_weaponBobLag "0.25"
      bg_weaponBobMax "8"
      bg_weaponForcedLowMaxAngles "0 0 0"
      bg_weaponForcedLowMaxAnglesPistolsOffset "0 0 0"
      bg_weaponForcedLowOffset "3 -2 -2"
      bg_weaponForcedLowPistolsOffset "3 -2 -2"
      bg_weaponleftbone "tag_weapon_left"
      bg_weaponrightbone "tag_weapon_right"
      blackopsmode "0"
      blurpain "on"
      bullet_multikill_shots "2"
      bullet_penetration_affected_by_team "1"
      bullet_penetrationEnabled "1"
      bullet_penetrationMinFxDist "30"
      bulletrange "8192"
      category "0"
      categoryPlaylist "0"
      cg_actorBurnTransitionTime "3.5"
      cg_adsZoomToggleStyle "1"
      cg_adsZScaleMax "1.25"
      cg_aggressiveCullRadius "0"
      cg_aimAssistEnabled "1"
      cg_allow_mature "1"
      cg_allowActorLookAtEntity "1"
      cg_animdumpEnt "-1"
      cg_animInfoCornerOffset "0 0"
      cg_blood "1"
      cg_bloodLimit "0"
      cg_bloodLimitMsec "330"
      cg_bobWeaponAmplitude "0.16"
      cg_bobWeaponLag "0.25"
      cg_bobWeaponMax "10"
      cg_bobWeaponRollAmplitude "1.5"
      cg_brass "1"
      cg_bulletlength "80"
      cg_bulletwidth "2"
      cg_cameraUseTagCamera "1"
      cg_cameraVehicleExitTweenTime "0.4"
      cg_cameraWaterClip "4.5"
      cg_centertime "5"
      cg_chatHeight "5"
      cg_chatTime "12000"
      cg_cinematicFullscreen "1"
      cg_connectionIconSize "0"
      cg_constantSizeHeadIcons "0"
      cg_corpseHighlightFadeTime "2"
      cg_crosshairAlpha "1"
      cg_crosshairAlphaMin "0.5"
      cg_crosshairDynamic "0"
      cg_crosshairEnemyColor "1"
      cg_cursorHints "4"
      cg_deathScreenFadeInTime "2"
      cg_deathScreenFadeOutTime "0.5"
      cg_debug_overlay_viewport "0"
      cg_debug_triggers "0"
      cg_debugAnimData "0"
      cg_debugAnimSetup "0"
      cg_debugDrawEllipses "0"
      cg_debugDrawSafeAreas "0"
      cg_debugEllipsesOffset "90"
      cg_debugevents "0"
      cg_debugInfoCornerOffset "0 16"
      cg_debugMounting "0"
      cg_debugposition "0"
      cg_defaultFadeScreenColor "0 0 0 1"
      cg_defensive_anim_delay "1"
      cg_descriptiveText "1"
      cg_development "0"
      cg_dissolveTransitionTime "0.625"
      cg_dof_useDefaultForVehicle "1"
      cg_draw2D "1"
      cg_drawAnimInfo "0"
      cg_drawBreathHint "1"
      cg_drawChecksums "0"
      cg_drawCrosshair "1"
      cg_drawCrosshair3D "1"
      cg_drawCrosshairNames "1"
      cg_drawCrosshairNamesPosX "300"
      cg_drawCrosshairNamesPosY "180"
      cg_drawDisconnect "1"
      cg_drawEntityUsage "0"
      cg_drawEventUsage "0"
      cg_drawFPS "Off"
      cg_drawFPSLabels "1"
      cg_drawFPSScale "0"
      cg_drawFriendlyFireCrosshair "0"
      cg_drawFriendlyNames "1"
      cg_drawGun "1"
      cg_drawHealth "0"
      cg_drawHUD "1"
      cg_drawIdentifier "0"
      cg_drawLagometer "0"
      cg_drawMantleHint "1"
      cg_drawMaterial "Off"
      cg_drawMemUsage "0"
      cg_drawModelAxis "-1"
      cg_drawOverheadNames "1"
      cg_drawpaused "1"
      cg_drawPerformanceWarnings "1"
      cg_drawReset "0"
      cg_drawScriptUsage "0"
      cg_drawShellshock "1"
      cg_drawSnapshot "0"
      cg_drawSnapshotTime "1"
      cg_drawSpectatorMessages "0"
      cg_drawStringUsage "0"
      cg_drawThroughWalls "0"
      cg_drawTurretCrosshair "1"
      cg_drawVelocity "0"
      cg_drawVersion "0"
      cg_drawVersionX "50"
      cg_drawVersionY "18"
      cg_drawViewAngles "0"
      cg_drawWeaponHeatVertical "0"
      cg_drawZmOverheadRank "0"
      cg_drawZombieTotal "0"
      cg_dumpAnims "-1"
      cg_enemyNameFadeIn "250"
      cg_enemyNameFadeOut "250"
      cg_errordecay "100"
      cg_fakefireWizbyChance "0.2"
      cg_firstPersonTracerChance "0"
      cg_flareVisionSetFadeDuration "2000"
      cg_flashScriptHashes "0"
      cg_footprints "1"
      cg_footprintsDebug "0"
      cg_footprintsDistortWater "0"
      cg_footsteps "1"
      cg_forceSniperBobHack "0"
      cg_fov "65"
      cg_fov_default "65"
      cg_fov_default_thirdperson "40"
      cg_fovCompMax "85"
      cg_fovExtraCam "65"
      cg_fovMin "10"
      cg_fovScale "1"
      cg_friendlyNameFadeIn "0"
      cg_friendlyNameFadeOut "1500"
      cg_fuelHudVersion "1"
      cg_gameBoldMessageWidth "390"
      cg_gameMessageWidth "455"
      cg_GuidedMissileHighlightTargetSize "750"
      cg_gun_fovcomp_x "-2"
      cg_gun_fovcomp_y "0"
      cg_gun_fovcomp_z "0"
      cg_gun_move_f "0"
      cg_gun_move_minspeed "0"
      cg_gun_move_r "0"
      cg_gun_move_rate "0"
      cg_gun_move_u "0"
      cg_gun_ofs_f "0"
      cg_gun_ofs_r "0"
      cg_gun_ofs_u "0"
      cg_gun_rot_minspeed "0"
      cg_gun_rot_p "0"
      cg_gun_rot_r "0"
      cg_gun_rot_rate "0"
      cg_gun_rot_y "0"
      cg_gun_x "0"
      cg_gun_y "0"
      cg_gun_z "0"
      cg_headIconMinScreenRadius "0.02"
      cg_hideWeaponHeat "0"
      cg_hintFadeTime "100"
      cg_hudBottomSemimajor "300"
      cg_hudBottomSemiminor "150"
      cg_hudChatPosition "5 200"
      cg_hudDamageIconHeight "64"
      cg_hudDamageIconInScope "0"
      cg_hudDamageIconOffset "128"
      cg_hudDamageIconTime "2000"
      cg_hudDamageIconWidth "128"
      cg_hudFriendlyIndicatorHeight "24"
      cg_hudFriendlyIndicatorWidth "24"
      cg_hudGrenadeIconEnabledFlash "0"
      cg_hudGrenadeIconHeight "25"
      cg_hudGrenadeIconInScope "1"
      cg_hudGrenadeIconMaxHeight "104"
      cg_hudGrenadeIconMaxRangeFlash "500"
      cg_hudGrenadeIconMaxRangeFrag "250"
      cg_hudGrenadeIconOffset "50"
      cg_hudGrenadeIconShowFriendly "1"
      cg_hudGrenadeIconWidth "25"
      cg_hudGrenadeIndicatorFadeUp "1"
      cg_hudGrenadeIndicatorStartColor "1 1 1 1"
      cg_hudGrenadeIndicatorTargetColor "1 1 1 1"
      cg_hudGrenadePointerHeight "12"
      cg_hudGrenadePointerPivot "12 27"
      cg_hudGrenadePointerPulseFreq "1.7"
      cg_hudGrenadePointerPulseMax "1.85"
      cg_hudGrenadePointerPulseMin "0.3"
      cg_hudGrenadePointerWidth "25"
      cg_hudMapBorderWidth "2"
      cg_hudMapFriendlyHeight "15"
      cg_hudMapFriendlyWidth "15"
      cg_hudMapPlayerHeight "20"
      cg_hudMapPlayerWidth "20"
      cg_hudMapRadarLineThickness "0.15"
      cg_hudProneY "-160"
      cg_hudSayPosition "5 180"
      cg_hudStanceFlash "1 1 1 1"
      cg_hudStanceHintPrints "0"
      cg_hudTopSemimajor "400"
      cg_hudTopSemiminor "220"
      cg_infraredBlurTime "250"
      cg_infraredHighlightOffset "0.5"
      cg_infraredHighlightScale "200"
      cg_invalidCmdHintBlinkInterval "600"
      cg_invalidCmdHintDuration "1800"
      cg_laserEndOffset "0.5"
      cg_laserFlarePct "0.2"
      cg_laserForceOn "0"
      cg_laserLight "1"
      cg_laserLightBeginOffset "13"
      cg_laserLightBodyTweak "15"
      cg_laserLightEndOffset "-3"
      cg_laserLightRadius "3"
      cg_laserRadius "0.8"
      cg_laserRange "1500"
      cg_laserRangePlayer "1500"
      cg_mapLocationSelectionCursorSpeed "0.6"
      cg_mapLocationSelectionRotationSpeed "3"
      cg_marks_ents_player_only "0"
      cg_marqueeTimeScale "30"
      cg_mature "1"
      cg_MaxDownedPulseRate "2"
      cg_MinDownedPulseRate "0.5"
      cg_motionblur_duration "2500"
      cg_motionblur_fadeout "500"
      cg_nopredict "0"
      cg_objectiveIndicatorColor "1 0.94 0 1"
      cg_objectiveIndicatorFarDist "512"
      cg_objectiveIndicatorFarFadeDist "8192"
      cg_objectiveIndicatorFarScale "0.5"
      cg_objectiveIndicatorNearDist "256"
      cg_objectiveIndicatorNearFadeDist "256"
      cg_objectiveIndicatorSize "0.8"
      cg_objectiveListWrapCountStandard "600"
      cg_objectiveListWrapCountWidescreen "530"
      cg_overheadIconSize "0.9"
      cg_overheadNamesFarDist "512"
      cg_overheadNamesFarScale "0.7"
      cg_overheadNamesFont "2"
      cg_overheadNamesGlow "0 0 0 1"
      cg_overheadNamesMaxDist "10000"
      cg_overheadNamesNearDist "64"
      cg_overheadNamesSize "0.8"
      cg_overheadRankSize "0.7"
      cg_playerFrustumHalfHeight "36"
      cg_playersInViewMinDot "0.98"
      cg_playerState "0"
      cg_predictItems "1"
      cg_readTitleStorageLocally "0"
      cg_scoreboardBannerHeight "35"
      cg_scoreboardFont "3"
      cg_scoreboardForceArcade "0"
      cg_scoreboardHeaderFontScale "0.315"
      cg_scoreboardHeight "330"
      cg_scoreboardItemHeight "18"
      cg_scoreboardMyColor "1 0.8 0.4 1"
      cg_scoreboardPingGraph "0"
      cg_scoreboardPingHeight "0.7"
      cg_scoreboardPingText "1"
      cg_scoreboardPingWidth "0.036"
      cg_scoreboardRankFontScale "0.26"
      cg_scoreboardScrollStep "3"
      cg_scoreboardSplitscreenWidth "700"
      cg_scoreboardTextOffset "0.62"
      cg_scoreboardWidth "500"
      cg_ScoresColor_Gamertag_0 "1 1 1 0"
      cg_ScoresColor_Gamertag_1 "0.486275 0.811765 0.933333 0"
      cg_ScoresColor_Gamertag_2 "0.964706 0.792157 0.313726 0"
      cg_ScoresColor_Gamertag_3 "0.513726 0.92549 0.533333 0"
      cg_ScoresColor_Player "0.760784 0.780392 0.101961 1"
      cg_ScoresColor_Player_0 "0.0235294 0.168627 0.203922 0"
      cg_ScoresColor_Player_1 "0.447059 0.380392 0.2 0"
      cg_ScoresColor_Player_2 "0.0235294 0.172549 0.113725 0"
      cg_ScoresColor_Player_3 "0.196078 0.0588235 0.0470588 0"
      cg_ScoresColor_Transparency "0.35"
      cg_ScoresColor_TransparencyZombie "0.8"
      cg_ScoresColor_Zombie "0.423529 0.00392157 0 0"
      cg_ScoresPing_BgColor "0.25098 0.25098 0.25098 0.501961"
      cg_ScoresPing_HighColor "0.8 0 0 1"
      cg_ScoresPing_Interval "100"
      cg_ScoresPing_LowColor "0 0.74902 0 1"
      cg_ScoresPing_MaxBars "4"
      cg_ScoresPing_MedColor "0.8 0.8 0 1"
      cg_scriptIconSize "0"
      cg_showmiss "0"
      cg_showZombieControls "0"
      cg_showZombieMap "1"
      cg_small_dev_string_fontscale "1"
      cg_spectateThirdPerson "0"
      cg_subtitleMinTime "3"
      cg_subtitles "0"
      cg_subtitleWidthStandard "360"
      cg_subtitleWidthWidescreen "520"
      cg_teamChatsOnly "0"
      cg_thirdPerson "0"
      cg_thirdPersonAngle "0"
      cg_thirdPersonFocusDist "512"
      cg_thirdPersonMode "Fixed"
      cg_thirdPersonRange "120"
      cg_timedDamageDuration "500"
      cg_tracerchance "0.2"
      cg_tracerlength "100"
      cg_tracerNoDrawTime "0"
      cg_tracerScale "1"
      cg_tracerScaleDistRange "25000"
      cg_tracerScaleMinDist "5000"
      cg_tracerScrewDist "100"
      cg_tracerScrewRadius "0.15"
      cg_tracerSpeed "7500"
      cg_tracerwidth "3"
      cg_treadmarks "0"
      cg_ufo_scaler "6"
      cg_useWeaponBasedVariableZoom "0"
      cg_useWeaponSwitchReloadCancel "1"
      cg_usingClientScripts "1"
      cg_viewVehicleInfluenceGunner "1 1 1"
      cg_viewVehicleInfluenceGunnerFiring "0 0 0"
      cg_viewZSmoothingMax "16"
      cg_viewZSmoothingMin "1"
      cg_viewZSmoothingTime "0.1"
      cg_visionSetLerpMaxDecreasePerFrame "0.01"
      cg_visionSetLerpMaxIncreasePerFrame "0.02"
      cg_voiceIconSize "0"
      cg_watersheeting "1"
      cg_waterTrailRipple "1"
      cg_waterTrailRippleFrequency "600"
      cg_waterTrailRippleVariance "500"
      cg_weaponCycleDelay "0"
      cg_weaponHintsCoD1Style "1"
      cg_youInKillCamSize "6"
      cl_allowDownload "1"
      cl_analog_attack_threshold "0.8"
      cl_anglespeedkey "1.5"
      cl_autodemorecord "0"
      cl_avidemo "0"
      cl_bypassMouseInput "0"
      cl_connectionAttempts "100"
      cl_connectTimeout "200"
      cl_dblTapMaxDelayTime "500"
      cl_dblTapMaxHoldTime "500"
      cl_demoFFSpeed "0"
      cl_demoLiveStreaming "0"
      cl_demoSkipToTime "0"
      cl_dtpHoldTime "200"
      cl_enableStreamerMode "0"
      cl_fix_25day_blackscreen "1"
      cl_forceavidemo "0"
      cl_freelook "1"
      cl_freemoveScale "0.25"
      cl_freezeDemo "0"
      cl_hudDrawsBehindUI "1"
      cl_ingame "0"
      cl_inputTimeScaleFrac "0"
      cl_jumpDemoTime "0"
      cl_maxpackets "30"
      cl_maxPing "800"
      cl_motdString ""
      cl_mouseAccel "0"
      cl_network_warning "0"
      cl_nodelta "0"
      cl_noprint "0"
      cl_packetdup "1"
      cl_paused "0"
      cl_pauseDemo "0"
      cl_pitchspeed "140"
      cl_preventTvGuidedSpin "1"
      cl_punkbuster "0"
      cl_scoreDraw "1"
      cl_serverStatusResendTime "750"
      cl_showmouserate "0"
      cl_shownet "0"
      cl_shownuments "0"
      cl_showSend "0"
      cl_showServerCommands "0"
      cl_showTimeDelta "0"
      cl_stanceHoldTime "300"
      cl_talking "0"
      cl_timeout "30"
      cl_viewport_lerptime "0.15"
      cl_voice "1"
      cl_wadefps "0"
      cl_yawspeed "140"
      clancard_clanid "0"
      clanMessageLastFetchTime "0"
      clanName ""
      codMessageLastFetchTime "0"
      collectors "0"
      com_animCheck "0"
      com_busyWait "0"
      com_desiredMenu "0"
      com_errorMessage "Couldn't find the bsp for this map.  Please build the fast file associated with maps/zm_moon.d3dbsp and try again."
      com_errorTitle "Error"
      com_filter_output "0"
      com_first_time "0"
      com_first_time_pc "1"
      com_freemoveScale "1"
      com_introPlayed "1"
      com_loadRawStringtables "0"
      com_maxclients "4"
      com_maxfps "85"
      com_maxFrameTime "100"
      com_movieIsPlaying "0"
      com_recommendedSet "1"
      com_startupIntroPlayed "1"
      com_statmon "0"
      com_timescale "1"
      com_useRawUDP "1"
      com_voip_bandwidth_restricted "1"
      com_voip_disable_threshold "1200"
      com_voip_resume_time "0"
      compass "1"
      compassClampIcons "1"
      compassCoords "740 3590 400"
      compassECoordCutoff "37"
      compassEnemyFootstepEnabled "0"
      compassEnemyFootstepMaxRange "500"
      compassEnemyFootstepMaxZ "100"
      compassEnemyFootstepMinSpeed "140"
      compassForcePlayerIcon "0"
      compassFriendlyHeight "10"
      compassFriendlyWidth "10"
      compassGridAlign "0"
      compassGridCols "5"
      compassGridEnabled "1"
      compassGridRows "5"
      compassIconOtherVehHeight "40"
      compassIconOtherVehWidth "40"
      compassIconTankHeight "25"
      compassIconTankWidth "25"
      compassLocalRadarRadius "700"
      compassLocalRadarUpdateTime "2.25"
      compassMaxRange "3500"
      compassMinRadius "0.0001"
      compassMinRange "0.0001"
      compassObjectiveArrowHeight "20"
      compassObjectiveArrowOffset "2"
      compassObjectiveArrowRotateDist "5"
      compassObjectiveArrowWidth "20"
      compassObjectiveDetailDist "10"
      compassObjectiveDrawLines "1"
      compassObjectiveHeight "20"
      compassObjectiveIconHeight "32"
      compassObjectiveIconHeightZombie "16"
      compassObjectiveIconWidth "32"
      compassObjectiveIconWidthZombie "16"
      compassObjectiveMaxHeight "70"
      compassObjectiveMaxRange "2048"
      compassObjectiveMinAlpha "1"
      compassObjectiveMinDistRange "2"
      compassObjectiveMinHeight "-70"
      compassObjectiveNearbyDist "8"
      compassObjectiveNumRings "10"
      compassObjectiveRingSize "80"
      compassObjectiveRingTime "10000"
      compassObjectiveTextHeight "18"
      compassObjectiveTextScale "0.3"
      compassObjectiveWidth "20"
      compassPartialType "0"
      compassPlayerHeight "25"
      compassPlayerWidth "25"
      compassRadarLineThickness "0.4"
      compassRadarPingFadeTime "4"
      compassRadarUpdateFastTime "2"
      compassRadarUpdateTime "4"
      compassRotation "1"
      compassSatellitePingFadeTime "10"
      compassSatelliteScanTime "1000"
      compassSatelliteStaticImageFadeTime "0"
      compassScaleDiff "0"
      compassScaleDuration "0"
      compassScaleReset "0"
      compassScaleTimer "0"
      compassShowEnemies "1"
      compassSize "1"
      compassSoundPingFadeTime "2"
      compassSpectatorsSeeEnemies "0"
      compassStaticImageUpdateTime "5000"
      compassTickertapeStretch "0.5"
      con_default_console_filter "*"
      con_displayRconOutput "0"
      con_errormessagetime "8"
      con_gameMsgWindow0FadeInTime "0.25"
      con_gameMsgWindow0FadeOutTime "0.5"
      con_gameMsgWindow0Filter "gamenotify obituary"
      con_gameMsgWindow0LineCount "6"
      con_gameMsgWindow0MsgTime "5"
      con_gameMsgWindow0ScrollTime "0.25"
      con_gameMsgWindow0SplitscreenScale "1.5"
      con_gameMsgWindow1FadeInTime "0.25"
      con_gameMsgWindow1FadeOutTime "0.01"
      con_gameMsgWindow1Filter "boldgame"
      con_gameMsgWindow1LineCount "6"
      con_gameMsgWindow1MsgTime "8"
      con_gameMsgWindow1ScrollTime "0.25"
      con_gameMsgWindow1SplitscreenScale "1.5"
      con_gameMsgWindow2FadeInTime "0.75"
      con_gameMsgWindow2FadeOutTime "0.5"
      con_gameMsgWindow2Filter "subtitle"
      con_gameMsgWindow2LineCount "7"
      con_gameMsgWindow2MsgTime "5"
      con_gameMsgWindow2ScrollTime "0.25"
      con_gameMsgWindow2SplitscreenScale "1.5"
      con_gameMsgWindow3FadeInTime "0.25"
      con_gameMsgWindow3FadeOutTime "0.5"
      con_gameMsgWindow3Filter "coopinfo"
      con_gameMsgWindow3LineCount "6"
      con_gameMsgWindow3MsgTime "5"
      con_gameMsgWindow3ScrollTime "0.25"
      con_gameMsgWindow3SplitscreenScale "1.5"
      con_inputBoxColor "0.25 0.25 0.2 1"
      con_inputHintBoxColor "0.4 0.4 0.35 1"
      con_matchPrefixOnly "1"
      con_minicon "0"
      con_miniconlines "5"
      con_minicontime "4"
      con_outputBarColor "1 1 0.95 0.6"
      con_outputSliderColor "0.15 0.15 0.1 0.6"
      con_outputWindowColor "0.35 0.35 0.3 0.75"
      con_typewriterColorBase "1 1 1"
      con_typewriterColorGlowCheckpoint "0.6 0.5 0.6 1"
      con_typewriterColorGlowCompleted "0 0.3 0.8 1"
      con_typewriterColorGlowFailed "0.8 0 0 1"
      con_typewriterColorGlowUpdated "0 0.6 0.18 1"
      con_typewriterDecayDuration "1000"
      con_typewriterDecayStartTime "4000"
      con_typewriterEnabledSounds "0"
      con_typewriterPrintSpeed "40"
      coop_difficulty_scaling "1"
      counterDownloadInterval "15"
      counterUploadInterval "15"
      createpublicserver "0"
      credits_active "0"
      credits_frommenu "0"
      credits_load "0"
      crossbow_impaleAdditionalRagdollTime "8"
      crossbow_impaleGravityRampTime "0.5"
      crossbow_impaleGravityScale "0.05"
      crossbow_impaleProjectileSlowdown "0.017"
      crossbow_impaleSlideSpeed "10"
      crossbow_impaleSlideTime "1"
      crossbow_impaleStuckTime "3"
      currentDifficulty "normal"
      customclass1 "CUSTOM 1"
      customclass2 "CUSTOM 2"
      customclass3 "CUSTOM 3"
      customclass4 "CUSTOM 4"
      customclass5 "CUSTOM 5"
      ddl_verbose "0"
      debug "0"
      debug_ai_supplement "0"
      debug_rope "0"
      debug_start ""
      debug_trace "0"
      debug_triggers "0"
      debugCurves "0"
      DebugFireManager "0"
      debugRenderBrushes "0"
      debugRenderBulletMeshes "0"
      debugRenderCollisionDistance "800"
      debugRenderColoredPatches "0"
      debugRenderEntityBrushes "0"
      debugRenderGjkTraceGeom "0"
      debugRenderMask "All"
      debugRenderPatches "0"
      debugRenderPlayerCollision "0"
      debugRenderStaticModelsBounds "0"
      debugStats "1"
      dec20_Enabled "0"
      dedicated "dedicated internet server"
      defaultDamageDuration "300"
      defaultDamageInterval "300"
      defaultHitDamage "5"
      developer "0"
      developer_script "0"
      disableHost_matchesHostedRatio "0"
      disableHost_matchesHostedStreak "0"
      disableHost_matchesPlayedRatio "0"
      disableHost_matchesPlayedStreak "0"
      disconnected_ctrls ""
      dive2swim "200"
      dive_recharge "1000"
      dlc1 "1"
      dlc2 "1"
      dlc3 "1"
      dlc4 "1"
      dlc5 "1"
      dog_MeleeDamage "150"
      dog_turn180_angle "135"
      dog_turn90_angle "70"
      dog_turn_min_goal_dist "40"
      door_breach_weapondrop "1"
      doublesided_raycasts "0"
      drew_notes "4"
      dtp "1"
      dtp_exhaustion_window "1500"
      dtp_fall_damage_max_height "200"
      dtp_fall_damage_min_height "65"
      dtp_max_apex_duration "400"
      dtp_max_slide_addition "0"
      dtp_max_slide_duration "300"
      dtp_min_speed "3.16"
      dtp_new_trajectory "1"
      dtp_new_trajectory_multiplier "2"
      dtp_post_move_pause "100"
      dtp_startup_delay "250"
      dump_assets "0"
      dumpStaticModels "0"
      dw_active "1"
      dw_dupe_key "0"
      dw_loggedin "1"
      dw_numaccounts "-1"
      dw_party_active "1"
      dw_popup ""
      dw_user0 ""
      dw_user1 ""
      dw_user2 ""
      dw_user3 ""
      dw_user4 ""
      dwFileFetchTryIntervalBase "2"
      dwFileFetchTryIntervalMax "30"
      dwFileFetchTryMaxAttempts "30"
      dynEnt_bulletForce "800"
      dynEnt_damageRadiusScale "1"
      dynEnt_explodeForce "12500"
      dynEnt_explodeMaxEnts "20"
      dynEnt_explodeMinForce "40"
      dynEnt_explodeSpinScale "4"
      dynEnt_explodeUpbias "0.5"
      dynEnt_sentientAutoActivate "1"
      dynEnt_spawnedLimit "50"
      dynEntPieces_angularVelocity "0 0 0"
      dynEntPieces_impactForce "1000"
      dynEntPieces_velocity "0 0 0"
      emblem_scroll_delay_first "150"
      emblem_scroll_delay_rest "50"
      enable_global_wind "1"
      enable_grass_wind "1"
      enable_moving_paths "1"
      enable_new_prone_check "1"
      eventMessageLastFetchTime "0"
      facepaintLodDist "1250"
      factoryAftereffectOverride "-1"
      fallback "0"
      fire_audio_random_max_duration "1000"
      fire_audio_repeat_duration "1500"
      fire_burn_time "3000"
      fire_world_damage "5"
      fire_world_damage_duration "5"
      fire_world_damage_rate "1"
      fix_mouse_lag "0"
      fixedtime "0"
      flame_config_valid "0"
      flame_debug_render "0"
      flame_kick_offset "-2 0 -0.5"
      flame_kick_recover_speed "4"
      flame_kick_speed "4"
      flame_render "1"
      flame_team_damage "0"
      flame_test "0"
      flame_use_dvars "0"
      flameVar_editingFlameTable "none"
      flameVar_lastFlameTable "none"
      flare_distance_scale "16"
      flare_duration "8"
      flare_effect_radius "400"
      flareBurnOutFadeWait "0.65"
      flareDisableEffects "0"
      flareLookAwayFadeWait "0.45"
      footstep_sounds_cutoff "1000"
      friction "5.5"
      friendlyfire_enabled "0"
      friendlyNameFontColor "0.9 1 0.9 0.7"
      friendlyNameFontGlowColor "0 0.3 0 1"
      friendlyNameFontObjective "1"
      friendlyNameFontSize "0.3"
      friendlyNameSplitScreenFontSize "0.4"
      friendlySaveFromDog "0"
      fs_basegame ""
      fs_basepath "C:\T5Server"
      fs_cdpath ""
      fs_copyfiles "0"
      fs_debug "0"
      fs_game "mods/BO1_more_perks_and_weapons"
      fs_homepath "C:\Users\ThiccBoi\AppData\Local\Plutonium\storage\t5"
      fs_ignoreLocalized "0"
      fs_restrict "0"
      fs_usedevdir "0"
      fs_userDocuments "\Activision\CoD"
      fs_usermapdir ""
      fx_marks "1"
      fxfrustumCutoff "1000"
      g_ai "1"
      g_aiEventDump "-1"
      g_allowvote "1"
      g_antilag "1"
      g_banIPs ""
      g_banzai_flank_attack "0"
      g_banzai_max_target_distance "1000"
      g_banzai_player_fov_buffer "0.2"
      g_changelevel_time "0"
      g_clonePlayerMaxVelocity "80"
      g_compassShowEnemies "0"
      g_connectpaths "0"
      g_console_log "console.log"
      g_console_log_count "10"
      g_console_log_rolling_archival "1"
      g_deadChat "0"
      g_deathDelay "4000"
      g_debugaccuracy "0"
      g_debugBullets "0"
      g_debugDamage "0"
      g_debugLocDamage "0"
      g_debugLocDamageEntity "-1"
      g_debugLocHit "0"
      g_debugLocHitTime "500"
      g_drawEntBBoxes "0"
      g_drawGrenadeHints "0"
      g_dropForwardSpeed "10"
      g_dropHorzSpeedRand "100"
      g_dropUpSpeedBase "10"
      g_dropUpSpeedRand "5"
      g_dumpAnims "-1"
      g_dumpAnimsCommands "-1"
      g_dumpAnimsNetwork "-1"
      g_dumpAnimsReduceSpam "0"
      g_earthquakeEnable "1"
      g_enteqDelay "150"
      g_enteqDist "4000"
      g_enteqEnable "0"
      g_entinfo "off"
      g_entinfo_AItext "brief"
      g_entinfo_maxdist "2048"
      g_entinfo_scale "1"
      g_entinfo_type "AI only"
      g_fix_entity_leaks "1"
      g_fix_event_fails "0"
      g_fix_health_sets_max "0"
      g_fix_tesla_bug "0"
      g_fix_viewkick_dupe "0"
      g_fixBulletDamageDupe "0"
      g_force_no_dummy_save "0"
      g_friendlyfireDist "175"
      g_friendlyNameDist "15000"
      g_gameskill "1"
      g_gametype "zom"
      g_inactivity "190"
      g_knockback "1000"
      g_listEntity "0"
      g_loadScripts "1"
      g_log "logs\games_sp.log"
      g_logSync "1"
      g_mantleBlockTimeBuffer "500"
      g_maxDroppedWeapons "16"
      g_minGrenadeDamageSpeed "400"
      g_motd ""
      g_no_script_spam "0"
      g_oldAnimCmdNetwork "0"
      g_oldVoting "1"
      g_password ""
      g_patchRocketJumps "1"
      g_player_maxhealth "100"
      g_playerCollision "everybody"
      g_playerCollisionEjectSpeed "25"
      g_playerEjection "nobody"
      g_playerRespawnTime "0"
      g_playerTrailTime "500"
      g_print_entity_leaks "0"
      g_randomSeed "0"
      g_redCrosshairs "1"
      g_reloading "0"
      g_remove_lean_headhitent "0"
      g_ScoresColor_Allies "0.0901961 0.458824 0.0705882 1"
      g_ScoresColor_Axis "0.690196 0.0705882 0.0509804 1"
      g_ScoresColor_EnemyTeam "0.690196 0.0705882 0.0509804 1"
      g_ScoresColor_Free "0.760784 0.780392 0.101961 1"
      g_ScoresColor_MyTeam "0.25098 0.721569 0.25098 1"
      g_ScoresColor_Spectator "0.25098 0.25098 0.25098 1"
      g_smoothClients "1"
      g_sp_fix_damage_overflow "0"
      g_spawnai "1"
      g_speed "190"
      g_synchronousClients "0"
      g_TeamColor_Allies "0.6 0.639216 0.690196 1"
      g_TeamColor_Axis "0.65098 0.568627 0.411765 1"
      g_TeamColor_EnemyTeam "1 0.313726 0.34902 1"
      g_TeamColor_EnemyTeamAlt "1 0.501961 0 1"
      g_TeamColor_Free "0.74902 0.25098 0.25098 1"
      g_TeamColor_MyTeam "0.4 0.701961 0.4 1"
      g_TeamColor_MyTeamAlt "0.34902 1 1 1"
      g_TeamColor_Spectator "0.25098 0.25098 0.25098 1"
      g_TeamName_Allies "GAME_ALLIES"
      g_TeamName_Axis "GAME_AXIS"
      g_useGear "0"
      g_useholdspawndelay "1"
      g_useholdtime "250"
      g_vehicleDebug "0"
      g_vehicleDrawPath ""
      g_vehiclePlaneCurveTime "1.5"
      g_voiceChatTalkingDuration "500"
      g_voteAbstainWeight "0.5"
      gamedate "Aug 25 2026"
      gamename "PT5SP"
      geographicalMatchmaking "0"
      glassCrackedDamageRateRange "1 10"
      glassDamageMultiplier "0.4"
      gpad_button_deadzone "0.13"
      gpad_button_lstick_deflect_max "1"
      gpad_button_rstick_deflect_max "1"
      gpad_buttonsConfig "buttons_default"
      gpad_debug "0"
      gpad_enabled "0"
      gpad_menu_scroll_delay_first "420"
      gpad_menu_scroll_delay_rest "210"
      gpad_present "0"
      gpad_rumble "1"
      gpad_stick_deadzone_max "0.01"
      gpad_stick_deadzone_min "0.2"
      gpad_stick_pressed "0.4"
      gpad_stick_pressed_hysteresis "0.1"
      gpad_sticksConfig "thumbstick_default"
      grenadeBounceRestitutionMax "0.3"
      grenadeBumpFreq "0.3"
      grenadeBumpMag "0.4"
      grenadeBumpMax "100"
      grenadeCurveMax "4"
      grenadeFrictionHigh "0.4"
      grenadeFrictionLow "0.01"
      grenadeFrictionMaxThresh "100"
      grenadeRestThreshold "20"
      grenadeRollingEnabled "1"
      grenadeWobbleFreq "0.08"
      grenadeWobbleFwdMag "10"
      grenadeWobbleSideDamp "0.01"
      grenadeWobbleSideMag "1"
      groupDownloadInterval "900"
      groupUploadInterval "300"
      heatMapLoadDelay "2000"
      hiDef "1"
      highlightedPlayerClanTag ""
      highlightedPlayerName ""
      highlightedPlayerXuid ""
      hostileNameFontColor "1 0.9 0.9 0.7"
      hostileNameFontGlowColor "0.6 0 0 1"
      hot_joinAllowed "0"
      hud_drawHUD "1"
      hud_enable "1"
      hud_flash_period_offhand "0.5"
      hud_flash_time_offhand "2"
      hud_missionFailed "0"
      hud_showObjectives "1"
      hud_showStance "1"
      hud_showTextNoAmmo "1"
      hudElemPausedBrightness "0.4"
      ik_actor_tracking_scale "1"
      ik_ai_hand_offset_vec "0 0 0"
      ik_ai_hand_rotation_vec "0 0 0"
      ik_ai_hand_tuning "0"
      ik_debug "0"
      ik_distanceCull "1"
      ik_distanceCullDist "4000"
      ik_dvar_lookatentity_notorso "0"
      ik_enable "1"
      ik_enable_ai_hand "0"
      ik_enable_ai_terrain "2"
      ik_enable_player_hand "1"
      ik_enable_player_terrain "1"
      ik_foot_test "0"
      ik_hand_test "0"
      ik_left_hand_lerp_test "0"
      ik_paranoid_matrix_checks "0"
      ik_pelvis_test "0"
      ik_pitch_limit_max "60"
      ik_pitch_limit_thresh "10"
      ik_right_hand_lerp_test "0"
      ik_roll_limit_max "100"
      ik_roll_limit_thresh "30"
      ik_yaw_limit_max "90"
      ik_yaw_limit_thresh "10"
      in_mouse "1"
      input_invertPitch "0"
      input_viewSensitivity "1"
      introscreen "1"
      invite_waitPeriod "30000"
      inviteText ""
      isFriendsListTrackerEnabled "0"
      jump_height "39"
      jump_ladderPushVel "128"
      jump_slowdownEnable "0"
      jump_spreadAdd "64"
      jump_stepSize "18"
      key "svAzia1sZyGkVSwLZtNw54oDXX0BDwic"
      kill_slomo_time "0"
      language "english"
      lastStandSwayAccel "0.05"
      lastStandSwayMaxDrift "1"
      lb_all_time_lb_write_min_req "50"
      lb_escrowRefresh "1200"
      lb_escrowTimeout "1200"
      lb_filter "none"
      lb_forceLbWrite "0"
      lb_LastFetchTime "0"
      lb_maxActiveLbReadTasks "3"
      lb_maxrows "50"
      lb_min_duration_before_penalty "1"
      lb_minDelayBetweenLbReads "5000"
      lb_minrefresh "0"
      lb_monthly_lb_write_min_req "25"
      lb_prestige "0"
      lb_time_penalty_for_early_quitters "1"
      lb_type "zombie_theater_waves"
      lb_typeByResetPeriod "all_time"
      lb_weekly_lb_write_min_req "5"
      live_banned "0"
      live_olMaxInterval "120"
      live_olMinInterval "60"
      live_restrictEmblems "0"
      live_service "0"
      live_ssLBFetchMaxInterval "300"
      live_ssLBFetchMinInterval "60"
      live_ssMaxInitialInterval "60"
      live_ssMaxInterval "300"
      live_ssMinInterval "150"
      loc_forceEnglish "0"
      loc_language "0"
      loc_translate "1"
      loc_warnings "0"
      loc_warningsAsErrors "0"
      local_leaderboards "1"
      local_leaderboards_maxgames "33"
      log_append "0"
      logfile "1"
      long_blocking_call "0"
      lowAmmoWarningColor1 "0.901961 0.901961 0.901961 0.8"
      lowAmmoWarningColor2 "1 1 1 1"
      lowAmmoWarningNoAmmoColor1 "0.8 0 0 0.8"
      lowAmmoWarningNoAmmoColor2 "1 0 0 1"
      lowAmmoWarningNoReloadColor1 "0.701961 0.701961 0 0.8"
      lowAmmoWarningNoReloadColor2 "1 1 0 1"
      lowAmmoWarningPulseFreq "1.7"
      lowAmmoWarningPulseMax "1.5"
      lowAmmoWarningPulseMin "0"
      m_filter "0"
      m_forward "0.25"
      m_pitch "0.022"
      m_side "0.25"
      m_yaw "0.022"
      magic_box_explore_only "1"
      magic_chest_movable "1"
      mantle_check_angle "60"
      mantle_check_glass_extra_range "10"
      mantle_check_radius "0.1"
      mantle_check_range "20"
      mantle_debug "0"
      mantle_enable "1"
      mantle_view_yawcap "60"
      mantle_weapon_anim_height "32"
      mantle_weapon_height "39"
      mapname "zombie_pentagon"
      matchmaking_debug "1"
      matchmaking_mininfo "1"
      maxMetPlayerListCount "50"
      maxStatsBackupInterval "-1"
      melee_debug "0"
      metPlayerListCleanupInterval "60000"
      metPlayerListUpdateInterval "10000"
      metPlayerListUploadInterval "60000"
      mg0 "0"
      mg1 "0"
      mg2 "0"
      mg3 "0"
      mg4 "0"
      mg5 "0"
      mg6 "0"
      mg7 "0"
      mgTurret "off"
      minDelayForOtherPlayerStatsFetch "300000"
      mis_01 "0"
      mis_01_unlock "21"
      mis_cheat "0"
      mis_difficulty "0000000000000000000000000"
      missileDebugAttractors "0"
      missileDebugDraw "0"
      missileDebugText "0"
      missileHellfireMaxSlope "0.5"
      missileHellfireUpAccel "1000"
      missileJavAccelClimb "300"
      missileJavAccelDescend "3000"
      missileJavClimbAngleDirect "85"
      missileJavClimbAngleTop "50"
      missileJavClimbCeilingDirect "0"
      missileJavClimbCeilingTop "3000"
      missileJavClimbHeightDirect "10000"
      missileJavClimbHeightTop "15000"
      missileJavClimbToOwner "700"
      missileJavSpeedLimitClimb "1000"
      missileJavSpeedLimitDescend "6000"
      missileJavTurnDecel "0.05"
      missileJavTurnRateDirect "60"
      missileJavTurnRateTop "100"
      missileMolotovBlobNum "5"
      missileMolotovBlobTime "2"
      missilePlantableSize "5"
      missileTVGuidedBoost "2"
      missileTVGuidedBoostSpeedDown "-1000"
      missileTVGuidedBoostSpeedUp "1000"
      missileTVGuidedFlatteningRollAccel "2"
      missileTVGuidedMaxRollAngle "35"
      missileTVGuidedMPSpecific "0"
      missileTVGuidedStickDeadzone "15"
      missileTVGuidedTurningRollAccel "1.5"
      missileTVGuidedTurnRate "3"
      missileWaterMaxDepth "60"
      modStats "1"
      monkeytoy "1"
      motd "^1REKT got ^5#rekt"
      msg_dumpEnts "0"
      msg_hudelemspew "0"
      msg_printEntityNums "0"
      name "dedicated"
      net_ip "localhost"
      net_lanauthorize "0"
      net_minigraph "0"
      net_noudp "0"
      net_port "28963"
      net_profile "0"
      net_showprofile "0"
      net_socksEnabled "0"
      net_socksPassword ""
      net_socksPort "1080"
      net_socksServer ""
      net_socksUsername ""
      nextdemo ""
      nextmap "map_restart"
      nightVisionDisableEffects "0"
      nightVisionFadeInOutTime "0.1"
      nightVisionPowerOnTime "0.3"
      noai "off"
      notice_onEscArg ""
      onlinegame "1"
      onlinegameandhost "0"
      onlineunrankedgameandhost "0"
      overrideNVGModelWithKnife "0"
      packetDebug "0"
      party_allowguests "1"
      party_autoteams "1"
      party_chooseLowestPingSlot "1"
      party_clientTimeout "24000"
      party_connectTimeout "6000"
      party_connectToOthers "1"
      party_considerStreamingForHostMigration "1"
      party_currentMapVetoCount "0"
      party_debug "0"
      party_disconnectPlayerOnRemoval "0"
      party_editingsettings "0"
      party_firstSubpartyIndex "0"
      party_forceMemberUpdateOnVoiceConnectivityBits "0"
      party_forceMigrateAfterRound "0"
      party_forceMigrateOnMatchStartRegression "1"
      party_gamesize ""
      party_gameStartTimerLength "10"
      party_gametype ""
      party_headtohead "0"
      party_host "0"
      party_hostname ""
      party_iamhost "0"
      party_isPreviousMapVoted "0"
      party_joinInProgressAllowed "1"
      party_keepPartyAliveWhileMatchmaking "1"
      party_kickplayerquestion ""
      party_linearMapCycle "0"
      party_linearMapCycleRandom "0"
      party_lobbyExtensionTime "10"
      party_lobbyPlayerCount ""
      party_localTeamTest "0"
      party_mapname ""
      party_mappacks ""
      party_matchedPlayerCount "4"
      party_maxDesperateMigrationTime "6000"
      party_maxlocalplayers "2"
      party_maxMigrationTime "10000"
      party_maxplayers "4"
      party_maxTeamDiff "1"
      party_minLobbyTime "45"
      party_minplayers "2"
      party_minResumeMs "2000"
      party_nextMapVetoCount "0"
      party_partyPlayerCount ""
      party_playerCount "1"
      party_playervisible "0"
      party_pregameStartTimerLength "5"
      party_previousMapVetoCount "0"
      party_privacyStatus "2"
      party_readyButtonVisible "0"
      party_readyPercentRequired "0"
      party_reconnectToClientOnTimeout "1"
      party_reconnectToHostOnTimeout "1"
      party_requestMigrateDuringAutoStartIfStreaming "1"
      party_sequentialPreviousMapVotingAllowed "0"
      party_simulateLongQoS "0"
      party_splitscreenJoinAllowed "1"
      party_teambased "1"
      party_timer "0"
      party_timerVisible "0"
      party_verifyFreeSlotsDuringMatchmaking "0"
      party_vetoButtonVisible "0"
      party_vetoDelayTime "4"
      party_vetoPassed "0"
      party_vetoPercentRequired "0.501"
      password ""
      pc_NATTraversalTrottling "0"
      pc_newversionavailable "0"
      penetrationCount "2"
      penetrationCount_allies "0"
      penetrationCount_axis "0"
      perk_armorPiercing "40"
      perk_blackbirdShowsGpsJammer "1"
      perk_bulletPenetrationMultiplier "2"
      perk_damageKickReduction "0.2"
      perk_deathStreakCountRequired "5"
      perk_delayExplosiveTime "0.2"
      perk_disarmExplosiveTime "2"
      perk_dogsAttackGhost "1"
      perk_extraBreath "5"
      perk_extraMoneyMultiplier "2"
      perk_fastOffhandRate "0.5"
      perk_fireproof "95"
      perk_flakJacket "35"
      perk_flakJacket_hardcore "9"
      perk_grenadeDeath "frag_grenade_short_mp"
      perk_grenadeTossBackTimer "2500"
      perk_healthRegenMultiplier "1.5"
      perk_interactSpeedMultiplier "1.15"
      perk_killstreakReduction "1"
      perk_mantleReduction "0.5"
      perk_shellShockReduction "0.5"
      perk_speedMultiplier "1.07"
      perk_sprintMultiplier "2"
      perk_sprintRecoveryMultiplier "0.6"
      perk_throwbackInnerRadius "120"
      perk_weapAdsMultiplier "0.5"
      perk_weapMeleeMultiplier "0.5"
      perk_weapRateEnhanced "0"
      perk_weapRateMultiplier "0.75"
      perk_weapReloadMultiplier "0.5"
      perk_weapSpreadMultiplier "0.65"
      perk_weapSwitchMultiplier "0.5"
      phys_ai_collision_mode "1"
      phys_bulletSpinScale "3"
      phys_bulletUpBias "0.5"
      phys_buoyancy "0"
      phys_buoyancyDistanceCutoff "2500"
      phys_buoyancyFastComputation "0"
      phys_buoyancyRippleFrequency "3000"
      phys_buoyancyRippleVariance "2000"
      phys_debugBigQueries "0"
      phys_debugCallback "0"
      phys_debugDangerousRigidBodies "0"
      phys_debugExpensivePushout "0"
      phys_dragAngular "0.5"
      phys_dragLinear "0.03"
      phys_drawCollisionObj "0"
      phys_drawcontacts "0"
      phys_drawNitrousVehicle "0"
      phys_drawNitrousVehicleEffects "0"
      phys_entityCollision "1"
      phys_floatTimeVariance "10000"
      phys_fluid "0"
      phys_gravity "-800"
      phys_gravity_dir "0 0 1"
      phys_impact_distance_cutoff "800"
      phys_impact_fx "1"
      phys_impact_intensity_limit "50"
      phys_impact_max_pfx_per_frame "10"
      phys_impact_max_sfx_per_frame "10"
      phys_impact_render "0"
      phys_impact_silence_window "0.3"
      phys_maxFloatTime "30000"
      phys_msecstep "0"
      phys_piecesSpawnDistanceCutoff "1000"
      phys_player_collision_adjust_height "0"
      phys_player_collision_mode "1"
      phys_ragdoll_buoyancy "0"
      phys_ragdoll_joint_damp_scale "0.04"
      phys_reeval_frequency "2"
      phys_userRigidBodies "1"
      phys_vehicleDamageFroceScale "0.3"
      phys_vehicleFriction "0.1"
      phys_vehicleGravityMultiplier "1"
      phys_vehicleUsePredictedPosition "0"
      phys_vehicleWheelEntityCollision "1"
      phys_waterDragAngular "-2"
      phys_waterDragLinear "-1"
      pickupPrints "0"
      player0downs "0"
      player1downs "2"
      player_adsExitDelay "0"
      player_AimBlend_Back_Low "0 0.3 0.5"
      player_AimBlend_Back_Mid "0.1 0.2 0.5"
      player_AimBlend_Back_Up "0.5 0.1 -0.6"
      player_AimBlend_Head "0 0 0"
      player_AimBlend_Neck "0.3 0.3 0"
      player_AimBlend_Pelvis "0.4 0.4 0"
      player_AimBlend_Shoulder "1 1 1"
      player_animRunThreshhold "140"
      player_animWalkThreshhold "30"
      player_aqs_scale "8"
      player_aqs_spread_max "255"
      player_aqs_spread_multiplier "255"
      player_aqs_sway_factor "40"
      player_aqs_time "0.25"
      player_backSpeedScale "0.7"
      player_bayonetLaunchDebugging "0"
      player_bayonetLaunchProof "1"
      player_bayonetLaunchZCap "300"
      player_bayonetRange "85"
      player_bayonetTargetDist "65"
      player_breath_fire_delay "0"
      player_breath_gasp_lerp "6"
      player_breath_gasp_scale "4.5"
      player_breath_gasp_time "1"
      player_breath_hold_lerp "4"
      player_breath_hold_time "4.5"
      player_breath_snd_delay "1"
      player_breath_snd_lerp "2"
      player_burstFireCooldown "0.2"
      player_clipSizeMultiplier "1"
      player_damageMultiplier "0.363636"
      player_deathInvulnerableTime "1000"
      player_deathInvulnerableToMelee "0"
      player_deathInvulnerableToProjectile "1"
      player_debugHealth "0"
      player_died_recently "0"
      player_disableWeaponsInWater "1"
      player_dmgtimer_flinchTime "500"
      player_dmgtimer_maxTime "750"
      player_dmgtimer_minScale "0"
      player_dmgtimer_stumbleTime "500"
      player_dmgtimer_timePerPoint "100"
      player_enableShuffleAnims "0"
      player_enduranceSpeedScale "1.7"
      player_floatSpeed "20"
      player_footstepsThreshhold "10"
      player_forceRedCrosshair "0"
      player_healthEasy "500"
      player_healthFu "115"
      player_healthHard "165"
      player_healthMedium "275"
      player_knockbackMoveThreshhold "60"
      player_lastStandBleedoutTime "45"
      player_lastStandBleedoutTimeNoRevive "10"
      player_lastStandHealthOverlayTime "8"
      player_lean_rotate "1.25 1.25"
      player_lean_rotate_crouch "1 1"
      player_lean_shift "5 2.5"
      player_lean_shift_crouch "12.5 2.5"
      player_maxGrenadeCatchHeight "80"
      player_meleeDamageMultiplier "1"
      player_meleeHeight "10"
      player_meleeRange "64"
      player_meleeWidth "10"
      player_move_factor_on_torso "0"
      player_moveThreshhold "2"
      player_radiusDamageMultiplier "1"
      player_revivePlayerListCycleTime "2"
      player_reviveTriggerRadius "64"
      player_runbkThreshhold "60"
      player_runThreshhold "110"
      player_scopeExitOnDamage "0"
      player_sliding_friction "1.5"
      player_sliding_velocity_cap "500"
      player_sliding_wishspeed "450"
      player_slopeAnimAngle "30"
      player_spectateSpeedScale "1"
      player_sprintCameraBob "0.5"
      player_sprintForwardMinimum "105"
      player_sprintMinTime "1"
      player_sprintRechargePause "0"
      player_sprintSpeedScale "1.5"
      player_sprintStrafeSpeedScale "0.667"
      player_sprintThreshhold "185"
      player_sprintTime "4"
      player_sprintUnlimited "0"
      player_strafeAnimCosAngle "0.5"
      player_strafeSpeedScale "0.8"
      player_sustainAmmo "0"
      player_swimDamage "15"
      player_swimDamagerInterval "1"
      player_swimTime "16"
      player_takeDirectDamageInVehicles "1"
      player_throwbackInnerRadius "72"
      player_throwbackOuterRadius "192"
      player_topDownCamAngles "75 0 0"
      player_topDownCamCenterPos "-7926 -2838 -88"
      player_topDownCamMode "0"
      player_topDownCamOffset "0 0 500"
      player_topDownCursorDist "250"
      player_topDownCursorPos "0 0"
      player_turnAnims "1"
      player_turnRateScale "1"
      player_useSlopeAnims "1"
      player_view_pitch_down "85"
      player_view_pitch_up "85"
      player_viewLockEnt "0"
      player_viewRateScale "0"
      player_waterSpeedScale "1.3"
      playerPushAmount "0"
      playlist "0"
      popInLetterFXTime "40"
      presell "0"
      prestigeclass1 "Custom 6"
      prestigeclass2 "Custom 7"
      prestigeclass3 "Custom 8"
      prestigeclass4 "Custom 9"
      prestigeclass5 "Custom 10"
      primaryWeaponOffset "0"
      profile_physics "0"
      protocol "3141"
      r_aaAlpha "dither (fast)"
      r_aaSamples "4"
      r_allow_intz "1"
      r_allow_null_rt "1"
      r_aspectRatio "auto"
      r_backBufferSize "960"
      r_backBufferSizeY "544"
      r_bloomBlurRadius "1.75"
      r_bloomColorScale "0 0 0 0"
      r_bloomCurveBreakpoint "1 1 1 1"
      r_bloomCurveHiBlack "0 0 0 0"
      r_bloomCurveHiGamma "1 1 1 1"
      r_bloomCurveHiRemapBlack "0 0 0 0"
      r_bloomCurveHiRemapWhite "1 1 1 1"
      r_bloomCurveHiWhite "1 1 1 1"
      r_bloomCurveLoBlack "0 0 0 0"
      r_bloomCurveLoGamma "1 1 1 1"
      r_bloomCurveLoRemapBlack "0 0 0 0"
      r_bloomCurveLoRemapWhite "1 1 1 1"
      r_bloomCurveLoWhite "1 1 1 1"
      r_bloomExpansionControl "0.5 0.5 0.5 0.5"
      r_bloomExpansionSource "0"
      r_bloomExpansionWeights "0 0 0 0"
      r_bloomPersistence "0"
      r_bloomStreakXInnerTint "1 1 1"
      r_bloomStreakXLevels0 "0.25 0.5 0.25 1"
      r_bloomStreakXLevels1 "0 1 0 1"
      r_bloomStreakXOuterTint "1 1 1"
      r_bloomStreakXTint "0 0 0"
      r_bloomStreakXTintControl "0.25 0.5 0.25 1"
      r_bloomStreakYInnerTint "1 1 1"
      r_bloomStreakYLevels0 "0.25 0.5 0.25 1"
      r_bloomStreakYLevels1 "0 1 0 1"
      r_bloomStreakYOuterTint "1 1 1"
      r_bloomStreakYTint "0 0 0"
      r_bloomStreakYTintControl "0.25 0.5 0.25 1"
      r_bloomTintScale "0 0 0 1"
      r_bloomTintWeights "0.25 0.5 0.25 0"
      r_bloomTweaks "0"
      r_blur "0"
      r_blur_allowed "1"
      r_brightness "0"
      r_brushLimit "512"
      r_burnedDestructibleColor "0.4"
      r_cacheModelLighting "1"
      r_cacheSModelLighting "1"
      r_clear "blink"
      r_clearColor "0 0 0 0"
      r_clearColor2 "0 0 0 0"
      r_clipCodec "MJPEG"
      r_clipFPS "24"
      r_clipSize "360"
      r_collectActiveMaterials "0"
      r_colorMap "Unchanged"
      r_contrast "1"
      r_convergence "6.06253"
      r_customMode ""
      r_debugHDRdlight "0"
      r_debugHDRdlight_color "0.25 0.8 1"
      r_debugHDRdlight_distance "250"
      r_debugHDRdlight_radius "150"
      r_debugHDRdlight_scale "1"
      r_debugLayers "0"
      r_debugLineWidth "1"
      r_debugShader "none"
      r_debugShowCoronas "0"
      r_debugShowDynamicLights "0"
      r_debugShowPrimaryLights "0"
      r_depthPrepass "0"
      r_desaturation "1"
      r_diffuseColorScale "1"
      r_distortion "1"
      r_dlightLimit "4"
      r_dlightMaxFullScreenRadius "200"
      r_dlightMaxNonFullScreenRadius "200"
      r_dobjLimit "512"
      r_dof_bias "0.5"
      r_dof_enable "1"
      r_dof_farBlur "1.8"
      r_dof_farEnd "7000"
      r_dof_farStart "1000"
      r_dof_nearBlur "6"
      r_dof_nearEnd "60"
      r_dof_nearStart "10"
      r_dof_showdebug "0"
      r_dof_tweak "0"
      r_dof_viewModelEnd "8"
      r_dof_viewModelStart "2"
      r_dpvs_useCellForceInvisibleBits "1"
      r_drawDebugFogParams "0"
      r_drawWater "1"
      r_enableDlights "1"
      r_enableFlashlight "0"
      r_enableOccluders "1"
      r_enablePlayerShadow "0"
      r_envMapExponent "5"
      r_envMapMaxIntensity "0.5"
      r_envMapMinIntensity "0.2"
      r_envMapOverride "0"
      r_envMapSpecular "1"
      r_envMapSunIntensity "2"
      r_exposureTweak "0"
      r_exposureValue "1"
      r_extracam_custom_aspectratio "-1"
      r_extracam_shadowmap_enable "0"
      r_fastSkin "0"
      r_filmCurveSoftClip "1"
      r_filmLut "-1"
      r_filmTweakBleach "0 0 0"
      r_filmTweakBrightness "0"
      r_filmTweakColorTemp "6500 6500 6500"
      r_filmTweakContrast "1 1 1"
      r_filmTweakDarkFeather "0"
      r_filmTweakDarkTint "1 1 1"
      r_filmTweakDesaturation "0.2"
      r_filmTweakEnable "0"
      r_filmTweakHue "0 0 0"
      r_filmTweakInvert "0"
      r_filmTweakLightFeather "0"
      r_filmTweakLightTint "1 1 1"
      r_filmTweakLut "-1"
      r_filmTweakMidEnd "0.75"
      r_filmTweakMidStart "0.25"
      r_filmTweakMidTint "1 1 1"
      r_filmTweakRangeDebug "0"
      r_filmTweakSaturation "1 1 1"
      r_filmUseTweaks "0"
      r_finalShiftX "0 0 0"
      r_finalShiftY "0 0 0"
      r_flame_allowed "1"
      r_flameFX_distortionScaleFactor "0 1 1 0.511918"
      r_flameFX_enable "0"
      r_flameFX_fadeDuration "0.5"
      r_flameFX_FPS "15"
      r_flameFX_magnitude "0.0215147"
      r_flameScaler "1"
      r_flashLightBobAmount "0 0 0"
      r_flashLightBobRate "0 0.2 0.3"
      r_flashLightBrightness "10"
      r_flashLightColor "1 1 1"
      r_flashLightEndRadius "300"
      r_flashLightFlickerAmount "0"
      r_flashLightFlickerRate "65"
      r_flashLightFovInnerFraction "0.7"
      r_flashLightOffset "0 2 1"
      r_flashLightRange "350"
      r_flashLightShadows "1"
      r_flashLightSpecularScale "1"
      r_flashLightStartRadius "0"
      r_flimCurveBlack "0"
      r_flimCurveWhite "8"
      r_floatz "1"
      r_fog "1"
      r_fog_disable "0"
      r_forceCameraHdg "0"
      r_forceCameraNode "-1"
      r_forceCamerarecord "0"
      r_forceLod "none"
      r_fovScaleThresholdRigid "2.4"
      r_fovScaleThresholdSkinned "2.4"
      r_fullbright "0"
      r_fullHDRrendering "0"
      r_fullscreen "0"
      r_gamma "1"
      r_genericFilter_enable "0"
      r_gfxopt_dynamic_foliage "1"
      r_gfxopt_water_simulation "1"
      r_glow_allowed "1"
      r_gpuSync "adaptive"
      r_grassBurn "0"
      r_grassEnable "1"
      r_grassWindForceEnable "1"
      r_heroLightColorTemp "6500"
      r_heroLighting "1"
      r_heroLightSaturation "1"
      r_heroLightScale "1 1 1"
      r_highLodDist "-1"
      r_ignore "0"
      r_ignorehwgamma "0"
      r_inGameVideo "1"
      r_lightConflicts "0"
      r_lightGridContrast "0"
      r_lightGridEnableTweaks "0"
      r_lightGridIntensity "1"
      r_lightGridUseTweakedValues "1"
      r_lightMap "Unchanged"
      r_lightTweakAmbient "0.1"
      r_lightTweakAmbientColor "1 0 0 1"
      r_lightTweakDiffuseFraction "0.5"
      r_lightTweakSunColor "1 1 0"
      r_lightTweakSunDiffuseColor "0 0 1 1"
      r_lightTweakSunDirection "0 0 0"
      r_lightTweakSunLight "1"
      r_loadForRenderer "0"
      r_lockPvs "0"
      r_lodBiasRigid "0"
      r_lodBiasSkinned "0"
      r_lodScaleRigid "1"
      r_lodScaleSkinned "1"
      r_logFile "0"
      r_lowestLodDist "-1"
      r_lowLodDist "-1"
      r_lutvar_0 "0 0 0 1"
      r_lutvar_1 "0 0 0 1"
      r_lutvar_10 "0 0 0 1"
      r_lutvar_11 "0 0 0 1"
      r_lutvar_12 "0 0 0 1"
      r_lutvar_13 "0 0 0 1"
      r_lutvar_14 "0 0 0 1"
      r_lutvar_15 "0 0 0 1"
      r_lutvar_2 "0 0 0 1"
      r_lutvar_3 "0 0 0 1"
      r_lutvar_4 "0 0 0 1"
      r_lutvar_5 "0 0 0 1"
      r_lutvar_6 "0 0 0 1"
      r_lutvar_7 "0 0 0 1"
      r_lutvar_8 "0 0 0 1"
      r_lutvar_9 "0 0 0 1"
      r_materialXYZ "3.86 3.98 4.55"
      r_mediumLodDist "-1"
      r_missile_cam_debug_display "0"
      r_mode "1024x768"
      r_modelLimit "1024"
      r_modelVertColor "1"
      r_monitor "0"
      r_motionblur_blurOrigin "0.5 0.5 0 1"
      r_motionblur_directionFactor "0.001"
      r_motionblur_enable "0"
      r_motionblur_frameBased_enable "0"
      r_motionblur_maxblur "30"
      r_motionblur_numberOfSamples "1"
      r_motionblur_positionFactor "0.01"
      r_multiGpu "1"
      r_multithreaded_device "0"
      r_noborder "0"
      r_norefresh "0"
      r_normalMap "Unchanged"
      r_num_viewports "0"
      r_offscreenCasterLodScale "2.5"
      r_open_automate "0"
      r_outdoorAwayBias "32"
      r_outdoorDownBias "0"
      r_outdoorFeather "8"
      r_picmip "0"
      r_picmip_bump "0"
      r_picmip_manual "0"
      r_picmip_spec "0"
      r_picmip_water "1"
      r_poisonFX_blurMax "4"
      r_poisonFX_blurMin "0"
      r_poisonFX_debug_amount "1"
      r_poisonFX_debug_enable "0"
      r_poisonFX_dvisionA "0"
      r_poisonFX_dvisionX "0"
      r_poisonFX_dvisionY "0"
      r_poisonFX_pulse "1.1"
      r_poisonFX_warpX "0.2"
      r_poisonFX_warpY "-0.15"
      r_polygonOffsetBias "-1"
      r_polygonOffsetScale "-1"
      r_portalBevels "0.7"
      r_portalBevelsOnly "0"
      r_portalMinClipArea "0.02"
      r_portalMinRecurseDepth "2"
      r_portalWalkLimit "0"
      r_pretess "1"
      r_primaryLightTweakDiffuseStrength "1"
      r_primaryLightTweakSpecularStrength "1"
      r_primaryLightUseTweaks "0"
      r_reflectionProbeGenerate "0"
      r_reflectionProbeGenerateExit "0"
      r_reflectionProbeRegenerateAll "0"
      r_remotescreen_renderlastframe "1"
      r_rendererPreference "Default"
      r_resampleScene "1"
      r_reviveFX_debug "0"
      r_reviveFX_edgeAmount "0"
      r_reviveFX_edgeColorTemp "6500"
      r_reviveFX_edgeContrast "1 1 1"
      r_reviveFX_edgeMaskAdjust "0"
      r_reviveFX_edgeOffset "0 0 0"
      r_reviveFX_edgeSaturation "1"
      r_reviveFX_edgeScale "1 1 1"
      r_reviveFX_fadeDuration "5"
      r_scaleViewport "1"
      r_sCurveEnable "1"
      r_sCurveLinearAngle "0.125"
      r_sCurveLinearStrength "0.5"
      r_sCurveShoulderStrength "0.1"
      r_sCurveToeDenominator "0.575"
      r_sCurveToeNumerator "0.01"
      r_sCurveToeStrength "0.1"
      r_seethru_decal_enable "1"
      r_setFrameBufferAlpha "0"
      r_shader_constant_set_debug_range "-1"
      r_shader_constant_set_enable "1"
      r_shaderWarming "0"
      r_showFbColorDebug "None"
      r_showFloatZDebug "0"
      r_showForcedInvisibleCells "0"
      r_showHDRalpha "0"
      r_showLightGrid "0"
      r_showLightingOrigins "0"
      r_showMissingLightGrid "0"
      r_showOutdoorVolumeDebug "0"
      r_showPenetration "off"
      r_showPixelCost "off"
      r_showPortals "0"
      r_showSunDirectionDebug "0"
      r_singleCell "0"
      r_skinCache "1"
      r_skipPvs "0"
      r_sky_intensity_angle0 "90"
      r_sky_intensity_angle1 "90"
      r_sky_intensity_factor0 "1"
      r_sky_intensity_factor1 "1"
      r_sky_intensity_showDebugDisplay "0"
      r_sky_intensity_useDebugValues "0"
      r_skyColorTemp "6500"
      r_skyTransition "0"
      r_smc_enable "1"
      r_smp_backend "1"
      r_smp_worker "1"
      r_smp_worker_thread0 "1"
      r_smp_worker_thread1 "1"
      r_smp_worker_thread2 "1"
      r_smp_worker_thread3 "1"
      r_smp_worker_thread4 "1"
      r_smp_worker_thread5 "1"
      r_smp_worker_threads "6"
      r_specular "1"
      r_specularColorScale "1"
      r_specularRoughnessMap "Unchanged"
      r_spotLightBrightness "14"
      r_spotLightEndRadius "196"
      r_spotLightEntityShadows "1"
      r_spotLightFovInnerFraction "0.7"
      r_spotLightShadows "1"
      r_spotLightSModelShadows "1"
      r_spotLightStartRadius "36"
      r_sse_skinning "1"
      r_stereoTurretShift "0"
      r_stream "7"
      r_streamClear "0"
      r_streamDebug "0"
      r_streamFakeLagMsec "0"
      r_streamFreezeState "0"
      r_streamFull "0"
      r_streamHiddenPush "4"
      r_streamLog "0"
      r_streamLowDetail "1"
      r_streamMaxDist "600"
      r_streamShowList "0"
      r_streamShowStats "0"
      r_streamSize "0"
      r_streamTaint "0"
      r_sun_from_dvars "0"
      r_sun_fx_position "0 0 0"
      r_sunblind_fadein "0.5"
      r_sunblind_fadeout "3"
      r_sunblind_max_angle "5"
      r_sunblind_max_darken "0.75"
      r_sunblind_min_angle "30"
      r_sunflare_fadein "1"
      r_sunflare_fadeout "1"
      r_sunflare_max_alpha "1"
      r_sunflare_max_angle "2"
      r_sunflare_max_size "2500"
      r_sunflare_min_angle "45"
      r_sunflare_min_size "0"
      r_sunflare_shader "sun_flare"
      r_sunglare_fadein "0.5"
      r_sunglare_fadeout "3"
      r_sunglare_max_angle "5"
      r_sunglare_max_lighten "0.75"
      r_sunglare_min_angle "30"
      r_sunsprite_shader "sun"
      r_sunsprite_size "16"
      r_superFlare_debug "0"
      r_superFlare_enable "1"
      r_supports16xAA "0"
      r_swapInterval "0"
      r_swrk_override_characterCharredAmount "0"
      r_swrk_override_characterDissolveColor "0 0 0 0"
      r_swrk_override_enable "0"
      r_swrk_override_wetness "0"
      r_tension_enable "1"
      r_testScale "0"
      r_texFilterAnisoMax "16"
      r_texFilterAnisoMin "1"
      r_texFilterDisable "0"
      r_texFilterMipBias "0"
      r_texFilterMipMode "Unchanged"
      r_textureMode "bilinear"
      r_treeScale "0"
      r_ui3d_debug_display "0"
      r_ui3d_h "1"
      r_ui3d_use_debug_values "-1"
      r_ui3d_w "1"
      r_ui3d_x "0"
      r_ui3d_y "0"
      r_use_driver_convergence "0"
      r_use_separate_char_tech "0"
      r_useLayeredMaterials "0"
      r_vc_makelog "0"
      r_vc_showlog "0"
      r_vsync "1"
      r_warningRepeatDelay "5"
      r_waterFogTest "0"
      r_waterSheetingFX_allowed "1"
      r_waterSheetingFX_distortionScaleFactor "0.021961 1 0 0"
      r_waterSheetingFX_enable "0"
      r_waterSheetingFX_fadeDuration "2"
      r_waterSheetingFX_magnitude "0.0655388"
      r_waterSheetingFX_radius "4.44051"
      r_watersim_curlAmount "0.5"
      r_watersim_curlMax "0.4"
      r_watersim_curlReduce "0.95"
      r_watersim_debug "0"
      r_watersim_enabled "0"
      r_watersim_flatten "0"
      r_watersim_foamAppear "20"
      r_watersim_foamDisappear "0.78"
      r_watersim_minShoreHeight "0.04"
      r_watersim_particleGravity "0.03"
      r_watersim_particleLength "0.03"
      r_watersim_particleLimit "2.5"
      r_watersim_particleWidth "2"
      r_watersim_scroll "0 0"
      r_watersim_waveSeedDelay "500"
      r_watersim_windAmount "0.02"
      r_watersim_windDir "45"
      r_watersim_windMax "0.4"
      r_waterWaveAmplitude "0 0 0 0"
      r_waterWaveAngle "0 0 0 0"
      r_waterWavePhase "0 0 0 0"
      r_waterWaveSpeed "1 1 1 1"
      r_waterWaveSteepness "0 0 0 0"
      r_waterWaveWavelength "1 1 1 1"
      r_worldLod "0"
      r_zfar "0"
      r_zfeather "1"
      r_zombieDisableEarthEffect "0"
      r_zombieDisableSlideEffect "0"
      r_zombieNameAllowDevList "1"
      r_zombieNameAllowFriendsList "1"
      radius_damage_debug "0"
      ragdoll_baselerp_time "1000"
      ragdoll_bullet_force "500"
      ragdoll_bullet_upbias "0.5"
      ragdoll_debug "0"
      ragdoll_dump_anims "0"
      ragdoll_enable "1"
      ragdoll_explode_force "18000"
      ragdoll_explode_upbias "0.8"
      ragdoll_fps "20"
      ragdoll_jitter_scale "1"
      ragdoll_jointlerp_time "3000"
      ragdoll_max_life "9000"
      ragdoll_max_simulating "16"
      ragdoll_reactivation_cutoff "1200"
      ragdoll_rotvel_scale "1"
      ragdoll_self_collision_scale "1.2"
      rate "25000"
      rcon_localhost_bypass "1"
      rcon_password "grinn"
      rcon_prints "0"
      rcon_rate_limit "500"
      recordPointsSpent "1"
      redactionDisplayTime "50"
      redactionFadeDuration "6500"
      redactionStartStrokeTime "1000"
      redactionStrokeTime "1000"
      reliableResendTime "300"
      reliableTimeoutTime "20000"
      render_actor_collision "0"
      render_bpi_env_collision "0"
      render_player_collision "0"
      revive_time_taken "1.15"
      revive_trigger_radius "40"
      s0 "0"
      s1 "0"
      s10 "0"
      s11 "0"
      s12 "0"
      s13 "0"
      s14 "0"
      s15 "0"
      s16 "0"
      s17 "0"
      s18 "0"
      s2 "0"
      s3 "0"
      s4 "0"
      s5 "0"
      s6 "0"
      s7 "0"
      s8 "0"
      s9 "0"
      safearea_adjusted_horizontal "1"
      safearea_adjusted_vertical "1"
      safearea_horizontal "1"
      safearea_vertical "1"
      scr_allowFileIo "1"
      scr_codpointsmatchscale "0.1"
      scr_codpointsperchallenge "0.1"
      scr_codpointsxpscale "0.1"
      scr_deleteexplosivesonspawn "0"
      scr_dof_enable "1"
      scr_dog_health_walk_multiplier "4.0"
      scr_dog_run_distance "500"
      scr_expDeathMayMoveCheck "on"
      scr_friendlyfire "0"
      scr_game_prematchperiod "15"
      scr_kill_infinite_loops "1"
      scr_playerInvulTimeScale "1"
      scr_RequiredMapAspectratio "1"
      scr_writeConfigStrings "0"
      scr_xpscale "1"
      scr_zm_extra_perk_all "1"
      scr_zm_extra_perk_coast "0"
      scr_zm_extra_perk_cod5_asylum "0"
      scr_zm_extra_perk_cod5_factory "0"
      scr_zm_extra_perk_cod5_prototype "0"
      scr_zm_extra_perk_cod5_sumpf "0"
      scr_zm_extra_perk_cosmodrome "0"
      scr_zm_extra_perk_pentagon "0"
      scr_zm_extra_perk_temple "0"
      scr_zm_extra_perk_theater "0"
      script_debugger_smoke_test "0"
      scriptmover_useServerAnims "0"
      scriptmover_useServerAnimsEntity "-1"
      selectedFriendClanTag ""
      selectedFriendIndex "0"
      selectedFriendName ""
      selectedGroupIndex "0"
      selectedMenuItemIndex "0"
      selectedPlayerClanName ""
      selectedPlayerXuid ""
      selectedStoreItemIndex "0"
      sensitivity "5"
      server1 ""
      server10 ""
      server11 ""
      server12 ""
      server13 ""
      server14 ""
      server15 ""
      server16 ""
      server2 ""
      server3 ""
      server4 ""
      server5 ""
      server6 ""
      server7 ""
      server8 ""
      server9 ""
      session_nonblocking "1"
      sessionSearchMaxAttempts "5"
      sf_use_bw "0"
      sf_use_clustergrenade "0"
      sf_use_contrast "0"
      sf_use_ignoreammo "0"
      sf_use_invert "0"
      sf_use_slowmo "0"
      sf_use_tire_explosion "0"
      shortversion "r5346"
      show_reticle_during_swimming "0"
      show_tty_timestamps "0"
      showdrop "0"
      showpackets "0"
      showVisionSetDebugInfo "-1"
      skills "0"
      sm_enable "1"
      sm_fastSunShadow "1"
      sm_fullResSpotShadowEnable "0"
      sm_lightScore_eyeProjectDist "64"
      sm_lightScore_spotProjectFrac "0.125"
      sm_maxLights "4"
      sm_polygonOffsetBias "10"
      sm_polygonOffsetScale "2"
      sm_qualitySpotShadow "1"
      sm_spotEnable "1"
      sm_spotShadowFadeTime "1"
      sm_spotShadowLargeRadiusScale "1"
      sm_strictCull "1"
      sm_sunAlwaysCastsShadow "0"
      sm_sunEnable "1"
      sm_sunSampleSizeNear "0.25"
      sm_sunShadowCenter "0 0 0"
      sm_sunShadowScale "1"
      sm_sunShadowSmallEnable "0"
      sm_sunShadowSmallScriptPS3OnlyEnable "0"
      snaps "20"
      snd_autoSim "1"
      snd_drawInfo "None"
      snd_drawSort "priority"
      snd_enableEq "0"
      snd_khz "44"
      sp_minplayers "1"
      splitscreen_lobbyPlayerCount ""
      splitscreen_partyPlayerCount ""
      spmode "0"
      stat_version "10"
      stats_backup "1"
      stats_version_check "1"
      statusinfo_onEscArg ""
      steamid "3000000c172200b"
      stopspeed "100"
      sv_3xEXP "0"
      sv_allowAimAssist "1"
      sv_allowAnonymous "0"
      sv_allowDownload "0"
      sv_allowedClan1 ""
      sv_allowedClan2 ""
      sv_allowFriendlyThrowback "1"
      sv_assistWorkers "0"
      sv_autodemorecord "0"
      sv_BigHeadMode "0"
      sv_botsPressAttackBtn "1"
      sv_cheats "0"
      sv_clientArchive "1"
      sv_clientside "0"
      sv_clientSideBullets "1"
      sv_clientSideVehicles "1"
      sv_connectTimeout "240"
      sv_debugRate "0"
      sv_debugReliableCmds "0"
      sv_disableChat "0"
      sv_disableClientConsole "0"
      sv_DisableTheatre "0"
      sv_DoubleCodPoints "0"
      sv_enableBounces "0"
      sv_EnableDevCheats "0"
      sv_EnableSuperuser "0"
      sv_FakeRemoteClient "0"
      sv_FFCheckSums ""
      sv_FFNames ""
      sv_fix_hudelem_flicker "1"
      sv_floodProtect "0"
      sv_fps "20"
      sv_FullAmmo "0"
      sv_HostBandwidthMinimumPerPlayer "65536"
      sv_hostname "ThiccGang Server!"
      sv_InfiniteSprint "0"
      sv_InstantReload "0"
      sv_Invisible "0"
      sv_iwdNames ""
      sv_iwds ""
      sv_keywords ""
      sv_kickBanTime "300"
      sv_lastSaveCommitedToDevice ""
      sv_lastSaveGame ""
      sv_MakeMeHost "0"
      sv_mapname ""
      sv_mapRotation "map zombie_theater map zombie_pentagon map zombie_cosmodrome map zombie_coast map zombie_temple map zombie_moon map zombie_cod5_prototype map zombie_cod5_asylum map zombie_cod5_sumpf map zombie_cod5_factory"
      sv_mapRotationCurrent " map zombie_cosmodrome map zombie_coast map zombie_temple map zombie_moon map zombie_cod5_prototype map zombie_cod5_asylum map zombie_cod5_sumpf map zombie_cod5_factory"
      sv_maxclients "4"
      sv_maxPhysExplosionSpheres "-1"
      sv_maxPing "0"
      sv_maxRate "7000"
      sv_minPing "0"
      sv_motd ""
      sv_netcull_animcmdsize_threshold "2000"
      sv_netcull_msgsize_threshold "3000"
      sv_network_fps "100"
      sv_network_warning "0"
      sv_NoClip "0"
      sv_noname "Unknown Soldier"
      sv_NoShapshotWarnings "0"
      sv_packet_info "0"
      sv_padPackets "0"
      sv_paused "0"
      sv_playlistFetchInterval "3600"
      sv_privateClients "0"
      sv_privatePassword ""
      sv_punkbuster "0"
      sv_pure "0"
      sv_QuickHealthRecharge "0"
      sv_RadarAlwaysOn "0"
      sv_randomizeBotNames "1"
      sv_reconnectlimit "3"
      sv_referencedFFCheckSums ""
      sv_referencedFFNames ""
      sv_referencedIwdNames ""
      sv_referencedIwds ""
      sv_replaceBots "0"
      sv_restoreDvars "1"
      sv_restrictedTempEnts "0"
      sv_running "1"
      sv_saveDeviceAvailable "1"
      sv_saveGameAvailable "0"
      sv_saveGameNotReadable "0"
      sv_saveOnStartMap "1"
      sv_sayName "console"
      sv_SetAllFree "0"
      sv_showAverageBPS "0"
      sv_showPingSpam "0"
      sv_smp "1"
      sv_SnapshotManLaw "1"
      sv_SnapshotPeek "1"
      sv_SuperPenetrate "0"
      sv_timeout "30"
      sv_TripleBullet "0"
      sv_UnlockAllIntel "0"
      sv_UnlockAllSlots "0"
      sv_useAnimCulling "0"
      sv_useVIS "1"
      sv_vac "1"
      sv_voice "1"
      sv_voiceQuality "3"
      sv_writeConfigStrings "0"
      sv_wwwBaseURL ""
      sv_zm_no_respawn "1"
      sv_znear "0"
      sv_zombietime "2"
      sys_configSum "266827972"
      sys_configureGHz "0.0275741"
      sys_cpuGHz "0.01"
      sys_cpuName "AMD Ryzen 5 5600G with Radeon Graphics         "
      sys_gpu "NVIDIA GeForce RTX 3060"
      sys_lockThreads "0"
      sys_smp_allowed "1"
      sys_SSE "1"
      sys_sysMB "1024"
      systemlink "0"
      systemlink_warning_shown "0"
      systemlinkparty "0"
      systemlinkpartyandhost "0"
      systemUiActive "0"
      takeCoverWarnings "7"
      team_indicator "0"
      teamsplitter_verbose "0"
      test_levels_bsps ""
      test_levels_choices "0"
      test_levels_names ""
      test_levels_selection ""
      theaterAftereffectOverride "-1"
      tickerHeaderWidth "0"
      tickerStandardWidth "300"
      tickerWidescreenWidth "400"
      timescale "1"
      tree_bend "1"
      tree_frequency "2"
      tree_random "0.1"
      tu_debugLobbyConnectionStatus "0"
      tu_dwSanityCheckAddressHandle "0"
      tu_goBackToLobbyFix "0"
      tu_ignoreMultipleRejoins "0"
      tu_onlyhostqos "0"
      tu_partySwitchLobbySyncParamsFix "0"
      tu_partyUISplitFix "0"
      tu_rejoinonhandshakefail "0"
      tu_reliableMessages "0"
      tu_waitForAnonymousMembers "0"
      turret_SentryTargetTime "4000"
      turretPlayerAvoidScale "1.7"
      turretScopeZoom "20"
      turretScopeZoomMax "20"
      turretScopeZoomMin "5"
      turretScopeZoomRate "15"
      typeWriterCod7LetterFXTime "50"
      ui3d_hudelem_maxheight "2000"
      ui3d_hudelem_maxscale "10"
      ui3d_hudelem_minheight "220"
      ui3d_hudelem_minscale "2"
      ui_allowConsole "0"
      ui_allowFov "0"
      ui_ammo_stock_width "0"
      ui_animSpeedScale "1"
      ui_autoContinue "0"
      ui_bigFont "0.4"
      ui_borderLowLightScale "0.6"
      ui_browserFriendlyfire "-1"
      ui_browserGameMode "0"
      ui_browserHideDlc "0"
      ui_browserKillcam "-1"
      ui_browserMod "-2"
      ui_browserShowDedicated "0"
      ui_browserShowEmpty "1"
      ui_browserShowFull "1"
      ui_browserShowInfo "0"
      ui_browserShowMapTip "0"
      ui_browserShowPassword "-1"
      ui_browserShowPunkBuster "-1"
      ui_browserShowPure "0"
      ui_browserShowToolTip "0"
      ui_browserToolTip ""
      ui_browserVoiceChat "-1"
      ui_buildLocation "16 0"
      ui_buildSize "0.2"
      ui_campaign "american"
      ui_challengeGameMode ""
      ui_cinematicsTimestamp "0"
      ui_clancardOpen "0"
      ui_clanCountNotZero "0"
      ui_clanDescription ""
      ui_clanName ""
      ui_clanRecommendationCount "0"
      ui_connectScreenTextGlowColor "0 0 0 1"
      ui_controllerPulled "-1"
      ui_currentMap "0"
      ui_currentNetMap "0"
      ui_currentRecentPlayer "0"
      ui_customClassName ""
      ui_customModeDesc ""
      ui_customModeEditDesc ""
      ui_customModeEditName ""
      ui_customModeIndex "0"
      ui_customModeName ""
      ui_dedicated "0"
      ui_demoname ""
      ui_downloadInfoLocation "150 150"
      ui_drawCrosshair "1"
      ui_dropdownButtonOffset "0"
      ui_dropdownListMax "0"
      ui_dropdownMax "0"
      ui_dropdownOffset "0"
      ui_ethernetLinkActive "1"
      ui_friendCountNotZero "0"
      ui_friendNameNew ""
      ui_friendPendingSelectedInd "0"
      ui_friendSelectedInd "0"
      ui_friendsListOpen "0"
      ui_gametype "zom"
      ui_grenade_death "0"
      ui_groupsCountNotZero "0"
      ui_incomingProposalCount "0"
      ui_incomingProposalCountNotZero "0"
      ui_inviteScreen "0"
      ui_inviteSelectedInd "0"
      ui_isClanMember "0"
      ui_isSaving "0"
      ui_joinGametype "0"
      ui_leaderboardFeederCountNotZero "0"
      ui_leaderboardOpen "0"
      ui_listboxIndex "0"
      ui_loadRawMenus "0"
      ui_lobbyLeaderBoard "0"
      ui_mapname ""
      ui_menuLvlNotify "1"
      ui_MOTDScrollRate "0.1"
      ui_mousePitch "0"
      ui_netGametypeName ""
      ui_netSource "1"
      ui_nextMission "0"
      ui_numPersonalBests "3"
      ui_onCloseArgs ""
      ui_onlineClanCount "0"
      ui_partyFull "0"
      ui_pendingControllerPullEvent "-1"
      ui_pendingSystemUIOpenEvent "-1"
      ui_playCoastOutroMovie "0"
      ui_playercardOpen "0"
      ui_playerListOpen "0"
      ui_playerPartyColor "0.94902 0.721569 0.211765 1"
      ui_playlistPopulationRefreshTime "1200"
      ui_readingSaveDevice "0"
      ui_recentPlayerCountNotZero "0"
      ui_recommendedCountNotZero "0"
      ui_right_ammo_width "0"
      ui_savegame ""
      ui_saveMessageMinTime "1"
      ui_scrollMOTDDelay "30"
      ui_scrollMOTDYOffset "0"
      ui_scrollMOTDYOffsetResetDelay "15"
      ui_scrollTextDelay "40"
      ui_scrollTextScrollRate "0.1"
      ui_scrollTextYOffset "0"
      ui_scrollTextYOffsetResetDelay "20"
      ui_serverStatusTimeOut "7000"
      ui_shipping_cheats "0"
      ui_showBryceMagic "0"
      ui_showDLCMaps "0"
      ui_showList "0"
      ui_showMenuOnly ""
      ui_signedInToProfile "0"
      ui_skipMainLockout "0"
      ui_smallFont "0.25"
      ui_sp_unlock "0"
      ui_totalClanMemberCount "0"
      unsubscriptionCooloffTimer "60000"
      use_localStats "0"
      useFastFile "1"
      useMapPreloading "1"
      useSvMapPreloading "1"
      vehanim_debug "0"
      vehanim_enable "1"
      vehCamPitch "15"
      vehControlMode "1"
      vehGunnerSplashDamage "0.1"
      vehHelicopterAlwaysFaceCamera "1"
      vehHelicopterAlwaysFaceCameraRate "2"
      vehHelicopterDecelerationFwd "0.5"
      vehHelicopterDecelerationSide "1"
      vehHelicopterDefaultPitch "0"
      vehHelicopterFreeLook "0"
      vehHelicopterFreeLookReleaseSpeed "8"
      vehHelicopterHeadSwayDontSwayTheTurret "0"
      vehHelicopterHeadSwayOnPitch "0.2"
      vehHelicopterHeadSwayOnRollHorz "0.1"
      vehHelicopterHeadSwayOnRollVert "2"
      vehHelicopterHeadSwayOnYaw "0.1"
      vehHelicopterHoverSpeedThreshold "400"
      vehHelicopterInvertUpDown "0"
      vehHelicopterJitterJerkyness "0.3"
      vehHelicopterLookaheadTime "1"
      vehHelicopterMaxAccelVertical "60"
      vehHelicopterMaxSpeedVertical "65"
      vehHelicopterPathTransitionTime "1.3"
      vehHelicopterRightStickDeadzone "0.3"
      vehHelicopterRotDecel "1.3"
      vehHelicopterScaleMovement "1"
      vehHelicopterSoftCollisions "0"
      vehHelicopterStrafeDeadzone "0.3"
      vehHelicopterTiltFromControllerAxes "0"
      vehHelicopterTiltFromFwdAndYaw "20"
      vehHelicopterTiltFromFwdAndYaw_VelAtMaxTilt "1"
      vehHelicopterTiltFromViewangles "3"
      vehHelicopterTiltMomentum "0.4"
      vehHelicopterYawAltitudeControls "Altitude: bumper buttons     Yaw: thumbstick"
      vehHelicopterYawOnLeftStick "5"
      vehHudTargetScreenEdgeClampBufferBottom "0"
      vehHudTargetScreenEdgeClampBufferLeft "0"
      vehHudTargetScreenEdgeClampBufferRight "0"
      vehHudTargetScreenEdgeClampBufferTop "0"
      vehHudTargetSize "30"
      vehicle_perk_boost_duration_seconds "0.74"
      vehicle_push_during_mantle "1"
      vehicle_riding "1"
      vehicle_selfCollision "1"
      vehicle_sounds_cutoff "3000"
      vehLocationalVehicleSeatEntry "1"
      vehLockTurretToPlayerView "0"
      vehRecenterDelay "3000"
      version "Plutonium T5 Co-Op (r5346)"
      vid_xpos "0"
      vid_ypos "0"
      voice_deadChat "0"
      voice_global "0"
      voice_localEcho "0"
      wagerCategory "0"
      wagerCategoryPlaylist "0"
      waitForStreamer "1"
      waitOnStatsTimeout "15"
      waterbrush_entity "-1"
      waypointDebugDraw "0"
      waypointDistFade "300"
      waypointDistScaleRangeMax "3000"
      waypointDistScaleRangeMin "1000"
      waypointDistScaleSmallest "0.8"
      waypointIconHeight "36"
      waypointIconWidth "36"
      waypointOffscreenCornerRadius "105"
      waypointOffscreenDistanceThresholdAlpha "30"
      waypointOffscreenPadBottom "30"
      waypointOffscreenPadLeft "40"
      waypointOffscreenPadRight "0"
      waypointOffscreenPadTop "0"
      waypointOffscreenPointerDistance "30"
      waypointOffscreenPointerHeight "12"
      waypointOffscreenPointerWidth "25"
      waypointOffscreenRoundedCorners "1"
      waypointOffscreenScaleLength "500"
      waypointOffscreenScaleSmallest "1"
      waypointPlayerOffsetCrouch "56"
      waypointPlayerOffsetProne "30"
      waypointPlayerOffsetStand "74"
      waypointSplitscreenScale "1.8"
      waypointTimeFade "500"
      waypointTweakY "-17"
      weapon_load_order "default"
      weaponCamoLodDist "1250"
      weaponClanTagLodDist "300"
      weaponEmblemLodDist "300"
      wideScreen "1"
      wind_debug_display "0"
      wind_global_hi_altitude "0"
      wind_global_low_altitude "0"
      wind_global_low_strength_percent "1"
      wind_global_vector "1 0 0"
      wind_grass_gust_distance "2000"
      wind_grass_gust_radius "400"
      wind_grass_gust_speed "1"
      wind_grass_gust_strength "0.5"
      wind_grass_gustinterval "250"
      wind_grass_scale "10000"
      wind_grass_tension "0.001"
      wind_leaf_scale "176"
      wind_local_amplitude "1 1 1 0"
      wind_local_frequency "6 6 6"
      wind_local_gust_radius "1000"
      wind_local_gust_strength "0.8"
      wind_local_vector "0 1 0 0"
      xblive_allmappacks "0"
      xblive_anymappacks "0"
      xblive_clanListChanged "0"
      xblive_clanmatch "0"
      xblive_contentpath ""
      xblive_hostingprivateparty "0"
      xblive_loggedin "1"
      xblive_mappacks "0"
      xblive_matchEndingSoon "0"
      xblive_privatematch "0"
      xblive_privatepartyclient "0"
      xblive_rankedmatch "0"
      xblive_showmarketplace "0"
      xblive_wagermatch "0"
      xenon_maxVoicePacketsPerSec "100"
      xenon_maxVoicePacketsPerSecForServer "20"
      xenon_voiceDebug "0"
      xenon_voiceDegrade "0"
      zero_stats_check "1"
      zombie_cheat "0"
      zombie_debug "0"
      zombie_dog_animset "zombie"
      zombie_kill_timer "5"
      zombie_kills "7"
      zombie_reachin_freq "50"
      zombie_taunt_freq "5"
      zombie_unlock_all ""
      zombiefive_discovered "1"
      zombiefive_discovered_override "1"
      zombiefive_norandomchar "1"
      zombiemode "1"
      zombiemode_path_minz_bias "50"
      zombieStopSplitScreen "1"
      zombietron "0"
      zombietron_discovered "1"
      zombietron_discovered_override "1"

2658 total dvars
2658 dvar indexes
=============================== END DVAR DUMP =====================================
Executing 'main' for scripts/sp/zm_spawn_fix.gsc
Finished 'main' for scripts/sp/zm_spawn_fix.gsc
Error: Could not load rawfile "shock/electrocution.shock".
Error: couldn't open 'shock/electrocution.shock'.
Error: Could not load weapon "stg44_zm".
Error: Could not load weapon "stg44_upgraded_zm".
Error: Could not load rawfile "shock/zombie_death.shock".
Error: couldn't open 'shock/zombie_death.shock'.
'0' is not a valid value for dvar 'bg_shock_viewKickPeriod'
  Domain is any number from 0.001 to 1000
'0' is not a valid value for dvar 'bg_shock_soundFadeInTime'
  Domain is any number from 0.001 to 1000
Error: Could not load xmodel "fx".
Replaced vending_trigger_think for nonsolo quickrevive
Error: Could not load rawfile "shock/electrocution.shock".
Error: couldn't open 'shock/electrocution.shock'.
Error: Invalid counter string id: global_solo_games
Executing 'init' for scripts/sp/zm_random_char.gsc
Finished 'init' for scripts/sp/zm_random_char.gsc
Executing 'init' for scripts/sp/zm_spawn_fix.gsc
Finished 'init' for scripts/sp/zm_spawn_fix.gsc
Executing 'init' for scripts/sp/zom/counter_script.gsc
Finished 'init' for scripts/sp/zom/counter_script.gsc
-----------------------------------
Error: Could not load stringtable "credits_pc.csv".
high temp: 0x36140
high perm: 0x36140
low temp: 0x8F08
low perm: 0x8F08
total: 0xF00000
ram: 974.9766 MB
peak ram: 0.0000 MB
peak nt ram: 977.7070 MB
Unknown command "fade"
Timestamp: SV_SpawnServer 1789831065
STEAM: Set server appid to 0
------ Server Initialization ------
Server: zm_moon
Unloading assets from fastfile 'zombie_pentagon' and creating default assets stubs
Unloading assets from fastfile 'en_zombie_pentagon' and creating default assets stubs
Unloading assets from fastfile 'zombie_pentagon_patch' and creating default assets stubs
Unloaded fastfile 'zombie_pentagon'
PMem_Free( zombie_pentagon, Low )
PMem_Free( zombie_pentagon, High )
Unloaded fastfile 'en_zombie_pentagon'
PMem_Free( en_zombie_pentagon, Low )
PMem_Free( en_zombie_pentagon, High )
Unloaded fastfile 'zombie_pentagon_patch'
PMem_Free( zombie_pentagon_patch, Low )
PMem_Free( zombie_pentagon_patch, High )
Adding fastfile 'zm_moon_patch' to queue
Adding fastfile 'en_zm_moon' to queue
Adding fastfile 'zm_moon' to queue
Adding fastfile 'zm_moon_patch_override' to queue
WARNING: Could not find zone 'C:\T5Server\zone\english\zm_moon_patch.ff'
WARNING: Could not find zone 'C:\T5Server\zone\english\en_zm_moon.ff'
WARNING: Could not find zone 'C:\T5Server\zone\english\zm_moon.ff'
WARNING: Could not find zone 'C:\T5Server\zone\english\zm_moon_patch_override.ff'
Error: Could not load col_map_mp "maps/zm_moon.d3dbsp".

====================================================
Com_ERROR: Couldn't find the bsp for this map.  Please build the fast file associated with maps/zm_moon.d3dbsp and try again.
====================================================

ERROR: No languages available because no localized assets were found
********************
ERROR: Couldn't find the bsp for this map.  Please build the fast file associated with maps/zm_moon.d3dbsp and try again.
********************
SV_Shutdown: Couldn't find the bsp for this map.  Please build the fast file associated with maps/zm_moon.d3dbsp and try again.
----- Server Shutdown -----
---------------------------
PMem_Free( PerLocalClient, Low )
PMem_Free( PerLocalClient, High )
Calling Party_StopParty() on lobby
Clearing migration data
Unknown command "t5sp"
execing dedicated_sp.cfg from disk
Error: sv_disableClientConsole can only be changed by the server
Error: sv_floodProtect can only be changed by the server
Error: sv_voice can only be changed by the server
Error: sv_voiceQuality can only be changed by the server
Error: sp_minplayers can only be changed by the server
Error: sv_wwwBaseURL can only be changed by the server
Error: perk_weapRateEnhanced can only be changed by the server
Error: g_playerEjection can only be changed by the server
Error: g_patchRocketJumps can only be changed by the server
Error: g_playerCollision can only be changed by the server
Unknown command "limit"
Unknown command "range"
Unknown command "value"
Error: Already contained!
Error: Already contained!
Error: Already contained!
Error: Already contained!
'8' is not a valid value for dvar 'sv_maxclients'
  Domain is any integer from 1 to 4
Error: sv_floodProtect can only be changed by the server
map_rotate...

"sv_mapRotation" is:"map zombie_theater map zombie_pentagon map zombie_cosmodrome map zombie_coast map zombie_temple map zombie_moon map zombie_cod5_prototype map zombie_cod5_asylum map zombie_cod5_sumpf map zombie_cod5_factory"

"sv_mapRotationCurrent" is:" map zombie_cosmodrome map zombie_coast map zombie_temple map zombie_moon map zombie_cod5_prototype map zombie_cod5_asylum map zombie_cod5_sumpf map zombie_cod5_factory"

Setting map: zombie_cosmodrome.
Timestamp: SV_SpawnServer 1789831065
Error: Could not load material "menu_mp_lobby_scrollbar_main".
Error: Could not load material "menu_mp_lobby_scrollbar_block".
Error: Could not load material "playlist_sp_recr".
Error: Could not load material "playlist_sp_reg".
Error: Could not load material "playlist_sp_hard".
Error: Could not load material "playlist_sp_vet".
STEAM: Set server appid to 42716
------ Server Initialization ------
Server: zombie_cosmodrome
Adding fastfile 'zombie_cosmodrome_patch' to queue
Adding fastfile 'en_zombie_cosmodrome' to queue
Adding fastfile 'zombie_cosmodrome' to queue
Adding fastfile 'zombie_cosmodrome_patch_override' to queue
Loading fastfile 'zombie_cosmodrome_patch'
used 1.06 MB memory in DB alloc
Loading fastfile 'en_zombie_cosmodrome'
used 0.30 MB memory in DB alloc
Loading fastfile 'zombie_cosmodrome'
used 114.50 MB memory in DB alloc
WARNING: Could not find zone 'C:\T5Server\zone\english\zombie_cosmodrome_patch_override.ff'
------- Game Initialization -------
gamename: PT5SP
gamedate: Aug 25 2026
Initializing game at 09/19/26 18:17:46 +0300
Current uptime: 00:18:54
Level time: 0
Restart: 0
Error: Could not load rawfile "maps/gametypes/zom.gsc".
animscripts/traverse/zombie_mantle_over_40animscripts/traverse/zombie_jump_down_96animscripts/traverse/zombie_jump_up_222animscripts/traverse/zombie_jump_down_240animscripts/traverse/zombie_jump_down_127animscripts/traverse/zombie_jump_down_184animscripts/traverse/zombie_jump_down_222Loading script scripts/sp/zm_random_char.gsc...
Script scripts/sp/zm_random_char.gsc loaded successfully.
Loading script scripts/sp/zm_spawn_fix.gsc...
Script scripts/sp/zm_spawn_fix.gsc loaded successfully.
Loading script scripts/sp/zom/counter_script.gsc...
Script scripts/sp/zom/counter_script.gsc loaded successfully.
Loading script scripts/sp/zom/zm_spawn_fix.gsc...
Script scripts/sp/zom/zm_spawn_fix.gsc loaded successfully.
Script scripts/sp/zom/zm_spawn_fix.gsc has no 'main' or 'init'.
Could not load xanim "generic_talker_allies".
Could not load xanim "generic_talker_axis".
Could not load xanim "generic_lookupleft".
Could not load xanim "generic_lookupright".
Could not load xanim "crew_truck_driver_climbin".
Could not load xanim "crew_truck_passenger_climbin".
Could not load xanim "crew_snowcat_driver_idle".
Could not load xanim "crew_truck_guy8_climbin".
Could not load xanim "crew_truck_guy7_climbin".
Could not load xanim "crew_truck_guy6_climbin".
Could not load xanim "crew_truck_guy5_climbin".
Could not load xanim "crew_truck_guy4_climbin".
Could not load xanim "crew_truck_guy3_climbin".
Could not load xanim "crew_truck_guy2_climbin".
Could not load xanim "crew_truck_guy1_climbin".
Could not load xanim "ai_meatshield_hostage_dead_drop".
Could not load xanim "int_meatshield_hostage_dead_drop".
Could not load xanim "ai_meatshield_hostage_dead_idle_steady".
Could not load xanim "int_meatshield_hostage_dead_idle_steady".
Could not load xanim "ai_meatshield_hostage_dead_idle".
Could not load xanim "int_meatshield_hostage_dead_idle".
Could not load xanim "ai_meatshield_hostage_trans_2_dead".
Could not load xanim "int_meatshield_hostage_trans_2_dead".
Could not load xanim "ai_meatshield_victim_aim_idle_steady".
Could not load xanim "int_meatshield_player_aim_idle_leftarm_steady".
Could not load xanim "ai_meatshield_victim_aim_idle".
Could not load xanim "int_meatshield_player_aim_idle_leftarm".
Could not load xanim "ai_meatshield_grab".
Could not load xanim "int_meatshield_grab".
Could not load xanim "ai_contextual_melee_headpunch_quick".
Could not load xanim "ai_contextual_melee_judochop_quick".
Could not load xanim "ai_contextual_melee_elbow_hit_quick".
Could not load xanim "ai_contextual_melee_kneekick_quick".
Could not load xanim "ai_contextual_melee_crouch_neckstab_quick".
Could not load xanim "ai_contextual_melee_neckstabcrouch_death_quick".
Could not load xanim "ai_contextual_melee_neckstab_quick".
Could not load xanim "ai_contextual_melee_necksnap_quick".
Could not load xanim "ai_contextual_melee_garrotesit_death_quick".
Could not load xanim "ai_contextual_melee_garrote_quick".
Could not load xanim "ai_contextual_melee_neckstabcrouch_death".
Could not load xanim "ai_contextual_melee_neckstabcrouch_idle".
Could not load xanim "ai_contextual_melee_neckstab".
Could not load xanim "ai_contextual_melee_necksnap".
Could not load xanim "ai_contextual_melee_garrotesit_deathpose".
Could not load xanim "ai_contextual_melee_garrotesit_death".
Could not load xanim "ai_contextual_melee_garrotesit_idle".
Could not load xanim "ai_contextual_melee_garrote".
Could not load xanim "int_contextual_melee_headpunch_quick".
Could not load xanim "int_contextual_melee_judochop_quick".
Could not load xanim "int_contextual_melee_elbow_hit_quick".
Could not load xanim "int_contextual_melee_kneekick_quick".
Could not load xanim "int_contextual_melee_crouch_neckstab_quick".
Could not load xanim "int_contextual_melee_neckstabcrouch_quick".
Could not load xanim "int_contextual_melee_neckstab_quick".
Could not load xanim "int_contextual_melee_necksnap_quick".
Could not load xanim "int_contextual_melee_garrotesit_quick".
Could not load xanim "int_contextual_melee_garrote_quick".
Could not load xanim "int_contextual_melee_neckstabcrouch".
Could not load xanim "int_contextual_melee_neckstab".
Could not load xanim "int_contextual_melee_necksnap".
Could not load xanim "int_contextual_melee_garrotesit".
Could not load xanim "int_contextual_melee_garrote".
Could not load xanim "crew_jeep1_passenger_to_driver".
Could not load xanim "crew_jeep1_passenger3_climbin_fast".
Could not load xanim "crew_jeep1_passenger2_climbin_fast".
Could not load xanim "crew_jeep1_passenger1_climbin_fast".
Could not load xanim "crew_jeep1_driver_climbin_fast".
Could not load xanim "crew_jeep1_passenger3_climbout_fast".
Could not load xanim "crew_jeep1_passenger2_climbout_fast".
Could not load xanim "crew_jeep1_passenger1_climbout_fast".
Could not load xanim "crew_jeep1_driver_climbout_fast".
Could not load xanim "ai_zombie_boss_tesla_death_a".
Could not load xanim "ai_zombie_crawl_freeze_death_02".
Could not load xanim "ai_zombie_crawl_freeze_death_01".
Could not load xanim "ai_zombie_freeze_death_e".
Could not load xanim "ai_zombie_freeze_death_d".
Could not load xanim "ai_zombie_freeze_death_c".
Could not load xanim "ai_zombie_freeze_death_b".
Could not load xanim "ai_zombie_freeze_death_a".
Could not load xanim "ai_zombie_tesla_crawl_death_b".
Could not load xanim "ai_zombie_tesla_crawl_death_a".
Could not load xanim "ai_zombie_tesla_death_e".
Could not load xanim "ai_zombie_tesla_death_d".
Could not load xanim "ai_zombie_tesla_death_c".
Could not load xanim "ai_zombie_tesla_death_b".
Could not load xanim "ai_zombie_tesla_death_a".
Could not load xanim "bog_melee_r_defend".
Could not load xanim "bog_melee_r_attack".
Could not load xanim "crew_bike_m72_aim_r_5".
Could not load xanim "crew_bike_m72_aim_l_5".
Could not load xanim "crew_bike_m72_aim_f_5".
Could not load xanim "crew_bike_m72_blindfire".
Could not load xanim "crew_bike_m72_lean_right_unarmed".
Could not load xanim "crew_bike_m72_lean_right_armed".
Could not load xanim "crew_bike_m72_lean_left_unarmed".
Could not load xanim "crew_bike_m72_lean_left_armed".
Could not load xanim "crew_bike_m72_jump_land_unarmed".
Could not load xanim "crew_bike_m72_jump_land_armed".
Could not load xanim "crew_bike_m72_jump_start_unarmed".
Could not load xanim "crew_bike_m72_jump_start_armed".
Could not load xanim "crew_bike_m72_drive_straight".
Could not load xanim "crew_bike_m72_aim_gun_putaway".
Could not load xanim "crew_bike_m72_aim_gun_pullot".
Could not load xanim "crew_bike_m72_r_fire".
Could not load xanim "crew_bike_m72_l_fire".
Could not load xanim "crew_bike_m72_f_fire".
Could not load xanim "crew_bike_m72_aim_r_8".
Could not load xanim "crew_bike_m72_aim_l_8".
Could not load xanim "crew_bike_m72_aim_f_8".
Could not load xanim "crew_bike_m72_aim_r_6".
Could not load xanim "crew_bike_m72_aim_l_6".
Could not load xanim "crew_bike_m72_aim_f_6".
Could not load xanim "crew_bike_m72_aim_r_4".
Could not load xanim "crew_bike_m72_aim_l_4".
Could not load xanim "crew_bike_m72_aim_f_4".
Could not load xanim "crew_bike_m72_aim_r_2".
Could not load xanim "crew_bike_m72_aim_l_2".
Could not load xanim "crew_bike_m72_aim_f_2".
Could not load xanim "ai_m113_gunner_aim_up".
Could not load xanim "ai_m113_gunner_aim_down".
Could not load xanim "ai_m113_gunner_aim".
Could not load xanim "ai_boat_pbr_gunner_aim_up".
Could not load xanim "ai_boat_pbr_gunner_aim_down".
Could not load xanim "ai_boat_pbr_gunner_aim".
Could not load xanim "ai_50cal_gunner_aim_down".
Could not load xanim "ai_50cal_gunner_aim_up".
Could not load xanim "ai_50cal_gunner_aim".
Could not load xanim "crew_truck_guy6_climbout_fast".
Could not load xanim "crew_truck_guy5_climbout_fast".
Could not load xanim "crew_truck_guy2_climbout_fast".
Could not load xanim "crew_truck_guy1_climbout_fast".
Could not load xanim "crew_gaz63_passenger_climbout_fast".
Could not load xanim "crew_gaz63_driver_jump_out".
Could not load xanim "crew_truck_guy8_climbout".
Could not load xanim "crew_truck_guy7_climbout".
Could not load xanim "crew_truck_guy6_climbout".
Could not load xanim "crew_truck_guy5_climbout".
Could not load xanim "crew_truck_guy4_climbout".
Could not load xanim "crew_truck_guy3_climbout".
Could not load xanim "crew_truck_guy2_climbout".
Could not load xanim "crew_truck_guy1_climbout".
Could not load xanim "crew_truck_passenger_climbout".
Could not load xanim "crew_truck_driver_climbout".
Could not load xanim "crew_truck_guy8_sit_idle".
Could not load xanim "crew_truck_guy7_sit_idle".
Could not load xanim "crew_truck_guy6_sit_idle".
Could not load xanim "crew_truck_guy5_sit_idle".
Could not load xanim "crew_truck_guy4_sit_idle".
Could not load xanim "crew_truck_guy3_sit_idle".
Could not load xanim "crew_truck_guy2_sit_idle".
Could not load xanim "crew_truck_guy1_sit_idle".
Could not load xanim "crew_gaz63_passenger_sit_idle".
Could not load xanim "crew_truck_passenger_sit_idle".
Could not load xanim "crew_truck_driver_sit_idle".
Could not load xanim "crew_police_passenger_climbout".
Could not load xanim "crew_police_driver_climbout".
Could not load xanim "crew_police_passenger_idle".
Could not load xanim "crew_police_driver_idle".
Could not load xanim "crew_uaz_passenger3_idle".
Could not load xanim "crew_uaz_passenger2_idle".
Could not load xanim "crew_uaz_passenger1_idle".
Could not load xanim "crew_uaz_driver_idle".
Could not load xanim "uaz_passenger_enter_from_huntedrun".
Could not load xanim "crew_uaz_passenger3_tumbleout".
Could not load xanim "crew_uaz_passenger1_tumbleout".
Could not load xanim "crew_uaz_driver_tumbleout".
Could not load xanim "uaz_driver_enter_from_huntedrun".
Could not load xanim "crew_uaz_passenger3_climbout".
Could not load xanim "crew_uaz_passenger2_climbout".
Could not load xanim "crew_uaz_passenger1_climbout".
Could not load xanim "crew_uaz_driver_climbout".
Could not load xanim "crew_jeep1_passenger3_turn_right_heavy".
Could not load xanim "crew_jeep1_passenger2_turn_right_heavy".
Could not load xanim "crew_jeep1_passenger1_turn_right_heavy".
Could not load xanim "crew_jeep1_driver_turn_right_heavy".
Could not load xanim "crew_jeep1_passenger3_turn_right_light".
Could not load xanim "crew_jeep1_passenger2_turn_right_light".
Could not load xanim "crew_jeep1_passenger1_turn_right_light".
Could not load xanim "crew_jeep1_driver_turn_right_light".
Could not load xanim "crew_jeep1_passenger3_turn_left_heavy".
Could not load xanim "crew_jeep1_passenger2_turn_left_heavy".
Could not load xanim "crew_jeep1_passenger1_turn_left_heavy".
Could not load xanim "crew_jeep1_driver_turn_left_heavy".
Could not load xanim "crew_jeep1_passenger3_turn_left_light".
Could not load xanim "crew_jeep1_passenger2_turn_left_light".
Could not load xanim "crew_jeep1_passenger1_turn_left_light".
Could not load xanim "crew_jeep1_driver_turn_left_light".
Could not load xanim "crew_jeep1_passenger3_stop".
Could not load xanim "crew_jeep1_passenger2_stop".
Could not load xanim "crew_jeep1_passenger1_stop".
Could not load xanim "crew_jeep1_driver_stop".
Could not load xanim "crew_jeep1_passenger3_start".
Could not load xanim "crew_jeep1_passenger2_start".
Could not load xanim "crew_jeep1_passenger1_start".
Could not load xanim "crew_jeep1_driver_start".
Could not load xanim "crew_jeep1_passenger3_climbin".
Could not load xanim "crew_jeep1_passenger2_climbin".
Could not load xanim "crew_jeep1_passenger1_climbin".
Could not load xanim "crew_jeep1_driver_climbin".
Could not load xanim "crew_jeep1_passenger3_climbout".
Could not load xanim "crew_jeep1_passenger2_climbout".
Could not load xanim "crew_jeep1_passenger1_climbout".
Could not load xanim "crew_jeep1_driver_climbout".
Could not load xanim "crew_jeep1_passenger3_death_fire".
Could not load xanim "crew_jeep1_passenger2_death_fire".
Could not load xanim "crew_jeep1_passenger1_death_fire".
Could not load xanim "crew_jeep1_driver_death_fire".
Could not load xanim "crew_jeep1_passenger3_death_shot".
Could not load xanim "crew_jeep1_passenger2_death_shot".
Could not load xanim "crew_jeep1_passenger1_death_shot".
Could not load xanim "crew_jeep1_driver_death_shot".
Could not load xanim "crew_jeep1_passenger3_drive_under_fire".
Could not load xanim "crew_jeep1_passenger2_drive_under_fire".
Could not load xanim "crew_jeep1_passenger1_drive_under_fire".
Could not load xanim "crew_jeep1_driver_drive_under_fire".
Could not load xanim "crew_jeep1_passenger3_drive_idle".
Could not load xanim "crew_jeep1_passenger2_drive_idle".
Could not load xanim "crew_jeep1_passenger1_drive_idle".
Could not load xanim "crew_jeep1_driver_drive_idle".
Could not load xanim "ai_huey_passenger_waiting".
Could not load xanim "ai_huey_passenger_b_rt_exit".
Could not load xanim "ai_huey_passenger_b_rt".
Could not load xanim "ai_huey_passenger_f_rt_exit".
Could not load xanim "ai_huey_passenger_f_rt_enter".
Could not load xanim "ai_huey_passenger_f_rt".
Could not load xanim "ai_huey_passenger_m_rt_enter".
Could not load xanim "ai_huey_passenger_m_lt_enter".
Could not load xanim "ai_huey_passenger_f_lt_exit".
Could not load xanim "ai_huey_passenger_f_lt_enter".
Could not load xanim "ai_huey_passenger_f_lt".
Could not load xanim "ai_huey_passenger_b_lt_exit".
Could not load xanim "ai_huey_passenger_b_lt_enter".
Could not load xanim "ai_huey_passenger_b_lt".
Could not load xanim "ai_huey_gunner2_exit".
Could not load xanim "ai_huey_gunner2_enter".
Could not load xanim "ai_huey_gunner2".
Could not load xanim "ai_huey_gunner1_exit".
Could not load xanim "ai_huey_gunner1_enter".
Could not load xanim "ai_huey_gunner1".
Could not load xanim "ai_huey_pilot2_idle_loop1".
Could not load xanim "ai_huey_pilot1_idle_loop1".
Could not load xanim "ai_mi8_pilot1_idle_loop2".
Could not load xanim "ai_mi8_pilot1_idle_loop1".
Could not load xanim "ai_revive_reviver_onback_left_get_up".
Could not load xanim "ai_revive_reviver_onback_left_revive".
Could not load xanim "ai_revive_wounded_onback_left_get_up".
Could not load xanim "ai_revive_wounded_onback_left_revive".
Could not load xanim "ai_revive_wounded_onback_loop".
Could not load xanim "ai_revive_wounded_onback_fall_crouch".
Could not load xanim "ai_revive_wounded_onback_fall_stand".
Could not load xanim "ai_dying_crawl_2_back_revive".
Could not load xanim "ai_flame_wounded_stand_d".
Could not load xanim "ai_flame_wounded_stand_c".
Could not load xanim "ai_flame_wounded_stand_b".
Could not load xanim "ai_flame_wounded_stand_a".
Could not load xanim "ai_flame_wounded_crouch_d".
Could not load xanim "ai_flame_wounded_crouch_c".
Could not load xanim "ai_flame_wounded_crouch_b".
Could not load xanim "ai_flame_wounded_crouch_a".
Could not load xanim "run_pain_stumble".
Could not load xanim "run_pain_stomach".
Could not load xanim "run_pain_fallonknee_03".
Could not load xanim "run_pain_fallonknee_02".
Could not load xanim "run_pain_fallonknee".
Could not load xanim "exposed_pain_right_arm".
Could not load xanim "exposed_pain_leg".
Could not load xanim "exposed_pain_left_arm".
Could not load xanim "exposed_pain_groin".
Could not load xanim "exposed_pain_dropgun".
Could not load xanim "exposed_pain_back".
Could not load xanim "exposed_pain_2_crouch".
Could not load xanim "exposed_crouch_pain_right_arm".
Could not load xanim "exposed_crouch_pain_left_arm".
Could not load xanim "exposed_crouch_pain_headsnap".
Could not load xanim "exposed_crouch_pain_flinch".
Could not load xanim "exposed_crouch_pain_chest".
Could not load xanim "back_pain".
Could not load xanim "saw_gunner_lowwall_pain_02".
Could not load xanim "saw_gunner_pain".
Could not load xanim "ai_death_upontoback".
Could not load xanim "ai_bayonet_right_death".
Could not load xanim "ai_bayonet_left_death".
Could not load xanim "ai_bayonet_back_death".
Could not load xanim "ai_bayonet_shoulder_death".
Could not load xanim "ai_bayonet_thrust_death".
Could not load xanim "ai_deadly_wounded_torso_hit".
Could not load xanim "ai_deadly_wounded_leg_r_hit".
Could not load xanim "ai_deadly_wounded_leg_l_hit".
Could not load xanim "ai_deadly_wounded_flamedb_hit".
Could not load xanim "ai_deadly_wounded_flameda_hit".
Could not load xanim "ai_flame_death_crouch_h".
Could not load xanim "ai_flame_death_crouch_g".
Could not load xanim "ai_flame_death_crouch_f".
Could not load xanim "ai_flame_death_crouch_e".
Could not load xanim "ai_flame_death_crouch_d".
Could not load xanim "ai_flame_death_crouch_c".
Could not load xanim "ai_flame_death_crouch_b".
Could not load xanim "ai_flame_death_crouch_a".
Could not load xanim "ai_flame_death_h".
Could not load xanim "ai_flame_death_g".
Could not load xanim "ai_flame_death_f".
Could not load xanim "ai_flame_death_e".
Could not load xanim "ai_flame_death_d".
Could not load xanim "ai_flame_death_c".
Could not load xanim "ai_flame_death_b".
Could not load xanim "ai_flame_death_a".
Could not load xanim "saw_gunner_lowwall_death".
Could not load xanim "saw_gunner_death".
Could not load xanim "run_death_roll".
Could not load xanim "run_death_fallonback_02".
Could not load xanim "run_death_fallonback".
Could not load xanim "run_death_facedown".
Could not load xanim "exposed_death_neckgrab".
Could not load xanim "exposed_death_twist".
Could not load xanim "exposed_death_nerve".
Could not load xanim "exposed_death_headtwist".
Could not load xanim "exposed_death_headshot".
Could not load xanim "exposed_death_groin".
Could not load xanim "exposed_death_firing_02".
Could not load xanim "exposed_death_firing".
Could not load xanim "exposed_death_falltoknees_02".
Could not load xanim "exposed_death_falltoknees".
Could not load xanim "exposed_death_02".
Could not load xanim "exposed_death".
Could not load xanim "exposed_crouch_death_twist".
Could not load xanim "exposed_crouch_death_flip".
Could not load xanim "exposed_crouch_death_fetal".
Could not load xanim "death_explosion_stand_up_v2".
Could not load xanim "death_explosion_stand_up_v1".
Could not load xanim "death_explosion_run_l_v2".
Could not load xanim "death_explosion_run_l_v1".
Could not load xanim "death_explosion_run_r_v2".
Could not load xanim "death_explosion_run_r_v1".
Could not load xanim "death_explosion_run_b_v2".
Could not load xanim "death_explosion_run_b_v1".
Could not load xanim "death_explosion_run_f_v4".
Could not load xanim "death_explosion_run_f_v3".
Could not load xanim "death_explosion_run_f_v2".
Could not load xanim "death_explosion_run_f_v1".
Could not load xanim "death_explosion_stand_r_v2".
Could not load xanim "death_explosion_stand_r_v1".
Could not load xanim "death_explosion_stand_l_v3".
Could not load xanim "death_explosion_stand_l_v2".
Could not load xanim "death_explosion_stand_l_v1".
Could not load xanim "death_explosion_stand_f_v4".
Could not load xanim "death_explosion_stand_f_v3".
Could not load xanim "death_explosion_stand_f_v2".
Could not load xanim "death_explosion_stand_f_v1".
Could not load xanim "death_explosion_stand_b_v4".
Could not load xanim "death_explosion_stand_b_v3".
Could not load xanim "death_explosion_stand_b_v2".
Could not load xanim "death_explosion_stand_b_v1".
Could not load xanim "ai_pillar_crouch_grenade_throw_03".
Could not load xanim "ai_pillar_crouch_grenade_throw_02".
Could not load xanim "ai_pillar_crouch_grenade_throw_01".
Could not load xanim "ai_pillar_stand_grenade_throw_03".
Could not load xanim "ai_pillar_stand_grenade_throw_02".
Could not load xanim "ai_pillar_stand_grenade_throw_01".
Could not load xanim "saw_gunner_lowwall_runout_mr".
Could not load xanim "saw_gunner_lowwall_runout_ml".
Could not load xanim "saw_gunner_lowwall_runout_m".
Could not load xanim "saw_gunner_lowwall_runout_r".
Could not load xanim "saw_gunner_lowwall_runout_l".
Could not load xanim "saw_gunner_lowwall_runin_mr".
Could not load xanim "saw_gunner_lowwall_runin_ml".
Could not load xanim "saw_gunner_lowwall_runin_m".
Could not load xanim "saw_gunner_lowwall_runin_r".
Could not load xanim "saw_gunner_lowwall_runin_l".
Could not load xanim "saw_gunner_runout_mr".
Could not load xanim "saw_gunner_runout_ml".
Could not load xanim "saw_gunner_runout_m".
Could not load xanim "saw_gunner_runout_r".
Could not load xanim "saw_gunner_runout_l".
Could not load xanim "saw_gunner_runin_mr".
Could not load xanim "saw_gunner_runin_ml".
Could not load xanim "saw_gunner_runin_m".
Could not load xanim "saw_gunner_runin_r".
Could not load xanim "saw_gunner_runin_l".
Could not load xanim "coverstand_pain_leg".
Could not load xanim "coverstand_pain_groin".
Could not load xanim "coverstand_death_right".
Could not load xanim "coverstand_death_left".
Could not load xanim "coverstand_trans_in_mr".
Could not load xanim "coverstand_trans_in_ml".
Could not load xanim "coverstand_trans_in_r".
Could not load xanim "coverstand_trans_in_m".
Could not load xanim "coverstand_trans_in_l".
Could not load xanim "coverstand_trans_out_mr".
Could not load xanim "coverstand_trans_out_ml".
Could not load xanim "coverstand_trans_out_r".
Could not load xanim "coverstand_trans_out_m".
Could not load xanim "coverstand_trans_out_l".
Could not load xanim "coverstand_grenadeb".
Could not load xanim "coverstand_grenadea".
Could not load xanim "cornercrr_trans_out_r".
Could not load xanim "cornercrr_trans_out_mr".
Could not load xanim "cornercrr_trans_out_ml".
Could not load xanim "cornercrr_trans_out_mf".
Could not load xanim "cornercrr_trans_out_m".
Could not load xanim "cornercrr_trans_out_l".
Could not load xanim "cornercrr_trans_out_f".
Could not load xanim "cornercrr_trans_in_r".
Could not load xanim "cornercrr_trans_in_mr".
Could not load xanim "cornercrr_trans_in_ml".
Could not load xanim "cornercrr_trans_in_mf".
Could not load xanim "cornercrr_trans_in_m".
Could not load xanim "cornercrr_trans_in_l".
Could not load xanim "cornercrr_trans_in_f".
Could not load xanim "cornercrr_grenadea".
Could not load xanim "corner_standl_trans_out_8".
Could not load xanim "corner_standl_trans_out_7".
Could not load xanim "corner_standl_trans_out_6".
Could not load xanim "corner_standl_trans_out_4".
Could not load xanim "corner_standl_trans_out_3".
Could not load xanim "corner_standl_trans_out_2".
Could not load xanim "corner_standl_trans_out_1".
Could not load xanim "corner_standl_trans_in_8".
Could not load xanim "corner_standl_trans_in_7".
Could not load xanim "corner_standl_trans_in_6".
Could not load xanim "corner_standl_trans_in_3".
Could not load xanim "corner_standl_trans_in_2".
Could not load xanim "corner_standl_trans_in_1".
Could not load xanim "corner_standl_trans_in_4".
Could not load xanim "corner_standr_trans_out_9".
Could not load xanim "corner_standr_trans_out_8".
Could not load xanim "corner_standr_trans_out_6".
Could not load xanim "corner_standr_trans_out_4".
Could not load xanim "corner_standr_trans_out_3".
Could not load xanim "corner_standr_trans_out_2".
Could not load xanim "corner_standr_trans_out_1".
Could not load xanim "corner_standr_trans_in_9".
Could not load xanim "corner_standr_trans_in_8".
Could not load xanim "corner_standr_trans_in_6".
Could not load xanim "corner_standr_trans_in_3".
Could not load xanim "corner_standr_trans_in_1".
Could not load xanim "corner_standr_trans_in_2".
Could not load xanim "corner_standr_trans_in_4".
Could not load xanim "corner_standr_painc".
Could not load xanim "corner_standr_painb".
Could not load xanim "corner_standr_pain".
Could not load xanim "corner_standr_grenade_b".
Could not load xanim "corner_standr_grenade_a".
Could not load xanim "corner_standr_deathb".
Could not load xanim "corner_standr_deatha".
Could not load xanim "cornercrl_trans_out_r".
Could not load xanim "cornercrl_trans_out_mr".
Could not load xanim "cornercrl_trans_out_ml".
Could not load xanim "cornercrl_trans_out_mf".
Could not load xanim "cornercrl_trans_out_m".
Could not load xanim "cornercrl_trans_out_l".
Could not load xanim "cornercrl_trans_out_f".
Could not load xanim "cornercrl_trans_in_r".
Could not load xanim "cornercrl_trans_in_mr".
Could not load xanim "cornercrl_trans_in_ml".
Could not load xanim "cornercrl_trans_in_mf".
Could not load xanim "cornercrl_trans_in_m".
Could not load xanim "cornercrl_trans_in_l".
Could not load xanim "cornercrl_trans_in_f".
Could not load xanim "cornercrl_grenadeb".
Could not load xanim "cornercrl_grenadea".
Could not load xanim "corner_standl_paine".
Could not load xanim "corner_standl_paind".
Could not load xanim "corner_standl_painc".
Could not load xanim "corner_standl_painb".
Could not load xanim "corner_standl_pain".
Could not load xanim "corner_standl_grenade_b".
Could not load xanim "corner_standl_grenade_a".
Could not load xanim "corner_standl_deathb".
Could not load xanim "corner_standl_deatha".
Could not load xanim "ai_zombie_boss_jump_down_127_coast".
Could not load xanim "ai_zombie_boss_jump_down_184_coast".
Could not load xanim "covercrouch_death_3".
Could not load xanim "covercrouch_death_2".
Could not load xanim "covercrouch_death_1".
Could not load xanim "covercrouch_grenadeb".
Could not load xanim "covercrouch_grenadea".
Could not load xanim "covercrouch_run_out_r".
Could not load xanim "covercrouch_run_out_mr".
Could not load xanim "covercrouch_run_out_m".
Could not load xanim "covercrouch_run_out_ml".
Could not load xanim "covercrouch_run_out_l".
Could not load xanim "covercrouch_run_in_r".
Could not load xanim "covercrouch_run_in_mr".
Could not load xanim "covercrouch_run_in_m".
Could not load xanim "covercrouch_run_in_ml".
Could not load xanim "covercrouch_run_in_l".
Could not load xanim "add_fire".
Could not load xanim "prone_grenade_a".
Could not load xanim "crouch_2run_180".
Could not load xanim "crouch_2run_f".
Could not load xanim "crouch_2run_r".
Could not load xanim "crouch_2run_l".
Could not load xanim "run_2_crouch_180l".
Could not load xanim "run_2_crouch_90r".
Could not load xanim "run_2_crouch_90l".
Could not load xanim "run_2_crouch_f".
Could not load xanim "stand_2_run_180_med".
Could not load xanim "stand_2_run_f_2".
Could not load xanim "stand_2_run_r".
Could not load xanim "stand_2_run_l".
Could not load xanim "run_2_stand_180l".
Could not load xanim "run_2_stand_90r".
Could not load xanim "run_2_stand_90l".
Could not load xanim "run_2_stand_f_6".
Could not load xanim "weapon_switch".
Could not load xanim "exposed_grenadethrowc".
Could not load xanim "exposed_grenadethrowb".
Could not load xanim "prone_legs_down".
Could not load xanim "prone_legs_up".
Could not load xanim "exposed_tracking_turn180l".
Could not load xanim "exposed_tracking_turn135r".
Could not load xanim "exposed_tracking_turn90r".
Could not load xanim "exposed_tracking_turn45r".
Could not load xanim "exposed_tracking_turn135l".
Could not load xanim "exposed_tracking_turn90l".
Could not load xanim "exposed_tracking_turn45l".
Could not load xanim "aim_8".
Could not load xanim "aim_2".
Could not load xanim "aim_6".
Could not load xanim "aim_4".
Could not load xanim "exposed_stand_2_crouch".
Could not load xanim "exposed_crouch_2_stand".
Could not load xanim "exposed_crouch_idle_alert_v3".
Could not load xanim "exposed_crouch_idle_alert_v2".
Could not load xanim "exposed_crouch_idle_alert_v1".
Could not load xanim "exposed_idle_alert_v3".
Could not load xanim "exposed_idle_alert_v2".
Could not load xanim "exposed_idle_alert_v1".
Could not load xanim "cqb_stand_signal_move_out".
Could not load xanim "cqb_stand_signal_move_up".
Could not load xanim "cqb_stand_signal_stop".
Could not load xanim "cqb_stand_wave_go_v1".
Could not load xanim "cqb_stand_wave_on_me".
Could not load xanim "saw_gunner_run_slow".
Could not load xanim "saw_gunner_run_fast".
Could not load xanim "ai_mg_shoulder_run".
Could not load xanim "ai_run_lowready_f_lean_r".
Could not load xanim "ai_run_lowready_f_lean_l".
Could not load xanim "crouch_fastwalk_r".
Could not load xanim "crouch_fastwalk_l".
Could not load xanim "crouch_fastwalk_b".
Could not load xanim "run_lowready_b".
Could not load xanim "run_lowready_r".
Could not load xanim "run_lowready_l".
Could not load xanim "patrol_bored_patrolwalk_twitch".
Could not load xanim "patrol_bored_patrolwalk".
Could not load xanim "sprint1_loop".
Could not load xanim "crouch_fastwalk_f".
Could not load xanim "run_lowready_f".
Could not load xanim "ai_zombie_boss_idle_b".
Could not load xanim "ai_zombie_boss_idle_a".
Could not load xanim "ai_zombie_quad_idle_2".
Could not load xanim "ai_zombie_quad_idle".
Could not load xanim "ai_flamethrower_crouch_twitch".
Could not load xanim "ai_flamethrower_crouch_idle_b".
Could not load xanim "ai_flamethrower_crouch_idle_a".
Could not load xanim "ai_flamethrower_stand_twitch".
Could not load xanim "ai_flamethrower_stand_idle_casual_v1".
Could not load xanim "ai_mg_shoulder_run2crouch".
Could not load xanim "ai_mg_shoulder_crouch_idle".
Could not load xanim "ai_mg_shoulder_run2stand".
Could not load xanim "ai_mg_shoulder_stand_idle".
Could not load xanim "cqb_stand_twitch".
Could not load xanim "cqb_stand_idle".
Could not load xanim "patrol_bored_2_walk_180turn".
Could not load xanim "patrol_bored_2_walk".
Could not load xanim "patrol_bored_twitch_stretch".
Could not load xanim "patrol_bored_twitch_checkphone".
Could not load xanim "patrol_bored_twitch_bug".
Could not load xanim "patrol_bored_idle_cellphone".
Could not load xanim "patrol_bored_idle_smoke".
Could not load xanim "patrol_bored_idle".
Could not load xanim "patrol_bored_walk_2_bored".
Could not load xanim "casual_stand_idle_twitchb".
Could not load xanim "casual_stand_idle_twitch".
Could not load xanim "casual_stand_idle_trans_in".
Could not load xanim "casual_stand_idle".
Could not load xanim "casual_crouch_point".
Could not load xanim "casual_crouch_twitch".
Could not load xanim "casual_crouch_idle_in".
Could not load xanim "casual_crouch_idle".
Could not load xanim "casual_stand_v2_twitch_talk".
Could not load xanim "casual_stand_v2_twitch_shift".
Could not load xanim "casual_stand_v2_twitch_radio".
Could not load xanim "casual_stand_v2_idle".
Could not load xanim "crouch2stand".
Could not load xanim "shoot".
Could not load xanim "upperbody".
Could not load xanim "void_loop".
Could not load xanim "v_uaz_passenger3_door_open".
Could not load xanim "v_uaz_passenger2_door_open".
Could not load xanim "v_uaz_passenger_door_open".
Could not load xanim "v_uaz_driver_door_open".
Could not load xanim "v_jeep_passenger_door_open".
Could not load xanim "v_jeep_driver_door_open".
Could not load xanim "v_pow_b03_hind_landed".
Could not load xanim "v_pow_b03_hind_exit_interior".
Could not load xanim "v_pow_b03_hind_exit_exterior".
Could not load xanim "v_pow_b03_hind_climbin_interior".
Could not load xanim "v_pow_b03_hind_climbin_exterior".
Could not load xanim "v_police_passenger_door_open".
Could not load xanim "v_police_driver_door_open".
Could not load xanim "v_gaz63_passenger_door_open".
Could not load xanim "v_gaz63_driver_door_open".
Could not load xanim "uaz_driving_idle_backward".
Could not load xanim "uaz_driving_idle_forward".
Could not load xanim "int_pow_b03_cockpit_exit".
Could not load xanim "int_pow_b03_cockpit_inandup".
Could not load xanim "viewmodel_swim_to_right".
Could not load xanim "viewmodel_swim_to_left".
Could not load xanim "viewmodel_swim_tread_water".
Could not load xanim "viewmodel_swim_backwards_c".
Could not load xanim "viewmodel_swim_backwards_b".
Could not load xanim "viewmodel_swim_backwards_a".
Could not load xanim "viewmodel_swim_breaststroke_c".
Could not load xanim "viewmodel_swim_breaststroke_b".
Could not load xanim "viewmodel_swim_breaststroke_a".
Could not load xanim "prop_meatshield_bullet_tip_spin".
Could not load xanim "prop_meatshield_bullet_tip_cam".
Could not load xanim "prop_contextual_melee_garrotesit_chair_quick".
Could not load xanim "prop_contextual_melee_garrotesit_chair".
Could not load xanim "prop_contextual_melee_garrotesit_garrotewire_quick".
Could not load xanim "prop_contextual_melee_garrotesit_garrotewire".
Could not load xanim "prop_contextual_melee_garrote_garrotewire_quick".
Could not load xanim "prop_contextual_melee_garrote_garrotewire".
Could not load xanim "zombie_dog_run_pain_front".
Could not load xanim "zombie_dog_pain_hit_right".
Could not load xanim "zombie_dog_pain_hit_left".
Could not load xanim "zombie_dog_pain_hit_front".
Could not load xanim "zombie_dog_pain_hit_back".
Could not load xanim "zombie_dog_run_pain".
Could not load xanim "zombie_dog_run_flashbang".
Could not load xanim "zd_attack_player_late".
Could not load xanim "pb_pbr_driver_idle".
Could not load xanim "pb_huey_passenger_b_rt".
Could not load xanim "pb_huey_passenger_f_rt".
Could not load xanim "pb_huey_passenger_m_rt".
Could not load xanim "pb_huey_passenger_m_lt".
Could not load xanim "pb_huey_passenger_f_lt".
Could not load xanim "pb_huey_passenger_b_lt_aim_60up_60right".
Could not load xanim "pb_huey_passenger_b_lt_aim_forward_60up".
Could not load xanim "pb_huey_passenger_b_lt_aim_60up_60left".
Could not load xanim "pb_huey_passenger_b_lt_aim_60right_level".
Could not load xanim "pb_huey_passenger_b_lt_aim_forward_level".
Could not load xanim "pb_huey_passenger_b_lt_aim_60left_level".
Could not load xanim "pb_huey_passenger_b_lt_aim_60down_60right".
Could not load xanim "pb_huey_passenger_b_lt_aim_forward_60down".
Could not load xanim "pb_huey_passenger_b_lt_aim_60down_60left".
Could not load xanim "p_driver_jeep_seated".
Could not load xanim "pb_zipline_loop".
Could not load xanim "pb_zipline_release".
Could not load xanim "pb_zipline_grab".
Spawner at (-1067.2 1230.9 359) is in solid
-----------------------------------
codescripts/delete.gsc (code_post_gfx): 0x2E82AE74
animscripts/zombie_melee.gsc (common_zombie_patch): 0x05509B59
codescripts/struct.gsc (code_post_gfx): 0xCAC87ED6
maps/_callbacksetup.gsc (code_post_gfx): 0xB52A9A5B
maps/_utility.gsc (common_zombie_patch): 0x42B6193A
common_scripts/utility.gsc (code_post_gfx): 0x9536897A
aitype/zombie_monkey_01.gsc (zombie_cosmodrome): 0xAAB414FD
maps/_utility_code.gsc (code_post_gfx): 0xCB68F0DE
maps/_zombiemode_traps.gsc (common_zombie_patch): 0xA2C6280A
maps/_hud_util.gsc (code_post_gfx): 0x587EC801
animscripts/utility.gsc (common_zombie): 0x5CAA8382
animscripts/setposemovement.gsc (common_zombie): 0x9AC495F3
maps/_constants.gsc (code_post_gfx): 0x0176DD22
animscripts/anims.gsc (common_zombie): 0x8B2018B8
animscripts/shared.gsc (common_zombie): 0xF777EB0A
animscripts/combat_utility.gsc (common_zombie): 0x64A99E72
animscripts/debug.gsc (common_zombie_patch): 0x16285EFA
maps/_gameskill.gsc (common_zombie_patch): 0x55B2A1B6
animscripts/zombie_move.gsc (common_zombie_patch): 0xDE31C8DF
animscripts/weaponlist.gsc (common_zombie): 0x7558540E
maps/_zombiemode_zone_manager.gsc (common_zombie_patch): 0x278F492A
maps/_load_common.gsc (code_post_gfx): 0xC8BEDDF1
aitype/zombie_monkey_02.gsc (zombie_cosmodrome): 0xE2C8AD62
maps/_lights.gsc (code_post_gfx): 0x02054E8B
maps/_createfx.gsc (code_post_gfx): 0x5CA89299
maps/_weapons.gsc (common_zombie_patch): 0x0668A678
maps/_boat_patrol_nva.gsc (code_post_gfx): 0xFFFDB5AD
maps/_createfxmenu.gsc (code_post_gfx): 0x576C29AF
maps/_introscreen.gsc (code_post_gfx): 0x691BF913
maps/_apc.gsc (code_post_gfx): 0x1308C51D
maps/_fx.gsc (code_post_gfx): 0x3C599625
maps/_contextual_melee.gsc (code_post_gfx): 0x2506D3EF
maps/_spawner.gsc (code_post_gfx): 0xE4F83185
maps/_anim.gsc (code_post_gfx): 0x4ABC8BB8
animscripts/face.gsc (common_zombie): 0x3F881B3E
maps/_serverfaceanim.gsc (code_post_gfx): 0x3CDFF618
maps/_audio.gsc (code_post_gfx): 0x3230FA8D
maps/_music.gsc (code_post_gfx): 0xE749B82B
maps/_zombiemode_spawner.gsc (common_zombie_patch): 0x0A7C7E52
maps/_mg_penetration.gsc (code_post_gfx): 0xE2A0DEA0
character/c_zom_monkey01.gsc (zombie_cosmodrome): 0x26E95835
maps/_mgturret.gsc (code_post_gfx): 0x0A4885D4
maps/_friendlyfire.gsc (code_post_gfx): 0x937F157B
animscripts/zombie_init.gsc (common_zombie_patch): 0x8128D4D7
maps/_patrol.gsc (code_post_gfx): 0x99FFD111
maps/_bulletcam.gsc (code_post_gfx): 0x75010804
maps/_chinook.gsc (code_post_gfx): 0xB6F826FE
maps/_spiderhole.gsc (code_post_gfx): 0xFBE1D59D
maps/_banzai.gsc (code_post_gfx): 0x85E1C575
maps/_laststand.gsc (common_zombie_patch): 0x7AE8C2CC
maps/_dds.gsc (code_post_gfx): 0x1B980DB0
maps/_colors.gsc (code_post_gfx): 0x350AB58E
maps/_debug.gsc (code_post_gfx): 0x786F2026
animscripts/battlechatter_ai.gsc (common_zombie): 0x239687E6
animscripts/battlechatter.gsc (common_zombie): 0xEE336B8A
animscripts/squadmanager.gsc (common_zombie): 0x4349E38F
animscripts/walk.gsc (common_zombie): 0x7F118010
maps/_autosave.gsc (code_post_gfx): 0x425D611B
codescripts/character.gsc (code_post_gfx): 0xA68E0E1E
maps/_endmission.gsc (code_post_gfx): 0x6A88FF27
maps/_hud_message.gsc (common_zombie_patch): 0xB55C5BBB
maps/_cooplogic.gsc (code_post_gfx): 0xB4BEFA7A
maps/_cheat.gsc (code_post_gfx): 0x99E27A0C
maps/_vehicle_aianim.gsc (code_post_gfx): 0xB983EDC7
maps/_flareweapon.gsc (code_post_gfx): 0x06BF2226
maps/_zombiemode_score.gsc (common_zombie_patch): 0x74AF428B
maps/_vehicle.gsc (code_post_gfx): 0x66A3DE50
animscripts/zombie_run.gsc (common_zombie_patch): 0xEC8C62CC
maps/_vehicletypes.gsc (code_post_gfx): 0xA1250AB9
maps/_destructible.gsc (code_post_gfx): 0xA4624265
maps/_vehicledrive.gsc (code_post_gfx): 0x12DFC931
maps/_huey.gsc (code_post_gfx): 0x3F3E5D61
maps/_hind_player.gsc (code_post_gfx): 0x6B2EB687
character/c_zom_red_guy_zt.gsc (code_post_gfx): 0x825245E8
maps/_treadfx.gsc (code_post_gfx): 0xE517332C
maps/createfx/zombie_cosmodrome_fx.gsc (zombie_cosmodrome): 0xEDFCE7AB
maps/_zombiemode_bowie.gsc (common_zombie_patch): 0xA0E88C18
maps/_vehiclenames.gsc (code_post_gfx): 0xA6CF3FFC
maps/_t72.gsc (code_post_gfx): 0x85419342
maps/_tank_zsu23.gsc (code_post_gfx): 0xE4277F06
maps/_truck.gsc (code_post_gfx): 0x514144CA
maps/_boat_pbr.gsc (code_post_gfx): 0xD4BCF637
maps/_truck_gaz66.gsc (code_post_gfx): 0xF8DE73FF
maps/_truck_gaz63.gsc (code_post_gfx): 0x3C1AED74
maps/_zombiemode_auto_turret.gsc (common_zombie_patch): 0x82EC8E8A
maps/_uaz.gsc (code_post_gfx): 0x48F0F353
animscripts/zombie_utility.gsc (common_zombie): 0xCAD2ACD3
maps/_jeep.gsc (code_post_gfx): 0xD6EE26BC
maps/_cobra.gsc (code_post_gfx): 0x44657874
maps/_hip.gsc (code_post_gfx): 0x259CB555
maps/_mig17.gsc (code_post_gfx): 0xD9E7385C
maps/_plane_weapons.gsc (code_post_gfx): 0xC46D80A3
maps/_zpu_antiair.gsc (code_post_gfx): 0x11D0A76F
maps/_btr.gsc (code_post_gfx): 0x13D744AB
maps/_civ_vehicle.gsc (code_post_gfx): 0x3D90EE20
maps/_tiara.gsc (code_post_gfx): 0x105F21CC
maps/_policecar.gsc (code_post_gfx): 0xE568C610
maps/_snowcat.gsc (code_post_gfx): 0xEE646708
maps/_rcbomb.gsc (code_post_gfx): 0xDFD2D923
maps/_sampan.gsc (code_post_gfx): 0x4A2AD4D9
maps/_boat_nvapbr.gsc (code_post_gfx): 0x50E03CC6
maps/_motorcycle.gsc (code_post_gfx): 0x0C03B652
animscripts/revive.gsc (common_zombie): 0xEB6BB344
maps/_zombiemode_weapon_box.gsc (common_zombie): 0x7220A3D0
maps/_shellshock.gsc (code_post_gfx): 0x43C1105D
maps/_callbackglobal.gsc (common_zombie_patch): 0x7E105384
maps/zombie_cosmodrome_eggs.gsc (zombie_cosmodrome): 0x0C16DBFC
maps/_flashgrenades.gsc (code_post_gfx): 0xFB11E526
maps/_damagefeedback.gsc (code_post_gfx): 0x70333647
maps/_createmenu.gsc (code_post_gfx): 0x355318E5
maps/_spawn_manager.gsc (code_post_gfx): 0x4B2C983C
maps/_names.gsc (code_post_gfx): 0x53600D4D
animscripts/zombie_dog_flashed.gsc (common_zombie): 0xD7D89B85
maps/_meatshield.gsc (code_post_gfx): 0xABCDBF3B
maps/zombie_cosmodrome_fx.gsc (zombie_cosmodrome): 0xFD412D1C
maps/_swimming.gsc (code_post_gfx): 0x347E1B6A
maps/gametypes/zom.gsc (raw): 0x00000000
animscripts/zombie_setposemovement.gsc (common_zombie): 0x0B3C460D
animscripts/zombie_combat.gsc (common_zombie_patch): 0x0F5D56DE
animscripts/zombie_shared.gsc (common_zombie_patch): 0xAB0BA821
maps/_bayonet.gsc (code_post_gfx): 0xB9789691
animscripts/zombie_death.gsc (common_zombie_patch): 0x2AAC0EBC
animscripts/zombie_pain.gsc (common_zombie_patch): 0xE613FFCC
maps/_zombiemode_utility.gsc (common_zombie_patch): 0x68CF2C9F
maps/_zombiemode_server_throttle.gsc (common_zombie_patch): 0xAF60091F
animscripts/zombie_dog_stop.gsc (common_zombie): 0x43AF3539
maps/_zombiemode_weapons.gsc (raw): 0x6A2635ED
maps/_zombiemode_audio.gsc (common_zombie_patch): 0x5C77963A
maps/_busing.gsc (code_post_gfx): 0x6CDFFECC
maps/_zombiemode_weap_cymbal_monkey.gsc (common_zombie_patch): 0x06AA0365
maps/_zombiemode_powerups.gsc (common_zombie_patch): 0x13B1D5F9
maps/_zombiemode_net.gsc (common_zombie): 0xB9EEF66D
maps/_zombiemode_blockers.gsc (common_zombie_patch): 0xC6D15C62
maps/_zombiemode_perks.gsc (raw): 0xC315F20E
maps/_zombiemode.gsc (raw): 0xC7356D28
maps/_zombiemode_ffotd.gsc (common_zombie_patch): 0x71C74739
maps/_zombiemode_load.gsc (common_zombie_patch): 0x5184CFB8
animscripts/traverse/zombie_shared.gsc (common_zombie_patch): 0x1BC2F132
maps/_gamemode.gsc (code_post_gfx): 0xF30DAE8E
maps/_art.gsc (code_post_gfx): 0xEA9FCD02
maps/_loadout.gsc (common_zombie_patch): 0x7B1B4803
scripts/sp/zom/counter_script.gsc (raw): 0xE863712D
mptype/player_t5_zt.gsc (code_post_gfx): 0x2B4A1882
character/c_usa_sog2_zt.gsc (code_post_gfx): 0xA6ED1CAE
character/c_zom_blue_guy_zt.gsc (code_post_gfx): 0xE923B781
character/c_zom_yellow_guy_zt.gsc (code_post_gfx): 0x7728C4B2
mptype/player_t5_zm_pentagon.gsc (mod): 0x3685E431
character/c_usa_nixon_zt.gsc (mod): 0xF8C2AA6A
character/c_cub_castro_zt.gsc (mod): 0xF7561C64
character/c_usa_jfk_zt.gsc (mod): 0x1BADD30D
character/c_usa_mcnamara_zt.gsc (mod): 0x3204A4CD
animscripts/zombie_stop.gsc (common_zombie): 0x87DD0A71
mptype/player_t5_zm_theater.gsc (code_post_gfx): 0xE6F2C3FC
character/c_ger_richtofen_zt.gsc (code_post_gfx): 0x8B7D39CC
character/c_jap_takeo_zt.gsc (code_post_gfx): 0x7740A4BC
character/c_rus_nikolai_zt.gsc (code_post_gfx): 0x697B6220
character/c_usa_dempsey_zt.gsc (code_post_gfx): 0x97990EBB
mptype/player_t5_zm.gsc (code_post_gfx): 0x4FAE2B1D
character/c_zom_cosmo_spetznaz.gsc (zombie_cosmodrome): 0xAE1BF9F3
character/c_usa_marine_michael_carter_player_zm.gsc (code_post_gfx): 0x6C6D42E9
maps/_weaponobjects.gsc (common_zombie_patch): 0x47722B51
maps/_ballistic_knife.gsc (common_zombie_patch): 0x9A1E17A4
animscripts/zombie_dog_combat.gsc (common_zombie): 0x57F2E7D5
maps/_explosive_bolt.gsc (code_post_gfx): 0x7C2866C0
character/c_zom_cosmo_cosmonaut.gsc (zombie_cosmodrome): 0x67BB019B
maps/_flamethrower_plight.gsc (code_post_gfx): 0x8A7E001A
maps/_detonategrenades.gsc (code_post_gfx): 0xC4CB2B7A
maps/_ingamemenus.gsc (code_post_gfx): 0x930C12DF
maps/_global_fx.gsc (code_post_gfx): 0x5A84AFEB
maps/_minefields.gsc (code_post_gfx): 0x5014D0AF
maps/_hud.gsc (code_post_gfx): 0xA3CE8FF6
maps/_animatedmodels.gsc (code_post_gfx): 0x8F704272
scripts/sp/zom/zm_spawn_fix.gsc (raw): 0x59197F8C
maps/_zombiemode_claymore.gsc (common_zombie_patch): 0xFD87BC41
animscripts/zombie_dog_move.gsc (common_zombie): 0x6B389D77
maps/_zombiemode_equipment.gsc (common_zombie_patch): 0xB08B569B
maps/_zombiemode_user.gsc (common_zombie): 0x23C6F65D
maps/_zombiemode_weap_nesting_dolls.gsc (zombie_cosmodrome): 0xAE5AAE3B
maps/_zombiemode_weap_freezegun.gsc (raw): 0xFD2C9CB0
maps/_zombiemode_weap_tesla.gsc (common_zombie_patch): 0xD9A7C7DB
maps/_zombiemode_weap_thundergun.gsc (common_zombie_patch): 0x56130519
maps/_zombiemode_weap_crossbow.gsc (common_zombie_patch): 0x5BF854DC
maps/_zombiemode_ai_dogs.gsc (common_zombie_patch): 0xC3548F60
animscripts/zombie_dog_init.gsc (common_zombie): 0x0D2267C6
animscripts/zombie_scripted.gsc (common_zombie): 0xCD3A4BE1
animscripts/zombie_dog_death.gsc (common_zombie_patch): 0xFA32CD57
animscripts/zombie_dog_pain.gsc (common_zombie): 0x77F4DC06
animscripts/zombie_dog_scripted.gsc (common_zombie): 0x7999C029
animscripts/zombie_dog_turn.gsc (common_zombie): 0xC5850C78
maps/zombie_cosmodrome.gsc (raw): 0x1A0E8200
maps/createart/zombie_cosmodrome_art.gsc (zombie_cosmodrome): 0x440ACDB6
maps/zombie_cosmodrome_amb.gsc (zombie_cosmodrome): 0xE6AE4CAF
maps/_ambientpackage.gsc (code_post_gfx): 0x00000000
maps/zombie_cosmodrome_ai_monkey.gsc (zombie_cosmodrome_patch): 0xD04BE63C
maps/_zombiemode_ai_monkey.gsc (zombie_cosmodrome): 0x503B7FF3
maps/_zombiemode_weap_black_hole_bomb.gsc (raw): 0x88594D32
maps/zombie_cosmodrome_traps.gsc (zombie_cosmodrome): 0xE71E2DC1
maps/zombie_cosmodrome_lander.gsc (zombie_cosmodrome_patch): 0x15F23BB5
maps/_zombiemode_weap_sickle.gsc (zombie_cosmodrome): 0x276B69BA
maps/zombie_cosmodrome_magic_box.gsc (zombie_cosmodrome_patch): 0xCB1EE4C0
character/c_rus_nikolai_dlc2.gsc (zombie_cosmodrome): 0x9005ECFB
maps/zombie_cosmodrome_pack_a_punch.gsc (zombie_cosmodrome): 0x19B303ED
maps/zombie_cosmodrome_achievement.gsc (zombie_cosmodrome): 0x46FE58DC
mptype/player_t5_zm_cosmodrome.gsc (zombie_cosmodrome): 0x1AB78FA1
character/c_ger_richtofen_dlc2.gsc (zombie_cosmodrome): 0xA5F2ADAB
character/c_jap_takeo_dlc2.gsc (zombie_cosmodrome): 0x3DEFFD6A
character/c_usa_dempsey_dlc2.gsc (zombie_cosmodrome): 0xBFCE95CC
animscripts/traverse/zombie_mantle_over_40.gsc (zombie_cosmodrome): 0x5D73E5F8
aitype/zombie_rus_zombie_scientist.gsc (zombie_cosmodrome): 0xD6AB3BF2
character/c_zom_cosmo_scientist.gsc (zombie_cosmodrome): 0x597D853D
character/c_zom_monkey02.gsc (zombie_cosmodrome): 0x83F4D76B
xmodelalias/c_zom_cosmo_scientist_headalias.gsc (zombie_cosmodrome): 0xE8A343E9
aitype/zombie_rus_zombie_spetznaz.gsc (zombie_cosmodrome): 0x510D5C3C
xmodelalias/c_zom_cosmo_headalias.gsc (zombie_cosmodrome): 0xFC163E3B
aitype/zombie_rus_zombie_cosmonaut.gsc (zombie_cosmodrome): 0xEA7E4F9D
xmodelalias/c_zom_cosmo_cosmonaut_headalias.gsc (zombie_cosmodrome): 0xACFA71D6
animscripts/traverse/zombie_jump_down_96.gsc (zombie_cosmodrome): 0x3B674ACF
animscripts/traverse/zombie_jump_up_222.gsc (common_zombie_patch): 0xF0B93508
animscripts/traverse/zombie_jump_down_240.gsc (common_zombie_patch): 0x23739205
animscripts/traverse/zombie_jump_down_127.gsc (common_zombie_patch): 0x9FC11CF0
animscripts/traverse/zombie_jump_down_184.gsc (common_zombie_patch): 0x57DD6EAC
aitype/zombie_monkey_03.gsc (zombie_cosmodrome): 0xDAE33A17
character/c_zom_monkey03.gsc (zombie_cosmodrome): 0xE0FFADA1
animscripts/traverse/zombie_jump_down_222.gsc (common_zombie_patch): 0x9F98D417
scripts/sp/zm_random_char.gsc (raw): 0x9A88F2D1
scripts/sp/zm_spawn_fix.gsc (raw): 0x410B3C14
en_code_pre_gfx: 0xB31D0601
code_pre_gfx: 0xA46550FC
en_code_post_gfx: 0xC97D3619
code_post_gfx: 0x90FE8DC1
en_patch: 0xC2D28BEB
patch: 0xA45F9D9F
en_plutonium_ui: 0xEFCE0FA2
plutonium_ui: 0xF02CE2D6
mod: 0x9B0975DA
mod1: 0xCE3FD0C0
common_zombie_patch: 0xF1C235FF
en_common_zombie: 0x4DCF9D99
common_zombie: 0x557EBB4C
zombie_cosmodrome_patch: 0x04B55FD6
en_zombie_cosmodrome: 0x0CB10150
zombie_cosmodrome: 0x87A30F4D
pluto r5346: 0x5A9B8D5E
t5sp dedi: 0x64067F72
identifier: 1789831067-0cfc-4fdd-942d4b8c-dff9-4539-913d-b56eb8d6faa0-5346-0-1789829934-11
checksum0: 0x48924F12
checksum1: 0x000A1904
checksum2: 0x000A1904
=============================== DVAR DUMP ========================================
      aa_ads_damage_dealt "5558"
      aa_enemy_damage_taken "46151"
      aa_enemy_deaths "77"
      aa_player_damage_dealt "13677"
      aa_player_kills "56"
      acousticSpikeMaxRange "200"
      acousticSpikeMinRadius "0.0001"
      acousticSpikeMinRange "0"
      acousticSpikeRingSize "20"
      acousticSpikeSize "10"
      actionSlotsHide "0"
      ai_accu_player_lateral_speed "250"
      ai_accuracyDistScale "1"
      ai_alternateSightLatency "0"
      ai_angularYawAccelRate "1200"
      ai_angularYawDecelFactor "1"
      ai_angularYawEnabled "0"
      ai_badPathSpam "0"
      ai_corpseCount "5"
      ai_coverFlankCheckRad "6"
      ai_coverFlankDistToCover "180"
      ai_coverFlankMaxAngle "70"
      ai_coverScore_coverType "2"
      ai_coverScore_distance "16"
      ai_coverScore_engagement "4"
      ai_coverScore_flanking "0"
      ai_coverScore_nodeAngle "4"
      ai_coverScore_playerLos "8"
      ai_coverScore_priority "8"
      ai_coverScore_targetDir "4"
      ai_coverScore_visibility "8"
      ai_debugAccuracy "0"
      ai_debugAnimDeltas "0"
      ai_debugAnimscript "0"
      ai_debugClaimedNodes "0"
      ai_debugCodeState "0"
      ai_debugCoverArrivals "0"
      ai_debugCoverArrivalsTool "0"
      ai_debugCoverArrivalsToolRadius "256"
      ai_debugCoverArrivalsToolShowNodes "0"
      ai_debugCoverArrivalsToolType "0"
      ai_debugCoverEntityNum "-1"
      ai_debugCoverSelection "0"
      ai_debugCoverTool "0"
      ai_debugCoverToolUpdatePos "1"
      ai_debugEntIndex "-1"
      ai_debugFindPath "0"
      ai_debugFindPathDirect "0"
      ai_debugFindPathLock "0"
      ai_debugFindPathWidth "0"
      ai_debugGrenadeFailSafe "0"
      ai_debugGrenadeHintArc "150"
      ai_debugMayMove "0"
      ai_debugMelee "0"
      ai_debugMeleeAttackSpots "0"
      ai_debugPlayerLOS "0"
      ai_debugThreatSelection "0"
      ai_disableSpawn "0"
      ai_enableBadPlaces "1"
      ai_eventDistBadPlace "256"
      ai_eventDistBullet "96"
      ai_eventDistBulletRunning "200"
      ai_eventDistDeath "1024"
      ai_eventDistExplosion "1024"
      ai_eventDistFootstep "512"
      ai_eventDistFootstepLite "256"
      ai_eventDistGrenadePing "512"
      ai_eventDistGunShot "2048"
      ai_eventDistNewEnemy "1024"
      ai_eventDistPain "512"
      ai_eventDistProjImpact "256"
      ai_eventDistProjPing "128"
      ai_eventDistReact "512"
      ai_eventDistSilencedShot "128"
      ai_exposedSet2Probability "70"
      ai_foliageSeeThroughDist "128"
      ai_friendlyFireBlockDuration "2000"
      ai_friendlySuppression "1"
      ai_friendlySuppressionDist "128"
      ai_maxAttackerCount "2"
      ai_meleeDamage "100"
      ai_meleeHeight "10"
      ai_meleeRange "64"
      ai_meleeWidth "20"
      ai_moveOrientMode "invalid"
      ai_noDodge "0"
      ai_noPathToEnemyGiveupTime "6000"
      ai_pathMomentum "0.78"
      ai_pathNegotiationOverlapCost "300"
      ai_playerADS_LOSRange "150"
      ai_playerADSTargetTime "10000"
      ai_playerFarAccuracy "0.1"
      ai_playerFarRange "2000"
      ai_playerLOSHalfWidth "15"
      ai_playerLOSMinTime "1500"
      ai_playerLOSRange "150"
      ai_playerNearAccuracy "0.5"
      ai_playerNearRange "800"
      ai_reactFeature "1"
      ai_runAnimUpdateFrequency "0.05"
      ai_showBadPlaces "0"
      ai_ShowCanSeeChecks "0"
      ai_ShowCanshootChecks "0"
      ai_showClaimedNode "0"
      ai_showCount "0"
      ai_showCoverScore "0"
      ai_showDodge "0"
      ai_showFriendlyChains "0"
      ai_showNearestNode "0"
      ai_showNodes "0"
      ai_showNodesDist "384"
      ai_showPaths "0"
      ai_showPotentialThreatDir "0"
      ai_showRegion "0"
      ai_showSuppression "-1"
      ai_showVisData "0"
      ai_showVisDataDist "1000"
      ai_showVolume "-1"
      ai_slowdownMaxYawDiff "90"
      ai_slowdownMinRate "1"
      ai_slowdownMinYawDiff "0"
      ai_slowdownRateBlendFactor "1"
      ai_threatUpdateInterval "500"
      ai_turnAnimAngleThreshold "50"
      ai_turnRate "220"
      ai_useBetterLookahead "1"
      ai_useCheapSight "0"
      ai_useFacingTranslation "0"
      ai_useLeanRunAnimations "1"
      ai_useServerAnims "0"
      ai_useServerAnimsEntity "-1"
      ai_water_trails "0"
      aim_automelee_lunge_only_forward "0"
      all_players_are_connected "0"
      allow_zombies_german "0"
      allowHost_matchesHostedRatio "0"
      allowHost_matchesHostedStreak "0"
      allowHost_matchesPlayedRatio "0"
      allowHost_matchesPlayedStreak "0"
      ammoCounterHide "0"
      angles "0"
      anim_disableWeaponSway "0"
      animated_trees_enabled "0"
      arcademode "0"
      arcademode_bonus_hardest2kill "1200"
      arcademode_bonus_mostheadshots "800"
      arcademode_bonus_mostrevives "1000"
      arcademode_ks_10 "3"
      arcademode_ks_2 "3"
      arcademode_ks_3 "3"
      arcademode_ks_4 "3"
      arcademode_ks_5 "3"
      arcademode_ks_6 "4"
      arcademode_ks_7 "4"
      arcademode_ks_8 "4"
      arcademode_ks_9 "3"
      arcademode_ks_maxtime "25"
      arcademode_ks_time_10 "20"
      arcademode_ks_time_2 "15"
      arcademode_ks_time_3 "15"
      arcademode_ks_time_4 "15"
      arcademode_ks_time_5 "20"
      arcademode_ks_time_6 "20"
      arcademode_ks_time_7 "20"
      arcademode_ks_time_8 "20"
      arcademode_ks_time_9 "20"
      arcademode_minimumAllowedPoints "-2000"
      arcademode_minimumAllowedSuicides "5"
      arcademode_minimumAllowedWarning "-1000"
      arcademode_score_assist "20"
      arcademode_score_banzai "150"
      arcademode_score_berserker "20"
      arcademode_score_body_armor "20"
      arcademode_score_bombplant "200"
      arcademode_score_dead_hands "20"
      arcademode_score_dirtyharry "10"
      arcademode_score_dog "90"
      arcademode_score_enemyexitingcar "80"
      arcademode_score_explodableitem "30"
      arcademode_score_explosion "10"
      arcademode_score_flak_jacket "10"
      arcademode_score_hard_headed "20"
      arcademode_score_hardcore "10"
      arcademode_score_headshot "60"
      arcademode_score_kill "50"
      arcademode_score_laststand "-110"
      arcademode_score_lowerbody "0"
      arcademode_score_melee "70"
      arcademode_score_morphine "10"
      arcademode_score_revive "100"
      arcademode_score_sticksstones "20"
      arcademode_score_suicide "-500"
      arcademode_score_tank "500"
      arcademode_score_tank_friendly "-50"
      arcademode_score_tankassist "100"
      arcademode_score_thunder "10"
      arcademode_score_treehugger "100"
      arcademode_score_upperbody "20"
      arcademode_score_vampire "10"
      arcademode_score_vehicle "30"
      arcademode_score_watertower "150"
      arcademode_score_zombie "10"
      autodifficulty_frac "75"
      autodifficulty_original_setting "1"
      autodifficulty_playerDeathTimer "0"
      band_12players "384000"
      band_18players "580000"
      band_2players "64000"
      band_4players "128000"
      band_6players "192000"
      band_8players "256000"
      band_demosystem "64000"
      bandwidth_retry_interval "180000"
      bg_ads "1"
      bg_aimSpreadMoveSpeedThreshold "11"
      bg_aqs "0"
      bg_aqsStyle "2"
      bg_blendTimeOverride "-1"
      bg_bobMax "8"
      bg_collectibles "0000000000000000000000000000000000000000000000000"
      bg_disableWeaponPlantingInWater "1"
      bg_drawGrenadeInHand "0"
      bg_fallDamageMaxHeight "350"
      bg_fallDamageMinHeight "128"
      bg_fixFramerateDependentPhysics "0"
      bg_foliagesnd_fastinterval "500"
      bg_foliagesnd_maxspeed "180"
      bg_foliagesnd_minspeed "40"
      bg_foliagesnd_resetinterval "500"
      bg_foliagesnd_slowinterval "1500"
      bg_forceDurationOverride "-1"
      bg_forceExplosiveBullets "0"
      bg_freeCamClipToHeliPatch "1"
      bg_gravity "800"
      bg_gunXOffset "0"
      bg_ladder_yawcap "100"
      bg_leanAmount "20"
      bg_legYawCrouchTolerance "40"
      bg_legYawProneTolerance "20"
      bg_legYawTolerance "40"
      bg_lowGravity "400"
      bg_maxGrenadeIndicatorSpeed "100"
      bg_maxWeaponAnimScale "0.66"
      bg_moonGravity "136"
      bg_plantInWaterDepth "5"
      bg_playStandToCrouchAnims "0"
      bg_prone_yawcap "85"
      bg_proneSwingSpeed "0.08"
      bg_shock_animation "0"
      bg_shock_lookControl "1"
      bg_shock_lookControl_fadeTime "2"
      bg_shock_lookControl_maxpitchspeed "90"
      bg_shock_lookControl_maxyawspeed "90"
      bg_shock_lookControl_mousesensitivityscale "0.5"
      bg_shock_movement "1"
      bg_shock_screenBlurBlendFadeTime "1"
      bg_shock_screenBlurBlendTime "0.4"
      bg_shock_screenFlashShotFadeTime "0"
      bg_shock_screenFlashWhiteFadeTime "0"
      bg_shock_screenType "blurred"
      bg_shock_sound "1"
      bg_shock_soundDryLevel "1"
      bg_shock_soundEnd "shellshock_end"
      bg_shock_soundEndAbort "shellshock_end_abort"
      bg_shock_soundFadeInTime "0.25"
      bg_shock_soundFadeOutTime "2.5"
      bg_shock_soundLoop "shellshock_loop"
      bg_shock_soundLoopEndDelay "-3"
      bg_shock_soundLoopFadeTime "1.5"
      bg_shock_soundLoopSilent "shellshock_loop_silent"
      bg_shock_soundModEndDelay "2"
      bg_shock_soundRoomType "default"
      bg_shock_soundSnapshot "default"
      bg_shock_soundWetLevel "0.5"
      bg_shock_viewKickFadeTime "3"
      bg_shock_viewKickPeriod "0.75"
      bg_shock_viewKickRadius "0.05"
      bg_shock_visionset_inTime "0"
      bg_shock_visionset_name ""
      bg_shock_visionset_outTime "0"
      bg_slopeFrames "10"
      bg_swingSpeed "0.15"
      bg_viewBobAmplitudeBase "0.16"
      bg_viewBobAmplitudeDtp "0.002 0.002"
      bg_viewBobAmplitudeDucked "0.0075 0.0075"
      bg_viewBobAmplitudeDuckedAds "0.0075 0.0075"
      bg_viewBobAmplitudeProne "0.08 0.04"
      bg_viewBobAmplitudeRoll "1.5"
      bg_viewBobAmplitudeSprinting "0.02 0.014"
      bg_viewBobAmplitudeStanding "0.007 0.007"
      bg_viewBobAmplitudeStandingAds "0.007 0.007"
      bg_viewBobAmplitudeSwimming "3 2"
      bg_viewKickMax "90"
      bg_viewKickMin "0.5"
      bg_viewKickRandom "0.4"
      bg_viewKickScale "0.2"
      bg_vsmode_hud "0"
      bg_weaponBobAmplitudeBase "0.16"
      bg_weaponBobAmplitudeDtp "0.002 0.002"
      bg_weaponBobAmplitudeDucked "0.045 0.025"
      bg_weaponBobAmplitudeProne "0.02 0.005"
      bg_weaponBobAmplitudeRoll "1.5"
      bg_weaponBobAmplitudeSprinting "0.02 0.014"
      bg_weaponBobAmplitudeStanding "0.055 0.025"
      bg_weaponBobAmplitudeSwimming "4 4"
      bg_weaponBobFrequencySwimming "0.1"
      bg_weaponBobHeavyWeaponScalar "1.5"
      bg_weaponBobLag "0.25"
      bg_weaponBobMax "8"
      bg_weaponForcedLowMaxAngles "0 0 0"
      bg_weaponForcedLowMaxAnglesPistolsOffset "0 0 0"
      bg_weaponForcedLowOffset "3 -2 -2"
      bg_weaponForcedLowPistolsOffset "3 -2 -2"
      bg_weaponleftbone "tag_weapon_left"
      bg_weaponrightbone "tag_weapon_right"
      blackopsmode "0"
      blurpain "on"
      bullet_multikill_shots "2"
      bullet_penetration_affected_by_team "1"
      bullet_penetrationEnabled "1"
      bullet_penetrationMinFxDist "30"
      bulletrange "8192"
      category "0"
      categoryPlaylist "0"
      cg_actorBurnTransitionTime "3.5"
      cg_adsZoomToggleStyle "1"
      cg_adsZScaleMax "1.25"
      cg_aggressiveCullRadius "0"
      cg_aimAssistEnabled "1"
      cg_allow_mature "1"
      cg_allowActorLookAtEntity "1"
      cg_animdumpEnt "-1"
      cg_animInfoCornerOffset "0 0"
      cg_blood "1"
      cg_bloodLimit "0"
      cg_bloodLimitMsec "330"
      cg_bobWeaponAmplitude "0.16"
      cg_bobWeaponLag "0.25"
      cg_bobWeaponMax "10"
      cg_bobWeaponRollAmplitude "1.5"
      cg_brass "1"
      cg_bulletlength "80"
      cg_bulletwidth "2"
      cg_cameraUseTagCamera "1"
      cg_cameraVehicleExitTweenTime "0.4"
      cg_cameraWaterClip "4.5"
      cg_centertime "5"
      cg_chatHeight "5"
      cg_chatTime "12000"
      cg_cinematicFullscreen "1"
      cg_connectionIconSize "0"
      cg_constantSizeHeadIcons "0"
      cg_corpseHighlightFadeTime "2"
      cg_crosshairAlpha "1"
      cg_crosshairAlphaMin "0.5"
      cg_crosshairDynamic "0"
      cg_crosshairEnemyColor "1"
      cg_cursorHints "4"
      cg_deathScreenFadeInTime "2"
      cg_deathScreenFadeOutTime "0.5"
      cg_debug_overlay_viewport "0"
      cg_debug_triggers "0"
      cg_debugAnimData "0"
      cg_debugAnimSetup "0"
      cg_debugDrawEllipses "0"
      cg_debugDrawSafeAreas "0"
      cg_debugEllipsesOffset "90"
      cg_debugevents "0"
      cg_debugInfoCornerOffset "0 16"
      cg_debugMounting "0"
      cg_debugposition "0"
      cg_defaultFadeScreenColor "0 0 0 1"
      cg_defensive_anim_delay "1"
      cg_descriptiveText "1"
      cg_development "0"
      cg_dissolveTransitionTime "0.625"
      cg_dof_useDefaultForVehicle "1"
      cg_draw2D "1"
      cg_drawAnimInfo "0"
      cg_drawBreathHint "1"
      cg_drawChecksums "0"
      cg_drawCrosshair "1"
      cg_drawCrosshair3D "1"
      cg_drawCrosshairNames "1"
      cg_drawCrosshairNamesPosX "300"
      cg_drawCrosshairNamesPosY "180"
      cg_drawDisconnect "1"
      cg_drawEntityUsage "0"
      cg_drawEventUsage "0"
      cg_drawFPS "Off"
      cg_drawFPSLabels "1"
      cg_drawFPSScale "0"
      cg_drawFriendlyFireCrosshair "0"
      cg_drawFriendlyNames "1"
      cg_drawGun "1"
      cg_drawHealth "0"
      cg_drawHUD "1"
      cg_drawIdentifier "0"
      cg_drawLagometer "0"
      cg_drawMantleHint "1"
      cg_drawMaterial "Off"
      cg_drawMemUsage "0"
      cg_drawModelAxis "-1"
      cg_drawOverheadNames "1"
      cg_drawpaused "1"
      cg_drawPerformanceWarnings "1"
      cg_drawReset "0"
      cg_drawScriptUsage "0"
      cg_drawShellshock "1"
      cg_drawSnapshot "0"
      cg_drawSnapshotTime "1"
      cg_drawSpectatorMessages "0"
      cg_drawStringUsage "0"
      cg_drawThroughWalls "0"
      cg_drawTurretCrosshair "1"
      cg_drawVelocity "0"
      cg_drawVersion "0"
      cg_drawVersionX "50"
      cg_drawVersionY "18"
      cg_drawViewAngles "0"
      cg_drawWeaponHeatVertical "0"
      cg_drawZmOverheadRank "0"
      cg_drawZombieTotal "0"
      cg_dumpAnims "-1"
      cg_enemyNameFadeIn "250"
      cg_enemyNameFadeOut "250"
      cg_errordecay "100"
      cg_fakefireWizbyChance "0.2"
      cg_firstPersonTracerChance "0"
      cg_flareVisionSetFadeDuration "2000"
      cg_flashScriptHashes "0"
      cg_footprints "1"
      cg_footprintsDebug "0"
      cg_footprintsDistortWater "0"
      cg_footsteps "1"
      cg_forceSniperBobHack "0"
      cg_fov "65"
      cg_fov_default "65"
      cg_fov_default_thirdperson "40"
      cg_fovCompMax "85"
      cg_fovExtraCam "65"
      cg_fovMin "10"
      cg_fovScale "1"
      cg_friendlyNameFadeIn "0"
      cg_friendlyNameFadeOut "1500"
      cg_fuelHudVersion "1"
      cg_gameBoldMessageWidth "390"
      cg_gameMessageWidth "455"
      cg_GuidedMissileHighlightTargetSize "750"
      cg_gun_fovcomp_x "-2"
      cg_gun_fovcomp_y "0"
      cg_gun_fovcomp_z "0"
      cg_gun_move_f "0"
      cg_gun_move_minspeed "0"
      cg_gun_move_r "0"
      cg_gun_move_rate "0"
      cg_gun_move_u "0"
      cg_gun_ofs_f "0"
      cg_gun_ofs_r "0"
      cg_gun_ofs_u "0"
      cg_gun_rot_minspeed "0"
      cg_gun_rot_p "0"
      cg_gun_rot_r "0"
      cg_gun_rot_rate "0"
      cg_gun_rot_y "0"
      cg_gun_x "0"
      cg_gun_y "0"
      cg_gun_z "0"
      cg_headIconMinScreenRadius "0.02"
      cg_hideWeaponHeat "0"
      cg_hintFadeTime "100"
      cg_hudBottomSemimajor "300"
      cg_hudBottomSemiminor "150"
      cg_hudChatPosition "5 200"
      cg_hudDamageIconHeight "64"
      cg_hudDamageIconInScope "0"
      cg_hudDamageIconOffset "128"
      cg_hudDamageIconTime "2000"
      cg_hudDamageIconWidth "128"
      cg_hudFriendlyIndicatorHeight "24"
      cg_hudFriendlyIndicatorWidth "24"
      cg_hudGrenadeIconEnabledFlash "0"
      cg_hudGrenadeIconHeight "25"
      cg_hudGrenadeIconInScope "1"
      cg_hudGrenadeIconMaxHeight "104"
      cg_hudGrenadeIconMaxRangeFlash "500"
      cg_hudGrenadeIconMaxRangeFrag "250"
      cg_hudGrenadeIconOffset "50"
      cg_hudGrenadeIconShowFriendly "1"
      cg_hudGrenadeIconWidth "25"
      cg_hudGrenadeIndicatorFadeUp "1"
      cg_hudGrenadeIndicatorStartColor "1 1 1 1"
      cg_hudGrenadeIndicatorTargetColor "1 1 1 1"
      cg_hudGrenadePointerHeight "12"
      cg_hudGrenadePointerPivot "12 27"
      cg_hudGrenadePointerPulseFreq "1.7"
      cg_hudGrenadePointerPulseMax "1.85"
      cg_hudGrenadePointerPulseMin "0.3"
      cg_hudGrenadePointerWidth "25"
      cg_hudMapBorderWidth "2"
      cg_hudMapFriendlyHeight "15"
      cg_hudMapFriendlyWidth "15"
      cg_hudMapPlayerHeight "20"
      cg_hudMapPlayerWidth "20"
      cg_hudMapRadarLineThickness "0.15"
      cg_hudProneY "-160"
      cg_hudSayPosition "5 180"
      cg_hudStanceFlash "1 1 1 1"
      cg_hudStanceHintPrints "0"
      cg_hudTopSemimajor "400"
      cg_hudTopSemiminor "220"
      cg_infraredBlurTime "250"
      cg_infraredHighlightOffset "0.5"
      cg_infraredHighlightScale "200"
      cg_invalidCmdHintBlinkInterval "600"
      cg_invalidCmdHintDuration "1800"
      cg_laserEndOffset "0.5"
      cg_laserFlarePct "0.2"
      cg_laserForceOn "0"
      cg_laserLight "1"
      cg_laserLightBeginOffset "13"
      cg_laserLightBodyTweak "15"
      cg_laserLightEndOffset "-3"
      cg_laserLightRadius "3"
      cg_laserRadius "0.8"
      cg_laserRange "1500"
      cg_laserRangePlayer "1500"
      cg_mapLocationSelectionCursorSpeed "0.6"
      cg_mapLocationSelectionRotationSpeed "3"
      cg_marks_ents_player_only "0"
      cg_marqueeTimeScale "30"
      cg_mature "1"
      cg_MaxDownedPulseRate "2"
      cg_MinDownedPulseRate "0.5"
      cg_motionblur_duration "2500"
      cg_motionblur_fadeout "500"
      cg_nopredict "0"
      cg_objectiveIndicatorColor "1 0.94 0 1"
      cg_objectiveIndicatorFarDist "512"
      cg_objectiveIndicatorFarFadeDist "8192"
      cg_objectiveIndicatorFarScale "0.5"
      cg_objectiveIndicatorNearDist "256"
      cg_objectiveIndicatorNearFadeDist "256"
      cg_objectiveIndicatorSize "0.8"
      cg_objectiveListWrapCountStandard "600"
      cg_objectiveListWrapCountWidescreen "530"
      cg_overheadIconSize "0.9"
      cg_overheadNamesFarDist "512"
      cg_overheadNamesFarScale "0.7"
      cg_overheadNamesFont "2"
      cg_overheadNamesGlow "0 0 0 1"
      cg_overheadNamesMaxDist "10000"
      cg_overheadNamesNearDist "64"
      cg_overheadNamesSize "0.8"
      cg_overheadRankSize "0.7"
      cg_playerFrustumHalfHeight "36"
      cg_playersInViewMinDot "0.98"
      cg_playerState "0"
      cg_predictItems "1"
      cg_readTitleStorageLocally "0"
      cg_scoreboardBannerHeight "35"
      cg_scoreboardFont "3"
      cg_scoreboardForceArcade "0"
      cg_scoreboardHeaderFontScale "0.315"
      cg_scoreboardHeight "330"
      cg_scoreboardItemHeight "18"
      cg_scoreboardMyColor "1 0.8 0.4 1"
      cg_scoreboardPingGraph "0"
      cg_scoreboardPingHeight "0.7"
      cg_scoreboardPingText "1"
      cg_scoreboardPingWidth "0.036"
      cg_scoreboardRankFontScale "0.26"
      cg_scoreboardScrollStep "3"
      cg_scoreboardSplitscreenWidth "700"
      cg_scoreboardTextOffset "0.62"
      cg_scoreboardWidth "500"
      cg_ScoresColor_Gamertag_0 "1 1 1 0"
      cg_ScoresColor_Gamertag_1 "0.486275 0.811765 0.933333 0"
      cg_ScoresColor_Gamertag_2 "0.964706 0.792157 0.313726 0"
      cg_ScoresColor_Gamertag_3 "0.513726 0.92549 0.533333 0"
      cg_ScoresColor_Player "0.760784 0.780392 0.101961 1"
      cg_ScoresColor_Player_0 "0.0235294 0.168627 0.203922 0"
      cg_ScoresColor_Player_1 "0.447059 0.380392 0.2 0"
      cg_ScoresColor_Player_2 "0.0235294 0.172549 0.113725 0"
      cg_ScoresColor_Player_3 "0.196078 0.0588235 0.0470588 0"
      cg_ScoresColor_Transparency "0.35"
      cg_ScoresColor_TransparencyZombie "0.8"
      cg_ScoresColor_Zombie "0.423529 0.00392157 0 0"
      cg_ScoresPing_BgColor "0.25098 0.25098 0.25098 0.501961"
      cg_ScoresPing_HighColor "0.8 0 0 1"
      cg_ScoresPing_Interval "100"
      cg_ScoresPing_LowColor "0 0.74902 0 1"
      cg_ScoresPing_MaxBars "4"
      cg_ScoresPing_MedColor "0.8 0.8 0 1"
      cg_scriptIconSize "0"
      cg_showmiss "0"
      cg_showZombieControls "0"
      cg_showZombieMap "1"
      cg_small_dev_string_fontscale "1"
      cg_spectateThirdPerson "0"
      cg_subtitleMinTime "3"
      cg_subtitles "0"
      cg_subtitleWidthStandard "360"
      cg_subtitleWidthWidescreen "520"
      cg_teamChatsOnly "0"
      cg_thirdPerson "0"
      cg_thirdPersonAngle "0"
      cg_thirdPersonFocusDist "512"
      cg_thirdPersonMode "Fixed"
      cg_thirdPersonRange "120"
      cg_timedDamageDuration "500"
      cg_tracerchance "0.2"
      cg_tracerlength "100"
      cg_tracerNoDrawTime "0"
      cg_tracerScale "1"
      cg_tracerScaleDistRange "25000"
      cg_tracerScaleMinDist "5000"
      cg_tracerScrewDist "100"
      cg_tracerScrewRadius "0.15"
      cg_tracerSpeed "7500"
      cg_tracerwidth "3"
      cg_treadmarks "0"
      cg_ufo_scaler "6"
      cg_useWeaponBasedVariableZoom "0"
      cg_useWeaponSwitchReloadCancel "1"
      cg_usingClientScripts "1"
      cg_viewVehicleInfluenceGunner "1 1 1"
      cg_viewVehicleInfluenceGunnerFiring "0 0 0"
      cg_viewZSmoothingMax "16"
      cg_viewZSmoothingMin "1"
      cg_viewZSmoothingTime "0.1"
      cg_visionSetLerpMaxDecreasePerFrame "0.01"
      cg_visionSetLerpMaxIncreasePerFrame "0.02"
      cg_voiceIconSize "0"
      cg_watersheeting "1"
      cg_waterTrailRipple "1"
      cg_waterTrailRippleFrequency "600"
      cg_waterTrailRippleVariance "500"
      cg_weaponCycleDelay "0"
      cg_weaponHintsCoD1Style "1"
      cg_youInKillCamSize "6"
      cl_allowDownload "1"
      cl_analog_attack_threshold "0.8"
      cl_anglespeedkey "1.5"
      cl_autodemorecord "0"
      cl_avidemo "0"
      cl_bypassMouseInput "0"
      cl_connectionAttempts "100"
      cl_connectTimeout "200"
      cl_dblTapMaxDelayTime "500"
      cl_dblTapMaxHoldTime "500"
      cl_demoFFSpeed "0"
      cl_demoLiveStreaming "0"
      cl_demoSkipToTime "0"
      cl_dtpHoldTime "200"
      cl_enableStreamerMode "0"
      cl_fix_25day_blackscreen "1"
      cl_forceavidemo "0"
      cl_freelook "1"
      cl_freemoveScale "0.25"
      cl_freezeDemo "0"
      cl_hudDrawsBehindUI "1"
      cl_ingame "0"
      cl_inputTimeScaleFrac "0"
      cl_jumpDemoTime "0"
      cl_maxpackets "30"
      cl_maxPing "800"
      cl_motdString ""
      cl_mouseAccel "0"
      cl_network_warning "0"
      cl_nodelta "0"
      cl_noprint "0"
      cl_packetdup "1"
      cl_paused "0"
      cl_pauseDemo "0"
      cl_pitchspeed "140"
      cl_preventTvGuidedSpin "1"
      cl_punkbuster "0"
      cl_scoreDraw "1"
      cl_serverStatusResendTime "750"
      cl_showmouserate "0"
      cl_shownet "0"
      cl_shownuments "0"
      cl_showSend "0"
      cl_showServerCommands "0"
      cl_showTimeDelta "0"
      cl_stanceHoldTime "300"
      cl_talking "0"
      cl_timeout "30"
      cl_viewport_lerptime "0.15"
      cl_voice "1"
      cl_wadefps "0"
      cl_yawspeed "140"
      clancard_clanid "0"
      clanMessageLastFetchTime "0"
      clanName ""
      codMessageLastFetchTime "0"
      collectors "0"
      com_animCheck "0"
      com_busyWait "0"
      com_desiredMenu "0"
      com_errorMessage "Couldn't find the bsp for this map.  Please build the fast file associated with maps/zm_moon.d3dbsp and try again."
      com_errorTitle "Error"
      com_filter_output "0"
      com_first_time "0"
      com_first_time_pc "1"
      com_freemoveScale "1"
      com_introPlayed "1"
      com_loadRawStringtables "0"
      com_maxclients "4"
      com_maxfps "85"
      com_maxFrameTime "100"
      com_movieIsPlaying "0"
      com_recommendedSet "1"
      com_startupIntroPlayed "1"
      com_statmon "0"
      com_timescale "1"
      com_useRawUDP "1"
      com_voip_bandwidth_restricted "1"
      com_voip_disable_threshold "1200"
      com_voip_resume_time "0"
      compass "1"
      compassClampIcons "1"
      compassCoords "740 3590 400"
      compassECoordCutoff "37"
      compassEnemyFootstepEnabled "0"
      compassEnemyFootstepMaxRange "500"
      compassEnemyFootstepMaxZ "100"
      compassEnemyFootstepMinSpeed "140"
      compassForcePlayerIcon "0"
      compassFriendlyHeight "10"
      compassFriendlyWidth "10"
      compassGridAlign "0"
      compassGridCols "5"
      compassGridEnabled "1"
      compassGridRows "5"
      compassIconOtherVehHeight "40"
      compassIconOtherVehWidth "40"
      compassIconTankHeight "25"
      compassIconTankWidth "25"
      compassLocalRadarRadius "700"
      compassLocalRadarUpdateTime "2.25"
      compassMaxRange "3500"
      compassMinRadius "0.0001"
      compassMinRange "0.0001"
      compassObjectiveArrowHeight "20"
      compassObjectiveArrowOffset "2"
      compassObjectiveArrowRotateDist "5"
      compassObjectiveArrowWidth "20"
      compassObjectiveDetailDist "10"
      compassObjectiveDrawLines "1"
      compassObjectiveHeight "20"
      compassObjectiveIconHeight "32"
      compassObjectiveIconHeightZombie "16"
      compassObjectiveIconWidth "32"
      compassObjectiveIconWidthZombie "16"
      compassObjectiveMaxHeight "70"
      compassObjectiveMaxRange "2048"
      compassObjectiveMinAlpha "1"
      compassObjectiveMinDistRange "2"
      compassObjectiveMinHeight "-70"
      compassObjectiveNearbyDist "8"
      compassObjectiveNumRings "10"
      compassObjectiveRingSize "80"
      compassObjectiveRingTime "10000"
      compassObjectiveTextHeight "18"
      compassObjectiveTextScale "0.3"
      compassObjectiveWidth "20"
      compassPartialType "0"
      compassPlayerHeight "25"
      compassPlayerWidth "25"
      compassRadarLineThickness "0.4"
      compassRadarPingFadeTime "4"
      compassRadarUpdateFastTime "2"
      compassRadarUpdateTime "4"
      compassRotation "1"
      compassSatellitePingFadeTime "10"
      compassSatelliteScanTime "1000"
      compassSatelliteStaticImageFadeTime "0"
      compassScaleDiff "0"
      compassScaleDuration "0"
      compassScaleReset "0"
      compassScaleTimer "0"
      compassShowEnemies "1"
      compassSize "1"
      compassSoundPingFadeTime "2"
      compassSpectatorsSeeEnemies "0"
      compassStaticImageUpdateTime "5000"
      compassTickertapeStretch "0.5"
      con_default_console_filter "*"
      con_displayRconOutput "0"
      con_errormessagetime "8"
      con_gameMsgWindow0FadeInTime "0.25"
      con_gameMsgWindow0FadeOutTime "0.5"
      con_gameMsgWindow0Filter "gamenotify obituary"
      con_gameMsgWindow0LineCount "6"
      con_gameMsgWindow0MsgTime "5"
      con_gameMsgWindow0ScrollTime "0.25"
      con_gameMsgWindow0SplitscreenScale "1.5"
      con_gameMsgWindow1FadeInTime "0.25"
      con_gameMsgWindow1FadeOutTime "0.01"
      con_gameMsgWindow1Filter "boldgame"
      con_gameMsgWindow1LineCount "6"
      con_gameMsgWindow1MsgTime "8"
      con_gameMsgWindow1ScrollTime "0.25"
      con_gameMsgWindow1SplitscreenScale "1.5"
      con_gameMsgWindow2FadeInTime "0.75"
      con_gameMsgWindow2FadeOutTime "0.5"
      con_gameMsgWindow2Filter "subtitle"
      con_gameMsgWindow2LineCount "7"
      con_gameMsgWindow2MsgTime "5"
      con_gameMsgWindow2ScrollTime "0.25"
      con_gameMsgWindow2SplitscreenScale "1.5"
      con_gameMsgWindow3FadeInTime "0.25"
      con_gameMsgWindow3FadeOutTime "0.5"
      con_gameMsgWindow3Filter "coopinfo"
      con_gameMsgWindow3LineCount "6"
      con_gameMsgWindow3MsgTime "5"
      con_gameMsgWindow3ScrollTime "0.25"
      con_gameMsgWindow3SplitscreenScale "1.5"
      con_inputBoxColor "0.25 0.25 0.2 1"
      con_inputHintBoxColor "0.4 0.4 0.35 1"
      con_matchPrefixOnly "1"
      con_minicon "0"
      con_miniconlines "5"
      con_minicontime "4"
      con_outputBarColor "1 1 0.95 0.6"
      con_outputSliderColor "0.15 0.15 0.1 0.6"
      con_outputWindowColor "0.35 0.35 0.3 0.75"
      con_typewriterColorBase "1 1 1"
      con_typewriterColorGlowCheckpoint "0.6 0.5 0.6 1"
      con_typewriterColorGlowCompleted "0 0.3 0.8 1"
      con_typewriterColorGlowFailed "0.8 0 0 1"
      con_typewriterColorGlowUpdated "0 0.6 0.18 1"
      con_typewriterDecayDuration "1000"
      con_typewriterDecayStartTime "4000"
      con_typewriterEnabledSounds "0"
      con_typewriterPrintSpeed "40"
      coop_difficulty_scaling "1"
      counterDownloadInterval "15"
      counterUploadInterval "15"
      createpublicserver "0"
      credits_active "0"
      credits_frommenu "0"
      credits_load "0"
      crossbow_impaleAdditionalRagdollTime "8"
      crossbow_impaleGravityRampTime "0.5"
      crossbow_impaleGravityScale "0.05"
      crossbow_impaleProjectileSlowdown "0.017"
      crossbow_impaleSlideSpeed "10"
      crossbow_impaleSlideTime "1"
      crossbow_impaleStuckTime "3"
      currentDifficulty "normal"
      customclass1 "CUSTOM 1"
      customclass2 "CUSTOM 2"
      customclass3 "CUSTOM 3"
      customclass4 "CUSTOM 4"
      customclass5 "CUSTOM 5"
      ddl_verbose "0"
      debug "0"
      debug_ai_supplement "0"
      debug_rope "0"
      debug_start ""
      debug_trace "0"
      debug_triggers "0"
      debugCurves "0"
      DebugFireManager "0"
      debugRenderBrushes "0"
      debugRenderBulletMeshes "0"
      debugRenderCollisionDistance "800"
      debugRenderColoredPatches "0"
      debugRenderEntityBrushes "0"
      debugRenderGjkTraceGeom "0"
      debugRenderMask "All"
      debugRenderPatches "0"
      debugRenderPlayerCollision "0"
      debugRenderStaticModelsBounds "0"
      debugStats "1"
      dec20_Enabled "0"
      dedicated "dedicated internet server"
      defaultDamageDuration "300"
      defaultDamageInterval "300"
      defaultHitDamage "5"
      developer "0"
      developer_script "0"
      disableHost_matchesHostedRatio "0"
      disableHost_matchesHostedStreak "0"
      disableHost_matchesPlayedRatio "0"
      disableHost_matchesPlayedStreak "0"
      disconnected_ctrls ""
      dive2swim "200"
      dive_recharge "1000"
      dlc1 "1"
      dlc2 "1"
      dlc3 "1"
      dlc4 "1"
      dlc5 "1"
      dog_MeleeDamage "150"
      dog_turn180_angle "135"
      dog_turn90_angle "70"
      dog_turn_min_goal_dist "40"
      door_breach_weapondrop "1"
      doublesided_raycasts "0"
      drew_notes "4"
      dtp "1"
      dtp_exhaustion_window "1500"
      dtp_fall_damage_max_height "200"
      dtp_fall_damage_min_height "65"
      dtp_max_apex_duration "400"
      dtp_max_slide_addition "0"
      dtp_max_slide_duration "300"
      dtp_min_speed "3.16"
      dtp_new_trajectory "1"
      dtp_new_trajectory_multiplier "2"
      dtp_post_move_pause "100"
      dtp_startup_delay "250"
      dump_assets "0"
      dumpStaticModels "0"
      dw_active "1"
      dw_dupe_key "0"
      dw_loggedin "1"
      dw_numaccounts "-1"
      dw_party_active "1"
      dw_popup ""
      dw_user0 ""
      dw_user1 ""
      dw_user2 ""
      dw_user3 ""
      dw_user4 ""
      dwFileFetchTryIntervalBase "2"
      dwFileFetchTryIntervalMax "30"
      dwFileFetchTryMaxAttempts "30"
      dynEnt_bulletForce "800"
      dynEnt_damageRadiusScale "1"
      dynEnt_explodeForce "12500"
      dynEnt_explodeMaxEnts "20"
      dynEnt_explodeMinForce "40"
      dynEnt_explodeSpinScale "4"
      dynEnt_explodeUpbias "0.5"
      dynEnt_sentientAutoActivate "1"
      dynEnt_spawnedLimit "50"
      dynEntPieces_angularVelocity "0 0 0"
      dynEntPieces_impactForce "1000"
      dynEntPieces_velocity "0 0 0"
      emblem_scroll_delay_first "150"
      emblem_scroll_delay_rest "50"
      enable_global_wind "1"
      enable_grass_wind "1"
      enable_moving_paths "1"
      enable_new_prone_check "1"
      eventMessageLastFetchTime "0"
      facepaintLodDist "1250"
      factoryAftereffectOverride "-1"
      fallback "0"
      fire_audio_random_max_duration "1000"
      fire_audio_repeat_duration "1500"
      fire_burn_time "3000"
      fire_world_damage "5"
      fire_world_damage_duration "5"
      fire_world_damage_rate "1"
      fix_mouse_lag "0"
      fixedtime "0"
      flame_config_valid "0"
      flame_debug_render "0"
      flame_kick_offset "-2 0 -0.5"
      flame_kick_recover_speed "4"
      flame_kick_speed "4"
      flame_render "1"
      flame_team_damage "0"
      flame_test "0"
      flame_use_dvars "0"
      flameVar_editingFlameTable "none"
      flameVar_lastFlameTable "none"
      flare_distance_scale "16"
      flare_duration "8"
      flare_effect_radius "400"
      flareBurnOutFadeWait "0.65"
      flareDisableEffects "0"
      flareLookAwayFadeWait "0.45"
      footstep_sounds_cutoff "1000"
      friction "5.5"
      friendlyfire_enabled "0"
      friendlyNameFontColor "0.9 1 0.9 0.7"
      friendlyNameFontGlowColor "0 0.3 0 1"
      friendlyNameFontObjective "1"
      friendlyNameFontSize "0.3"
      friendlyNameSplitScreenFontSize "0.4"
      friendlySaveFromDog "0"
      fs_basegame ""
      fs_basepath "C:\T5Server"
      fs_cdpath ""
      fs_copyfiles "0"
      fs_debug "0"
      fs_game "mods/BO1_more_perks_and_weapons"
      fs_homepath "C:\Users\ThiccBoi\AppData\Local\Plutonium\storage\t5"
      fs_ignoreLocalized "0"
      fs_restrict "0"
      fs_usedevdir "0"
      fs_userDocuments "\Activision\CoD"
      fs_usermapdir ""
      fx_marks "1"
      fxfrustumCutoff "1000"
      g_ai "1"
      g_aiEventDump "-1"
      g_allowvote "1"
      g_antilag "1"
      g_banIPs ""
      g_banzai_flank_attack "0"
      g_banzai_max_target_distance "1000"
      g_banzai_player_fov_buffer "0.2"
      g_changelevel_time "0"
      g_clonePlayerMaxVelocity "80"
      g_compassShowEnemies "0"
      g_connectpaths "0"
      g_console_log "console.log"
      g_console_log_count "10"
      g_console_log_rolling_archival "1"
      g_deadChat "0"
      g_deathDelay "4000"
      g_debugaccuracy "0"
      g_debugBullets "0"
      g_debugDamage "0"
      g_debugLocDamage "0"
      g_debugLocDamageEntity "-1"
      g_debugLocHit "0"
      g_debugLocHitTime "500"
      g_drawEntBBoxes "0"
      g_drawGrenadeHints "0"
      g_dropForwardSpeed "10"
      g_dropHorzSpeedRand "100"
      g_dropUpSpeedBase "10"
      g_dropUpSpeedRand "5"
      g_dumpAnims "-1"
      g_dumpAnimsCommands "-1"
      g_dumpAnimsNetwork "-1"
      g_dumpAnimsReduceSpam "0"
      g_earthquakeEnable "1"
      g_enteqDelay "150"
      g_enteqDist "4000"
      g_enteqEnable "0"
      g_entinfo "off"
      g_entinfo_AItext "brief"
      g_entinfo_maxdist "2048"
      g_entinfo_scale "1"
      g_entinfo_type "AI only"
      g_fix_entity_leaks "1"
      g_fix_event_fails "0"
      g_fix_health_sets_max "0"
      g_fix_tesla_bug "0"
      g_fix_viewkick_dupe "0"
      g_fixBulletDamageDupe "0"
      g_force_no_dummy_save "0"
      g_friendlyfireDist "175"
      g_friendlyNameDist "15000"
      g_gameskill "1"
      g_gametype "zom"
      g_inactivity "190"
      g_knockback "1000"
      g_listEntity "0"
      g_loadScripts "1"
      g_log "logs\games_sp.log"
      g_logSync "1"
      g_mantleBlockTimeBuffer "500"
      g_maxDroppedWeapons "16"
      g_minGrenadeDamageSpeed "400"
      g_motd ""
      g_no_script_spam "0"
      g_oldAnimCmdNetwork "0"
      g_oldVoting "1"
      g_password ""
      g_patchRocketJumps "1"
      g_player_maxhealth "100"
      g_playerCollision "everybody"
      g_playerCollisionEjectSpeed "25"
      g_playerEjection "nobody"
      g_playerRespawnTime "0"
      g_playerTrailTime "500"
      g_print_entity_leaks "0"
      g_randomSeed "0"
      g_redCrosshairs "1"
      g_reloading "0"
      g_remove_lean_headhitent "0"
      g_ScoresColor_Allies "0.0901961 0.458824 0.0705882 1"
      g_ScoresColor_Axis "0.690196 0.0705882 0.0509804 1"
      g_ScoresColor_EnemyTeam "0.690196 0.0705882 0.0509804 1"
      g_ScoresColor_Free "0.760784 0.780392 0.101961 1"
      g_ScoresColor_MyTeam "0.25098 0.721569 0.25098 1"
      g_ScoresColor_Spectator "0.25098 0.25098 0.25098 1"
      g_smoothClients "1"
      g_sp_fix_damage_overflow "0"
      g_spawnai "1"
      g_speed "190"
      g_synchronousClients "0"
      g_TeamColor_Allies "0.6 0.639216 0.690196 1"
      g_TeamColor_Axis "0.65098 0.568627 0.411765 1"
      g_TeamColor_EnemyTeam "1 0.313726 0.34902 1"
      g_TeamColor_EnemyTeamAlt "1 0.501961 0 1"
      g_TeamColor_Free "0.74902 0.25098 0.25098 1"
      g_TeamColor_MyTeam "0.4 0.701961 0.4 1"
      g_TeamColor_MyTeamAlt "0.34902 1 1 1"
      g_TeamColor_Spectator "0.25098 0.25098 0.25098 1"
      g_TeamName_Allies "GAME_ALLIES"
      g_TeamName_Axis "GAME_AXIS"
      g_useGear "0"
      g_useholdspawndelay "1"
      g_useholdtime "250"
      g_vehicleDebug "0"
      g_vehicleDrawPath ""
      g_vehiclePlaneCurveTime "1.5"
      g_voiceChatTalkingDuration "500"
      g_voteAbstainWeight "0.5"
      gamedate "Aug 25 2026"
      gamename "PT5SP"
      geographicalMatchmaking "0"
      glassCrackedDamageRateRange "1 10"
      glassDamageMultiplier "0.4"
      gpad_button_deadzone "0.13"
      gpad_button_lstick_deflect_max "1"
      gpad_button_rstick_deflect_max "1"
      gpad_buttonsConfig "buttons_default"
      gpad_debug "0"
      gpad_enabled "0"
      gpad_menu_scroll_delay_first "420"
      gpad_menu_scroll_delay_rest "210"
      gpad_present "0"
      gpad_rumble "1"
      gpad_stick_deadzone_max "0.01"
      gpad_stick_deadzone_min "0.2"
      gpad_stick_pressed "0.4"
      gpad_stick_pressed_hysteresis "0.1"
      gpad_sticksConfig "thumbstick_default"
      grenadeBounceRestitutionMax "0.3"
      grenadeBumpFreq "0.3"
      grenadeBumpMag "0.4"
      grenadeBumpMax "100"
      grenadeCurveMax "4"
      grenadeFrictionHigh "0.4"
      grenadeFrictionLow "0.01"
      grenadeFrictionMaxThresh "100"
      grenadeRestThreshold "20"
      grenadeRollingEnabled "1"
      grenadeWobbleFreq "0.08"
      grenadeWobbleFwdMag "10"
      grenadeWobbleSideDamp "0.01"
      grenadeWobbleSideMag "1"
      groupDownloadInterval "900"
      groupUploadInterval "300"
      heatMapLoadDelay "2000"
      hiDef "1"
      highlightedPlayerClanTag ""
      highlightedPlayerName ""
      highlightedPlayerXuid ""
      hostileNameFontColor "1 0.9 0.9 0.7"
      hostileNameFontGlowColor "0.6 0 0 1"
      hot_joinAllowed "0"
      hud_drawHUD "1"
      hud_enable "1"
      hud_flash_period_offhand "0.5"
      hud_flash_time_offhand "2"
      hud_missionFailed "0"
      hud_showObjectives "1"
      hud_showStance "1"
      hud_showTextNoAmmo "1"
      hudElemPausedBrightness "0.4"
      ik_actor_tracking_scale "1"
      ik_ai_hand_offset_vec "0 0 0"
      ik_ai_hand_rotation_vec "0 0 0"
      ik_ai_hand_tuning "0"
      ik_debug "0"
      ik_distanceCull "1"
      ik_distanceCullDist "4000"
      ik_dvar_lookatentity_notorso "0"
      ik_enable "1"
      ik_enable_ai_hand "0"
      ik_enable_ai_terrain "2"
      ik_enable_player_hand "1"
      ik_enable_player_terrain "1"
      ik_foot_test "0"
      ik_hand_test "0"
      ik_left_hand_lerp_test "0"
      ik_paranoid_matrix_checks "0"
      ik_pelvis_test "0"
      ik_pitch_limit_max "60"
      ik_pitch_limit_thresh "10"
      ik_right_hand_lerp_test "0"
      ik_roll_limit_max "100"
      ik_roll_limit_thresh "30"
      ik_yaw_limit_max "90"
      ik_yaw_limit_thresh "10"
      in_mouse "1"
      input_invertPitch "0"
      input_viewSensitivity "1"
      introscreen "1"
      invite_waitPeriod "30000"
      inviteText ""
      isFriendsListTrackerEnabled "0"
      jump_height "39"
      jump_ladderPushVel "128"
      jump_slowdownEnable "0"
      jump_spreadAdd "64"
      jump_stepSize "18"
      key "svAzia1sZyGkVSwLZtNw54oDXX0BDwic"
      kill_slomo_time "0"
      language "english"
      lastStandSwayAccel "0.05"
      lastStandSwayMaxDrift "1"
      lb_all_time_lb_write_min_req "50"
      lb_escrowRefresh "1200"
      lb_escrowTimeout "1200"
      lb_filter "none"
      lb_forceLbWrite "0"
      lb_LastFetchTime "0"
      lb_maxActiveLbReadTasks "3"
      lb_maxrows "50"
      lb_min_duration_before_penalty "1"
      lb_minDelayBetweenLbReads "5000"
      lb_minrefresh "0"
      lb_monthly_lb_write_min_req "25"
      lb_prestige "0"
      lb_time_penalty_for_early_quitters "1"
      lb_type "zombie_theater_waves"
      lb_typeByResetPeriod "all_time"
      lb_weekly_lb_write_min_req "5"
      live_banned "0"
      live_olMaxInterval "120"
      live_olMinInterval "60"
      live_restrictEmblems "0"
      live_service "0"
      live_ssLBFetchMaxInterval "300"
      live_ssLBFetchMinInterval "60"
      live_ssMaxInitialInterval "60"
      live_ssMaxInterval "300"
      live_ssMinInterval "150"
      loc_forceEnglish "0"
      loc_language "0"
      loc_translate "1"
      loc_warnings "0"
      loc_warningsAsErrors "0"
      local_leaderboards "1"
      local_leaderboards_maxgames "33"
      log_append "0"
      logfile "1"
      long_blocking_call "0"
      lowAmmoWarningColor1 "0.901961 0.901961 0.901961 0.8"
      lowAmmoWarningColor2 "1 1 1 1"
      lowAmmoWarningNoAmmoColor1 "0.8 0 0 0.8"
      lowAmmoWarningNoAmmoColor2 "1 0 0 1"
      lowAmmoWarningNoReloadColor1 "0.701961 0.701961 0 0.8"
      lowAmmoWarningNoReloadColor2 "1 1 0 1"
      lowAmmoWarningPulseFreq "1.7"
      lowAmmoWarningPulseMax "1.5"
      lowAmmoWarningPulseMin "0"
      m_filter "0"
      m_forward "0.25"
      m_pitch "0.022"
      m_side "0.25"
      m_yaw "0.022"
      magic_box_explore_only "1"
      magic_chest_movable "1"
      mantle_check_angle "60"
      mantle_check_glass_extra_range "10"
      mantle_check_radius "0.1"
      mantle_check_range "20"
      mantle_debug "0"
      mantle_enable "1"
      mantle_view_yawcap "60"
      mantle_weapon_anim_height "32"
      mantle_weapon_height "39"
      mapname "zombie_cosmodrome"
      matchmaking_debug "1"
      matchmaking_mininfo "1"
      maxMetPlayerListCount "50"
      maxStatsBackupInterval "-1"
      melee_debug "0"
      metPlayerListCleanupInterval "60000"
      metPlayerListUpdateInterval "10000"
      metPlayerListUploadInterval "60000"
      mg0 "0"
      mg1 "0"
      mg2 "0"
      mg3 "0"
      mg4 "0"
      mg5 "0"
      mg6 "0"
      mg7 "0"
      mgTurret "off"
      minDelayForOtherPlayerStatsFetch "300000"
      mis_01 "0"
      mis_01_unlock "21"
      mis_cheat "0"
      mis_difficulty "0000000000000000000000000"
      missileDebugAttractors "0"
      missileDebugDraw "0"
      missileDebugText "0"
      missileHellfireMaxSlope "0.5"
      missileHellfireUpAccel "1000"
      missileJavAccelClimb "300"
      missileJavAccelDescend "3000"
      missileJavClimbAngleDirect "85"
      missileJavClimbAngleTop "50"
      missileJavClimbCeilingDirect "0"
      missileJavClimbCeilingTop "3000"
      missileJavClimbHeightDirect "10000"
      missileJavClimbHeightTop "15000"
      missileJavClimbToOwner "700"
      missileJavSpeedLimitClimb "1000"
      missileJavSpeedLimitDescend "6000"
      missileJavTurnDecel "0.05"
      missileJavTurnRateDirect "60"
      missileJavTurnRateTop "100"
      missileMolotovBlobNum "5"
      missileMolotovBlobTime "2"
      missilePlantableSize "5"
      missileTVGuidedBoost "2"
      missileTVGuidedBoostSpeedDown "-1000"
      missileTVGuidedBoostSpeedUp "1000"
      missileTVGuidedFlatteningRollAccel "2"
      missileTVGuidedMaxRollAngle "35"
      missileTVGuidedMPSpecific "0"
      missileTVGuidedStickDeadzone "15"
      missileTVGuidedTurningRollAccel "1.5"
      missileTVGuidedTurnRate "3"
      missileWaterMaxDepth "60"
      modStats "1"
      monkeytoy "1"
      motd "^1REKT got ^5#rekt"
      msg_dumpEnts "0"
      msg_hudelemspew "0"
      msg_printEntityNums "0"
      name "dedicated"
      net_ip "localhost"
      net_lanauthorize "0"
      net_minigraph "0"
      net_noudp "0"
      net_port "28963"
      net_profile "0"
      net_showprofile "0"
      net_socksEnabled "0"
      net_socksPassword ""
      net_socksPort "1080"
      net_socksServer ""
      net_socksUsername ""
      nextdemo ""
      nextmap "map_restart"
      nightVisionDisableEffects "0"
      nightVisionFadeInOutTime "0.1"
      nightVisionPowerOnTime "0.3"
      noai "off"
      notice_onEscArg ""
      onlinegame "1"
      onlinegameandhost "0"
      onlineunrankedgameandhost "0"
      overrideNVGModelWithKnife "0"
      packetDebug "0"
      party_allowguests "1"
      party_autoteams "1"
      party_chooseLowestPingSlot "1"
      party_clientTimeout "24000"
      party_connectTimeout "6000"
      party_connectToOthers "1"
      party_considerStreamingForHostMigration "1"
      party_currentMapVetoCount "0"
      party_debug "0"
      party_disconnectPlayerOnRemoval "0"
      party_editingsettings "0"
      party_firstSubpartyIndex "0"
      party_forceMemberUpdateOnVoiceConnectivityBits "0"
      party_forceMigrateAfterRound "0"
      party_forceMigrateOnMatchStartRegression "1"
      party_gamesize ""
      party_gameStartTimerLength "10"
      party_gametype ""
      party_headtohead "0"
      party_host "0"
      party_hostname ""
      party_iamhost "0"
      party_isPreviousMapVoted "0"
      party_joinInProgressAllowed "1"
      party_keepPartyAliveWhileMatchmaking "1"
      party_kickplayerquestion ""
      party_linearMapCycle "0"
      party_linearMapCycleRandom "0"
      party_lobbyExtensionTime "10"
      party_lobbyPlayerCount ""
      party_localTeamTest "0"
      party_mapname ""
      party_mappacks ""
      party_matchedPlayerCount "4"
      party_maxDesperateMigrationTime "6000"
      party_maxlocalplayers "2"
      party_maxMigrationTime "10000"
      party_maxplayers "4"
      party_maxTeamDiff "1"
      party_minLobbyTime "45"
      party_minplayers "2"
      party_minResumeMs "2000"
      party_nextMapVetoCount "0"
      party_partyPlayerCount ""
      party_playerCount "1"
      party_playervisible "0"
      party_pregameStartTimerLength "5"
      party_previousMapVetoCount "0"
      party_privacyStatus "2"
      party_readyButtonVisible "0"
      party_readyPercentRequired "0"
      party_reconnectToClientOnTimeout "1"
      party_reconnectToHostOnTimeout "1"
      party_requestMigrateDuringAutoStartIfStreaming "1"
      party_sequentialPreviousMapVotingAllowed "0"
      party_simulateLongQoS "0"
      party_splitscreenJoinAllowed "1"
      party_teambased "1"
      party_timer "0"
      party_timerVisible "0"
      party_verifyFreeSlotsDuringMatchmaking "0"
      party_vetoButtonVisible "0"
      party_vetoDelayTime "4"
      party_vetoPassed "0"
      party_vetoPercentRequired "0.501"
      password ""
      pc_NATTraversalTrottling "0"
      pc_newversionavailable "0"
      penetrationCount "2"
      penetrationCount_allies "0"
      penetrationCount_axis "0"
      perk_armorPiercing "40"
      perk_blackbirdShowsGpsJammer "1"
      perk_bulletPenetrationMultiplier "2"
      perk_damageKickReduction "0.2"
      perk_deathStreakCountRequired "5"
      perk_delayExplosiveTime "0.2"
      perk_disarmExplosiveTime "2"
      perk_dogsAttackGhost "1"
      perk_extraBreath "5"
      perk_extraMoneyMultiplier "2"
      perk_fastOffhandRate "0.5"
      perk_fireproof "95"
      perk_flakJacket "35"
      perk_flakJacket_hardcore "9"
      perk_grenadeDeath "frag_grenade_short_mp"
      perk_grenadeTossBackTimer "2500"
      perk_healthRegenMultiplier "1.5"
      perk_interactSpeedMultiplier "1.15"
      perk_killstreakReduction "1"
      perk_mantleReduction "0.5"
      perk_shellShockReduction "0.5"
      perk_speedMultiplier "1.07"
      perk_sprintMultiplier "2"
      perk_sprintRecoveryMultiplier "0.6"
      perk_throwbackInnerRadius "120"
      perk_weapAdsMultiplier "0.5"
      perk_weapMeleeMultiplier "0.5"
      perk_weapRateEnhanced "0"
      perk_weapRateMultiplier "0.75"
      perk_weapReloadMultiplier "0.5"
      perk_weapSpreadMultiplier "0.65"
      perk_weapSwitchMultiplier "0.5"
      phys_ai_collision_mode "1"
      phys_bulletSpinScale "3"
      phys_bulletUpBias "0.5"
      phys_buoyancy "0"
      phys_buoyancyDistanceCutoff "2500"
      phys_buoyancyFastComputation "0"
      phys_buoyancyRippleFrequency "3000"
      phys_buoyancyRippleVariance "2000"
      phys_debugBigQueries "0"
      phys_debugCallback "0"
      phys_debugDangerousRigidBodies "0"
      phys_debugExpensivePushout "0"
      phys_dragAngular "0.5"
      phys_dragLinear "0.03"
      phys_drawCollisionObj "0"
      phys_drawcontacts "0"
      phys_drawNitrousVehicle "0"
      phys_drawNitrousVehicleEffects "0"
      phys_entityCollision "1"
      phys_floatTimeVariance "10000"
      phys_fluid "0"
      phys_gravity "-800"
      phys_gravity_dir "0 0 1"
      phys_impact_distance_cutoff "800"
      phys_impact_fx "1"
      phys_impact_intensity_limit "50"
      phys_impact_max_pfx_per_frame "10"
      phys_impact_max_sfx_per_frame "10"
      phys_impact_render "0"
      phys_impact_silence_window "0.3"
      phys_maxFloatTime "30000"
      phys_msecstep "0"
      phys_piecesSpawnDistanceCutoff "1000"
      phys_player_collision_adjust_height "0"
      phys_player_collision_mode "1"
      phys_ragdoll_buoyancy "0"
      phys_ragdoll_joint_damp_scale "0.04"
      phys_reeval_frequency "2"
      phys_userRigidBodies "1"
      phys_vehicleDamageFroceScale "0.3"
      phys_vehicleFriction "0.1"
      phys_vehicleGravityMultiplier "1"
      phys_vehicleUsePredictedPosition "0"
      phys_vehicleWheelEntityCollision "1"
      phys_waterDragAngular "-2"
      phys_waterDragLinear "-1"
      pickupPrints "0"
      player0downs "0"
      player1downs "2"
      player_adsExitDelay "0"
      player_AimBlend_Back_Low "0 0.3 0.5"
      player_AimBlend_Back_Mid "0.1 0.2 0.5"
      player_AimBlend_Back_Up "0.5 0.1 -0.6"
      player_AimBlend_Head "0 0 0"
      player_AimBlend_Neck "0.3 0.3 0"
      player_AimBlend_Pelvis "0.4 0.4 0"
      player_AimBlend_Shoulder "1 1 1"
      player_animRunThreshhold "140"
      player_animWalkThreshhold "30"
      player_aqs_scale "8"
      player_aqs_spread_max "255"
      player_aqs_spread_multiplier "255"
      player_aqs_sway_factor "40"
      player_aqs_time "0.25"
      player_backSpeedScale "0.7"
      player_bayonetLaunchDebugging "0"
      player_bayonetLaunchProof "1"
      player_bayonetLaunchZCap "300"
      player_bayonetRange "85"
      player_bayonetTargetDist "65"
      player_breath_fire_delay "0"
      player_breath_gasp_lerp "6"
      player_breath_gasp_scale "4.5"
      player_breath_gasp_time "1"
      player_breath_hold_lerp "4"
      player_breath_hold_time "4.5"
      player_breath_snd_delay "1"
      player_breath_snd_lerp "2"
      player_burstFireCooldown "0.2"
      player_clipSizeMultiplier "1"
      player_damageMultiplier "0.363636"
      player_deathInvulnerableTime "1000"
      player_deathInvulnerableToMelee "0"
      player_deathInvulnerableToProjectile "1"
      player_debugHealth "0"
      player_died_recently "0"
      player_disableWeaponsInWater "1"
      player_dmgtimer_flinchTime "500"
      player_dmgtimer_maxTime "750"
      player_dmgtimer_minScale "0"
      player_dmgtimer_stumbleTime "500"
      player_dmgtimer_timePerPoint "100"
      player_enableShuffleAnims "0"
      player_enduranceSpeedScale "1.7"
      player_floatSpeed "20"
      player_footstepsThreshhold "10"
      player_forceRedCrosshair "0"
      player_healthEasy "500"
      player_healthFu "115"
      player_healthHard "165"
      player_healthMedium "275"
      player_knockbackMoveThreshhold "60"
      player_lastStandBleedoutTime "45"
      player_lastStandBleedoutTimeNoRevive "10"
      player_lastStandHealthOverlayTime "8"
      player_lean_rotate "1.25 1.25"
      player_lean_rotate_crouch "1 1"
      player_lean_shift "5 2.5"
      player_lean_shift_crouch "12.5 2.5"
      player_maxGrenadeCatchHeight "80"
      player_meleeDamageMultiplier "1"
      player_meleeHeight "10"
      player_meleeRange "64"
      player_meleeWidth "10"
      player_move_factor_on_torso "0"
      player_moveThreshhold "2"
      player_radiusDamageMultiplier "1"
      player_revivePlayerListCycleTime "2"
      player_reviveTriggerRadius "64"
      player_runbkThreshhold "60"
      player_runThreshhold "110"
      player_scopeExitOnDamage "0"
      player_sliding_friction "1.5"
      player_sliding_velocity_cap "500"
      player_sliding_wishspeed "450"
      player_slopeAnimAngle "30"
      player_spectateSpeedScale "1"
      player_sprintCameraBob "0.5"
      player_sprintForwardMinimum "105"
      player_sprintMinTime "1"
      player_sprintRechargePause "0"
      player_sprintSpeedScale "1.5"
      player_sprintStrafeSpeedScale "0.667"
      player_sprintThreshhold "185"
      player_sprintTime "4"
      player_sprintUnlimited "0"
      player_strafeAnimCosAngle "0.5"
      player_strafeSpeedScale "0.8"
      player_sustainAmmo "0"
      player_swimDamage "15"
      player_swimDamagerInterval "1"
      player_swimTime "16"
      player_takeDirectDamageInVehicles "1"
      player_throwbackInnerRadius "72"
      player_throwbackOuterRadius "192"
      player_topDownCamAngles "75 0 0"
      player_topDownCamCenterPos "-7926 -2838 -88"
      player_topDownCamMode "0"
      player_topDownCamOffset "0 0 500"
      player_topDownCursorDist "250"
      player_topDownCursorPos "0 0"
      player_turnAnims "1"
      player_turnRateScale "1"
      player_useSlopeAnims "1"
      player_view_pitch_down "85"
      player_view_pitch_up "85"
      player_viewLockEnt "0"
      player_viewRateScale "0"
      player_waterSpeedScale "1.3"
      playerPushAmount "0"
      playlist "0"
      popInLetterFXTime "40"
      presell "0"
      prestigeclass1 "Custom 6"
      prestigeclass2 "Custom 7"
      prestigeclass3 "Custom 8"
      prestigeclass4 "Custom 9"
      prestigeclass5 "Custom 10"
      primaryWeaponOffset "0"
      profile_physics "0"
      protocol "3141"
      r_aaAlpha "dither (fast)"
      r_aaSamples "4"
      r_allow_intz "1"
      r_allow_null_rt "1"
      r_aspectRatio "auto"
      r_backBufferSize "960"
      r_backBufferSizeY "544"
      r_bloomBlurRadius "1.75"
      r_bloomColorScale "0 0 0 0"
      r_bloomCurveBreakpoint "1 1 1 1"
      r_bloomCurveHiBlack "0 0 0 0"
      r_bloomCurveHiGamma "1 1 1 1"
      r_bloomCurveHiRemapBlack "0 0 0 0"
      r_bloomCurveHiRemapWhite "1 1 1 1"
      r_bloomCurveHiWhite "1 1 1 1"
      r_bloomCurveLoBlack "0 0 0 0"
      r_bloomCurveLoGamma "1 1 1 1"
      r_bloomCurveLoRemapBlack "0 0 0 0"
      r_bloomCurveLoRemapWhite "1 1 1 1"
      r_bloomCurveLoWhite "1 1 1 1"
      r_bloomExpansionControl "0.5 0.5 0.5 0.5"
      r_bloomExpansionSource "0"
      r_bloomExpansionWeights "0 0 0 0"
      r_bloomPersistence "0"
      r_bloomStreakXInnerTint "1 1 1"
      r_bloomStreakXLevels0 "0.25 0.5 0.25 1"
      r_bloomStreakXLevels1 "0 1 0 1"
      r_bloomStreakXOuterTint "1 1 1"
      r_bloomStreakXTint "0 0 0"
      r_bloomStreakXTintControl "0.25 0.5 0.25 1"
      r_bloomStreakYInnerTint "1 1 1"
      r_bloomStreakYLevels0 "0.25 0.5 0.25 1"
      r_bloomStreakYLevels1 "0 1 0 1"
      r_bloomStreakYOuterTint "1 1 1"
      r_bloomStreakYTint "0 0 0"
      r_bloomStreakYTintControl "0.25 0.5 0.25 1"
      r_bloomTintScale "0 0 0 1"
      r_bloomTintWeights "0.25 0.5 0.25 0"
      r_bloomTweaks "0"
      r_blur "0"
      r_blur_allowed "1"
      r_brightness "0"
      r_brushLimit "512"
      r_burnedDestructibleColor "0.4"
      r_cacheModelLighting "1"
      r_cacheSModelLighting "1"
      r_clear "blink"
      r_clearColor "0 0 0 0"
      r_clearColor2 "0 0 0 0"
      r_clipCodec "MJPEG"
      r_clipFPS "24"
      r_clipSize "360"
      r_collectActiveMaterials "0"
      r_colorMap "Unchanged"
      r_contrast "1"
      r_convergence "6.06253"
      r_customMode ""
      r_debugHDRdlight "0"
      r_debugHDRdlight_color "0.25 0.8 1"
      r_debugHDRdlight_distance "250"
      r_debugHDRdlight_radius "150"
      r_debugHDRdlight_scale "1"
      r_debugLayers "0"
      r_debugLineWidth "1"
      r_debugShader "none"
      r_debugShowCoronas "0"
      r_debugShowDynamicLights "0"
      r_debugShowPrimaryLights "0"
      r_depthPrepass "0"
      r_desaturation "1"
      r_diffuseColorScale "1"
      r_distortion "1"
      r_dlightLimit "4"
      r_dlightMaxFullScreenRadius "200"
      r_dlightMaxNonFullScreenRadius "200"
      r_dobjLimit "512"
      r_dof_bias "0.5"
      r_dof_enable "1"
      r_dof_farBlur "1.8"
      r_dof_farEnd "7000"
      r_dof_farStart "1000"
      r_dof_nearBlur "6"
      r_dof_nearEnd "60"
      r_dof_nearStart "10"
      r_dof_showdebug "0"
      r_dof_tweak "0"
      r_dof_viewModelEnd "8"
      r_dof_viewModelStart "2"
      r_dpvs_useCellForceInvisibleBits "1"
      r_drawDebugFogParams "0"
      r_drawWater "1"
      r_enableDlights "1"
      r_enableFlashlight "0"
      r_enableOccluders "1"
      r_enablePlayerShadow "0"
      r_envMapExponent "5"
      r_envMapMaxIntensity "0.5"
      r_envMapMinIntensity "0.2"
      r_envMapOverride "0"
      r_envMapSpecular "1"
      r_envMapSunIntensity "2"
      r_exposureTweak "0"
      r_exposureValue "1"
      r_extracam_custom_aspectratio "-1"
      r_extracam_shadowmap_enable "0"
      r_fastSkin "0"
      r_filmCurveSoftClip "1"
      r_filmLut "-1"
      r_filmTweakBleach "0 0 0"
      r_filmTweakBrightness "0"
      r_filmTweakColorTemp "6500 6500 6500"
      r_filmTweakContrast "1 1 1"
      r_filmTweakDarkFeather "0"
      r_filmTweakDarkTint "1 1 1"
      r_filmTweakDesaturation "0.2"
      r_filmTweakEnable "0"
      r_filmTweakHue "0 0 0"
      r_filmTweakInvert "0"
      r_filmTweakLightFeather "0"
      r_filmTweakLightTint "1 1 1"
      r_filmTweakLut "-1"
      r_filmTweakMidEnd "0.75"
      r_filmTweakMidStart "0.25"
      r_filmTweakMidTint "1 1 1"
      r_filmTweakRangeDebug "0"
      r_filmTweakSaturation "1 1 1"
      r_filmUseTweaks "0"
      r_finalShiftX "0 0 0"
      r_finalShiftY "0 0 0"
      r_flame_allowed "1"
      r_flameFX_distortionScaleFactor "0 1 1 0.511918"
      r_flameFX_enable "0"
      r_flameFX_fadeDuration "0.5"
      r_flameFX_FPS "15"
      r_flameFX_magnitude "0.0215147"
      r_flameScaler "1"
      r_flashLightBobAmount "0 0 0"
      r_flashLightBobRate "0 0.2 0.3"
      r_flashLightBrightness "10"
      r_flashLightColor "1 1 1"
      r_flashLightEndRadius "300"
      r_flashLightFlickerAmount "0"
      r_flashLightFlickerRate "65"
      r_flashLightFovInnerFraction "0.7"
      r_flashLightOffset "0 2 1"
      r_flashLightRange "350"
      r_flashLightShadows "1"
      r_flashLightSpecularScale "1"
      r_flashLightStartRadius "0"
      r_flimCurveBlack "0"
      r_flimCurveWhite "8"
      r_floatz "1"
      r_fog "1"
      r_fog_disable "0"
      r_forceCameraHdg "0"
      r_forceCameraNode "-1"
      r_forceCamerarecord "0"
      r_forceLod "none"
      r_fovScaleThresholdRigid "2.4"
      r_fovScaleThresholdSkinned "2.4"
      r_fullbright "0"
      r_fullHDRrendering "0"
      r_fullscreen "0"
      r_gamma "1"
      r_genericFilter_enable "0"
      r_gfxopt_dynamic_foliage "1"
      r_gfxopt_water_simulation "1"
      r_glow_allowed "1"
      r_gpuSync "adaptive"
      r_grassBurn "0"
      r_grassEnable "1"
      r_grassWindForceEnable "1"
      r_heroLightColorTemp "6500"
      r_heroLighting "1"
      r_heroLightSaturation "1"
      r_heroLightScale "1 1 1"
      r_highLodDist "-1"
      r_ignore "0"
      r_ignorehwgamma "0"
      r_inGameVideo "1"
      r_lightConflicts "0"
      r_lightGridContrast "0"
      r_lightGridEnableTweaks "0"
      r_lightGridIntensity "1"
      r_lightGridUseTweakedValues "1"
      r_lightMap "Unchanged"
      r_lightTweakAmbient "0.1"
      r_lightTweakAmbientColor "1 0 0 1"
      r_lightTweakDiffuseFraction "0.5"
      r_lightTweakSunColor "1 1 0"
      r_lightTweakSunDiffuseColor "0 0 1 1"
      r_lightTweakSunDirection "0 0 0"
      r_lightTweakSunLight "1"
      r_loadForRenderer "0"
      r_lockPvs "0"
      r_lodBiasRigid "0"
      r_lodBiasSkinned "0"
      r_lodScaleRigid "1"
      r_lodScaleSkinned "1"
      r_logFile "0"
      r_lowestLodDist "-1"
      r_lowLodDist "-1"
      r_lutvar_0 "0 0 0 1"
      r_lutvar_1 "0 0 0 1"
      r_lutvar_10 "0 0 0 1"
      r_lutvar_11 "0 0 0 1"
      r_lutvar_12 "0 0 0 1"
      r_lutvar_13 "0 0 0 1"
      r_lutvar_14 "0 0 0 1"
      r_lutvar_15 "0 0 0 1"
      r_lutvar_2 "0 0 0 1"
      r_lutvar_3 "0 0 0 1"
      r_lutvar_4 "0 0 0 1"
      r_lutvar_5 "0 0 0 1"
      r_lutvar_6 "0 0 0 1"
      r_lutvar_7 "0 0 0 1"
      r_lutvar_8 "0 0 0 1"
      r_lutvar_9 "0 0 0 1"
      r_materialXYZ "3.86 3.98 4.55"
      r_mediumLodDist "-1"
      r_missile_cam_debug_display "0"
      r_mode "1024x768"
      r_modelLimit "1024"
      r_modelVertColor "1"
      r_monitor "0"
      r_motionblur_blurOrigin "0.5 0.5 0 1"
      r_motionblur_directionFactor "0.001"
      r_motionblur_enable "0"
      r_motionblur_frameBased_enable "0"
      r_motionblur_maxblur "30"
      r_motionblur_numberOfSamples "1"
      r_motionblur_positionFactor "0.01"
      r_multiGpu "1"
      r_multithreaded_device "0"
      r_noborder "0"
      r_norefresh "0"
      r_normalMap "Unchanged"
      r_num_viewports "0"
      r_offscreenCasterLodScale "2.5"
      r_open_automate "0"
      r_outdoorAwayBias "32"
      r_outdoorDownBias "0"
      r_outdoorFeather "8"
      r_picmip "0"
      r_picmip_bump "0"
      r_picmip_manual "0"
      r_picmip_spec "0"
      r_picmip_water "1"
      r_poisonFX_blurMax "4"
      r_poisonFX_blurMin "0"
      r_poisonFX_debug_amount "1"
      r_poisonFX_debug_enable "0"
      r_poisonFX_dvisionA "0"
      r_poisonFX_dvisionX "0"
      r_poisonFX_dvisionY "0"
      r_poisonFX_pulse "1.1"
      r_poisonFX_warpX "0.2"
      r_poisonFX_warpY "-0.15"
      r_polygonOffsetBias "-1"
      r_polygonOffsetScale "-1"
      r_portalBevels "0.7"
      r_portalBevelsOnly "0"
      r_portalMinClipArea "0.02"
      r_portalMinRecurseDepth "2"
      r_portalWalkLimit "0"
      r_pretess "1"
      r_primaryLightTweakDiffuseStrength "1"
      r_primaryLightTweakSpecularStrength "1"
      r_primaryLightUseTweaks "0"
      r_reflectionProbeGenerate "0"
      r_reflectionProbeGenerateExit "0"
      r_reflectionProbeRegenerateAll "0"
      r_remotescreen_renderlastframe "1"
      r_rendererPreference "Default"
      r_resampleScene "1"
      r_reviveFX_debug "0"
      r_reviveFX_edgeAmount "0"
      r_reviveFX_edgeColorTemp "6500"
      r_reviveFX_edgeContrast "1 1 1"
      r_reviveFX_edgeMaskAdjust "0"
      r_reviveFX_edgeOffset "0 0 0"
      r_reviveFX_edgeSaturation "1"
      r_reviveFX_edgeScale "1 1 1"
      r_reviveFX_fadeDuration "5"
      r_scaleViewport "1"
      r_sCurveEnable "1"
      r_sCurveLinearAngle "0.125"
      r_sCurveLinearStrength "0.5"
      r_sCurveShoulderStrength "0.1"
      r_sCurveToeDenominator "0.575"
      r_sCurveToeNumerator "0.01"
      r_sCurveToeStrength "0.1"
      r_seethru_decal_enable "1"
      r_setFrameBufferAlpha "0"
      r_shader_constant_set_debug_range "-1"
      r_shader_constant_set_enable "1"
      r_shaderWarming "0"
      r_showFbColorDebug "None"
      r_showFloatZDebug "0"
      r_showForcedInvisibleCells "0"
      r_showHDRalpha "0"
      r_showLightGrid "0"
      r_showLightingOrigins "0"
      r_showMissingLightGrid "0"
      r_showOutdoorVolumeDebug "0"
      r_showPenetration "off"
      r_showPixelCost "off"
      r_showPortals "0"
      r_showSunDirectionDebug "0"
      r_singleCell "0"
      r_skinCache "1"
      r_skipPvs "0"
      r_sky_intensity_angle0 "90"
      r_sky_intensity_angle1 "90"
      r_sky_intensity_factor0 "1"
      r_sky_intensity_factor1 "1"
      r_sky_intensity_showDebugDisplay "0"
      r_sky_intensity_useDebugValues "0"
      r_skyColorTemp "6500"
      r_skyTransition "0"
      r_smc_enable "1"
      r_smp_backend "1"
      r_smp_worker "1"
      r_smp_worker_thread0 "1"
      r_smp_worker_thread1 "1"
      r_smp_worker_thread2 "1"
      r_smp_worker_thread3 "1"
      r_smp_worker_thread4 "1"
      r_smp_worker_thread5 "1"
      r_smp_worker_threads "6"
      r_specular "1"
      r_specularColorScale "1"
      r_specularRoughnessMap "Unchanged"
      r_spotLightBrightness "14"
      r_spotLightEndRadius "196"
      r_spotLightEntityShadows "1"
      r_spotLightFovInnerFraction "0.7"
      r_spotLightShadows "1"
      r_spotLightSModelShadows "1"
      r_spotLightStartRadius "36"
      r_sse_skinning "1"
      r_stereoTurretShift "0"
      r_stream "7"
      r_streamClear "0"
      r_streamDebug "0"
      r_streamFakeLagMsec "0"
      r_streamFreezeState "0"
      r_streamFull "0"
      r_streamHiddenPush "4"
      r_streamLog "0"
      r_streamLowDetail "1"
      r_streamMaxDist "600"
      r_streamShowList "0"
      r_streamShowStats "0"
      r_streamSize "0"
      r_streamTaint "0"
      r_sun_from_dvars "0"
      r_sun_fx_position "0 0 0"
      r_sunblind_fadein "0.5"
      r_sunblind_fadeout "3"
      r_sunblind_max_angle "5"
      r_sunblind_max_darken "0.75"
      r_sunblind_min_angle "30"
      r_sunflare_fadein "1"
      r_sunflare_fadeout "1"
      r_sunflare_max_alpha "1"
      r_sunflare_max_angle "2"
      r_sunflare_max_size "2500"
      r_sunflare_min_angle "45"
      r_sunflare_min_size "0"
      r_sunflare_shader "sun_flare"
      r_sunglare_fadein "0.5"
      r_sunglare_fadeout "3"
      r_sunglare_max_angle "5"
      r_sunglare_max_lighten "0.75"
      r_sunglare_min_angle "30"
      r_sunsprite_shader "sun"
      r_sunsprite_size "16"
      r_superFlare_debug "0"
      r_superFlare_enable "1"
      r_supports16xAA "0"
      r_swapInterval "0"
      r_swrk_override_characterCharredAmount "0"
      r_swrk_override_characterDissolveColor "0 0 0 0"
      r_swrk_override_enable "0"
      r_swrk_override_wetness "0"
      r_tension_enable "1"
      r_testScale "0"
      r_texFilterAnisoMax "16"
      r_texFilterAnisoMin "1"
      r_texFilterDisable "0"
      r_texFilterMipBias "0"
      r_texFilterMipMode "Unchanged"
      r_textureMode "bilinear"
      r_treeScale "0"
      r_ui3d_debug_display "0"
      r_ui3d_h "1"
      r_ui3d_use_debug_values "-1"
      r_ui3d_w "1"
      r_ui3d_x "0"
      r_ui3d_y "0"
      r_use_driver_convergence "0"
      r_use_separate_char_tech "0"
      r_useLayeredMaterials "0"
      r_vc_makelog "0"
      r_vc_showlog "0"
      r_vsync "1"
      r_warningRepeatDelay "5"
      r_waterFogTest "0"
      r_waterSheetingFX_allowed "1"
      r_waterSheetingFX_distortionScaleFactor "0.021961 1 0 0"
      r_waterSheetingFX_enable "0"
      r_waterSheetingFX_fadeDuration "2"
      r_waterSheetingFX_magnitude "0.0655388"
      r_waterSheetingFX_radius "4.44051"
      r_watersim_curlAmount "0.5"
      r_watersim_curlMax "0.4"
      r_watersim_curlReduce "0.95"
      r_watersim_debug "0"
      r_watersim_enabled "0"
      r_watersim_flatten "0"
      r_watersim_foamAppear "20"
      r_watersim_foamDisappear "0.78"
      r_watersim_minShoreHeight "0.04"
      r_watersim_particleGravity "0.03"
      r_watersim_particleLength "0.03"
      r_watersim_particleLimit "2.5"
      r_watersim_particleWidth "2"
      r_watersim_scroll "0 0"
      r_watersim_waveSeedDelay "500"
      r_watersim_windAmount "0.02"
      r_watersim_windDir "45"
      r_watersim_windMax "0.4"
      r_waterWaveAmplitude "0 0 0 0"
      r_waterWaveAngle "0 0 0 0"
      r_waterWavePhase "0 0 0 0"
      r_waterWaveSpeed "1 1 1 1"
      r_waterWaveSteepness "0 0 0 0"
      r_waterWaveWavelength "1 1 1 1"
      r_worldLod "0"
      r_zfar "0"
      r_zfeather "1"
      r_zombieDisableEarthEffect "0"
      r_zombieDisableSlideEffect "0"
      r_zombieNameAllowDevList "1"
      r_zombieNameAllowFriendsList "1"
      radius_damage_debug "0"
      ragdoll_baselerp_time "1000"
      ragdoll_bullet_force "500"
      ragdoll_bullet_upbias "0.5"
      ragdoll_debug "0"
      ragdoll_dump_anims "0"
      ragdoll_enable "1"
      ragdoll_explode_force "18000"
      ragdoll_explode_upbias "0.8"
      ragdoll_fps "20"
      ragdoll_jitter_scale "1"
      ragdoll_jointlerp_time "3000"
      ragdoll_max_life "9000"
      ragdoll_max_simulating "16"
      ragdoll_reactivation_cutoff "1200"
      ragdoll_rotvel_scale "1"
      ragdoll_self_collision_scale "1.2"
      rate "25000"
      rcon_localhost_bypass "1"
      rcon_password "grinn"
      rcon_prints "0"
      rcon_rate_limit "500"
      recordPointsSpent "1"
      redactionDisplayTime "50"
      redactionFadeDuration "6500"
      redactionStartStrokeTime "1000"
      redactionStrokeTime "1000"
      reliableResendTime "300"
      reliableTimeoutTime "20000"
      render_actor_collision "0"
      render_bpi_env_collision "0"
      render_player_collision "0"
      revive_time_taken "1.15"
      revive_trigger_radius "40"
      s0 "0"
      s1 "0"
      s10 "0"
      s11 "0"
      s12 "0"
      s13 "0"
      s14 "0"
      s15 "0"
      s16 "0"
      s17 "0"
      s18 "0"
      s2 "0"
      s3 "0"
      s4 "0"
      s5 "0"
      s6 "0"
      s7 "0"
      s8 "0"
      s9 "0"
      safearea_adjusted_horizontal "1"
      safearea_adjusted_vertical "1"
      safearea_horizontal "1"
      safearea_vertical "1"
      scr_allowFileIo "1"
      scr_codpointsmatchscale "0.1"
      scr_codpointsperchallenge "0.1"
      scr_codpointsxpscale "0.1"
      scr_deleteexplosivesonspawn "0"
      scr_dof_enable "1"
      scr_dog_health_walk_multiplier "4.0"
      scr_dog_run_distance "500"
      scr_expDeathMayMoveCheck "on"
      scr_fog_baseheight "-475.268"
      scr_fog_blue "0.9624"
      scr_fog_exp_halfheight "243.735"
      scr_fog_exp_halfplane "3759.28"
      scr_fog_green "0.962521"
      scr_fog_nearplane "601.593"
      scr_fog_red "0.806694"
      scr_friendlyfire "0"
      scr_game_prematchperiod "15"
      scr_kill_infinite_loops "1"
      scr_playerInvulTimeScale "1"
      scr_RequiredMapAspectratio "1"
      scr_thief_health_endgame "15000"
      scr_thief_health_max "40000"
      scr_thief_health_pregame "15000"
      scr_thief_speed_damage "2000"
      scr_writeConfigStrings "0"
      scr_xpscale "1"
      scr_zm_extra_perk_all "1"
      scr_zm_extra_perk_coast "0"
      scr_zm_extra_perk_cod5_asylum "0"
      scr_zm_extra_perk_cod5_factory "0"
      scr_zm_extra_perk_cod5_prototype "0"
      scr_zm_extra_perk_cod5_sumpf "0"
      scr_zm_extra_perk_cosmodrome "0"
      scr_zm_extra_perk_pentagon "0"
      scr_zm_extra_perk_temple "0"
      scr_zm_extra_perk_theater "0"
      script_debugger_smoke_test "0"
      scriptmover_useServerAnims "0"
      scriptmover_useServerAnimsEntity "-1"
      selectedFriendClanTag ""
      selectedFriendIndex "0"
      selectedFriendName ""
      selectedGroupIndex "0"
      selectedMenuItemIndex "0"
      selectedPlayerClanName ""
      selectedPlayerXuid ""
      selectedStoreItemIndex "0"
      sensitivity "5"
      server1 ""
      server10 ""
      server11 ""
      server12 ""
      server13 ""
      server14 ""
      server15 ""
      server16 ""
      server2 ""
      server3 ""
      server4 ""
      server5 ""
      server6 ""
      server7 ""
      server8 ""
      server9 ""
      session_nonblocking "1"
      sessionSearchMaxAttempts "5"
      sf_use_bw "0"
      sf_use_clustergrenade "0"
      sf_use_contrast "0"
      sf_use_ignoreammo "0"
      sf_use_invert "0"
      sf_use_slowmo "0"
      sf_use_tire_explosion "0"
      shortversion "r5346"
      show_reticle_during_swimming "0"
      show_tty_timestamps "0"
      showdrop "0"
      showpackets "0"
      showVisionSetDebugInfo "-1"
      skills "0"
      sm_enable "1"
      sm_fastSunShadow "1"
      sm_fullResSpotShadowEnable "0"
      sm_lightScore_eyeProjectDist "64"
      sm_lightScore_spotProjectFrac "0.125"
      sm_maxLights "4"
      sm_polygonOffsetBias "10"
      sm_polygonOffsetScale "2"
      sm_qualitySpotShadow "1"
      sm_spotEnable "1"
      sm_spotShadowFadeTime "1"
      sm_spotShadowLargeRadiusScale "1"
      sm_strictCull "1"
      sm_sunAlwaysCastsShadow "0"
      sm_sunEnable "1"
      sm_sunSampleSizeNear "0.25"
      sm_sunShadowCenter "0 0 0"
      sm_sunShadowScale "1"
      sm_sunShadowSmallEnable "0"
      sm_sunShadowSmallScriptPS3OnlyEnable "0"
      snaps "20"
      snd_autoSim "1"
      snd_drawInfo "None"
      snd_drawSort "priority"
      snd_enableEq "0"
      snd_khz "44"
      sp_minplayers "1"
      splitscreen_lobbyPlayerCount ""
      splitscreen_partyPlayerCount ""
      spmode "0"
      stat_version "10"
      stats_backup "1"
      stats_version_check "1"
      statusinfo_onEscArg ""
      steamid "3000000c172200b"
      stopspeed "100"
      sv_3xEXP "0"
      sv_allowAimAssist "1"
      sv_allowAnonymous "0"
      sv_allowDownload "0"
      sv_allowedClan1 ""
      sv_allowedClan2 ""
      sv_allowFriendlyThrowback "1"
      sv_assistWorkers "0"
      sv_autodemorecord "0"
      sv_BigHeadMode "0"
      sv_botsPressAttackBtn "1"
      sv_cheats "0"
      sv_clientArchive "1"
      sv_clientside "0"
      sv_clientSideBullets "1"
      sv_clientSideVehicles "1"
      sv_connectTimeout "240"
      sv_debugRate "0"
      sv_debugReliableCmds "0"
      sv_disableChat "0"
      sv_disableClientConsole "0"
      sv_DisableTheatre "0"
      sv_DoubleCodPoints "0"
      sv_enableBounces "0"
      sv_EnableDevCheats "0"
      sv_EnableSuperuser "0"
      sv_FakeRemoteClient "0"
      sv_FFCheckSums ""
      sv_FFNames ""
      sv_fix_hudelem_flicker "1"
      sv_floodProtect "0"
      sv_fps "20"
      sv_FullAmmo "0"
      sv_HostBandwidthMinimumPerPlayer "65536"
      sv_hostname "ThiccGang Server!"
      sv_InfiniteSprint "0"
      sv_InstantReload "0"
      sv_Invisible "0"
      sv_iwdNames ""
      sv_iwds ""
      sv_keywords ""
      sv_kickBanTime "300"
      sv_lastSaveCommitedToDevice ""
      sv_lastSaveGame ""
      sv_MakeMeHost "0"
      sv_mapname ""
      sv_mapRotation "map zombie_theater map zombie_pentagon map zombie_cosmodrome map zombie_coast map zombie_temple map zombie_moon map zombie_cod5_prototype map zombie_cod5_asylum map zombie_cod5_sumpf map zombie_cod5_factory"
      sv_mapRotationCurrent " map zombie_coast map zombie_temple map zombie_moon map zombie_cod5_prototype map zombie_cod5_asylum map zombie_cod5_sumpf map zombie_cod5_factory"
      sv_maxclients "4"
      sv_maxPhysExplosionSpheres "-1"
      sv_maxPing "0"
      sv_maxRate "7000"
      sv_minPing "0"
      sv_motd ""
      sv_netcull_animcmdsize_threshold "2000"
      sv_netcull_msgsize_threshold "3000"
      sv_network_fps "100"
      sv_network_warning "0"
      sv_NoClip "0"
      sv_noname "Unknown Soldier"
      sv_NoShapshotWarnings "0"
      sv_packet_info "0"
      sv_padPackets "0"
      sv_paused "0"
      sv_playlistFetchInterval "3600"
      sv_privateClients "0"
      sv_privatePassword ""
      sv_punkbuster "0"
      sv_pure "0"
      sv_QuickHealthRecharge "0"
      sv_RadarAlwaysOn "0"
      sv_randomizeBotNames "1"
      sv_reconnectlimit "3"
      sv_referencedFFCheckSums ""
      sv_referencedFFNames ""
      sv_referencedIwdNames ""
      sv_referencedIwds ""
      sv_replaceBots "0"
      sv_restoreDvars "1"
      sv_restrictedTempEnts "0"
      sv_running "1"
      sv_saveDeviceAvailable "1"
      sv_saveGameAvailable "0"
      sv_saveGameNotReadable "0"
      sv_saveOnStartMap "1"
      sv_sayName "console"
      sv_SetAllFree "0"
      sv_showAverageBPS "0"
      sv_showPingSpam "0"
      sv_smp "1"
      sv_SnapshotManLaw "1"
      sv_SnapshotPeek "1"
      sv_SuperPenetrate "0"
      sv_timeout "30"
      sv_TripleBullet "0"
      sv_UnlockAllIntel "0"
      sv_UnlockAllSlots "0"
      sv_useAnimCulling "0"
      sv_useVIS "1"
      sv_vac "1"
      sv_voice "1"
      sv_voiceQuality "3"
      sv_writeConfigStrings "0"
      sv_wwwBaseURL ""
      sv_zm_no_respawn "1"
      sv_znear "0"
      sv_zombietime "2"
      sys_configSum "266827972"
      sys_configureGHz "0.0275741"
      sys_cpuGHz "0.01"
      sys_cpuName "AMD Ryzen 5 5600G with Radeon Graphics         "
      sys_gpu "NVIDIA GeForce RTX 3060"
      sys_lockThreads "0"
      sys_smp_allowed "1"
      sys_SSE "1"
      sys_sysMB "1024"
      systemlink "0"
      systemlink_warning_shown "0"
      systemlinkparty "0"
      systemlinkpartyandhost "0"
      systemUiActive "0"
      takeCoverWarnings "7"
      team_indicator "0"
      teamsplitter_verbose "0"
      test_levels_bsps ""
      test_levels_choices "0"
      test_levels_names ""
      test_levels_selection ""
      theaterAftereffectOverride "-1"
      tickerHeaderWidth "0"
      tickerStandardWidth "300"
      tickerWidescreenWidth "400"
      timescale "1"
      tree_bend "1"
      tree_frequency "2"
      tree_random "0.1"
      tu_debugLobbyConnectionStatus "0"
      tu_dwSanityCheckAddressHandle "0"
      tu_goBackToLobbyFix "0"
      tu_ignoreMultipleRejoins "0"
      tu_onlyhostqos "0"
      tu_partySwitchLobbySyncParamsFix "0"
      tu_partyUISplitFix "0"
      tu_rejoinonhandshakefail "0"
      tu_reliableMessages "0"
      tu_waitForAnonymousMembers "0"
      turret_SentryTargetTime "4000"
      turretPlayerAvoidScale "1.7"
      turretScopeZoom "20"
      turretScopeZoomMax "20"
      turretScopeZoomMin "5"
      turretScopeZoomRate "15"
      typeWriterCod7LetterFXTime "50"
      ui3d_hudelem_maxheight "2000"
      ui3d_hudelem_maxscale "10"
      ui3d_hudelem_minheight "220"
      ui3d_hudelem_minscale "2"
      ui_allowConsole "0"
      ui_allowFov "0"
      ui_ammo_stock_width "0"
      ui_animSpeedScale "1"
      ui_autoContinue "0"
      ui_bigFont "0.4"
      ui_borderLowLightScale "0.6"
      ui_browserFriendlyfire "-1"
      ui_browserGameMode "0"
      ui_browserHideDlc "0"
      ui_browserKillcam "-1"
      ui_browserMod "-2"
      ui_browserShowDedicated "0"
      ui_browserShowEmpty "1"
      ui_browserShowFull "1"
      ui_browserShowInfo "0"
      ui_browserShowMapTip "0"
      ui_browserShowPassword "-1"
      ui_browserShowPunkBuster "-1"
      ui_browserShowPure "0"
      ui_browserShowToolTip "0"
      ui_browserToolTip ""
      ui_browserVoiceChat "-1"
      ui_buildLocation "16 0"
      ui_buildSize "0.2"
      ui_campaign "american"
      ui_challengeGameMode ""
      ui_cinematicsTimestamp "0"
      ui_clancardOpen "0"
      ui_clanCountNotZero "0"
      ui_clanDescription ""
      ui_clanName ""
      ui_clanRecommendationCount "0"
      ui_connectScreenTextGlowColor "0 0 0 1"
      ui_controllerPulled "-1"
      ui_currentMap "0"
      ui_currentNetMap "0"
      ui_currentRecentPlayer "0"
      ui_customClassName ""
      ui_customModeDesc ""
      ui_customModeEditDesc ""
      ui_customModeEditName ""
      ui_customModeIndex "0"
      ui_customModeName ""
      ui_dedicated "0"
      ui_demoname ""
      ui_downloadInfoLocation "150 150"
      ui_drawCrosshair "1"
      ui_dropdownButtonOffset "0"
      ui_dropdownListMax "0"
      ui_dropdownMax "0"
      ui_dropdownOffset "0"
      ui_ethernetLinkActive "1"
      ui_friendCountNotZero "0"
      ui_friendNameNew ""
      ui_friendPendingSelectedInd "0"
      ui_friendSelectedInd "0"
      ui_friendsListOpen "0"
      ui_gametype "zom"
      ui_grenade_death "0"
      ui_groupsCountNotZero "0"
      ui_incomingProposalCount "0"
      ui_incomingProposalCountNotZero "0"
      ui_inviteScreen "0"
      ui_inviteSelectedInd "0"
      ui_isClanMember "0"
      ui_isSaving "0"
      ui_joinGametype "0"
      ui_leaderboardFeederCountNotZero "0"
      ui_leaderboardOpen "0"
      ui_listboxIndex "0"
      ui_loadRawMenus "0"
      ui_lobbyLeaderBoard "0"
      ui_mapname ""
      ui_menuLvlNotify "1"
      ui_MOTDScrollRate "0.1"
      ui_mousePitch "0"
      ui_netGametypeName ""
      ui_netSource "1"
      ui_nextMission "0"
      ui_numPersonalBests "3"
      ui_onCloseArgs ""
      ui_onlineClanCount "0"
      ui_partyFull "0"
      ui_pendingControllerPullEvent "-1"
      ui_pendingSystemUIOpenEvent "-1"
      ui_playCoastOutroMovie "0"
      ui_playercardOpen "0"
      ui_playerListOpen "0"
      ui_playerPartyColor "0.94902 0.721569 0.211765 1"
      ui_playlistPopulationRefreshTime "1200"
      ui_readingSaveDevice "0"
      ui_recentPlayerCountNotZero "0"
      ui_recommendedCountNotZero "0"
      ui_right_ammo_width "0"
      ui_savegame ""
      ui_saveMessageMinTime "1"
      ui_scrollMOTDDelay "30"
      ui_scrollMOTDYOffset "0"
      ui_scrollMOTDYOffsetResetDelay "15"
      ui_scrollTextDelay "40"
      ui_scrollTextScrollRate "0.1"
      ui_scrollTextYOffset "0"
      ui_scrollTextYOffsetResetDelay "20"
      ui_serverStatusTimeOut "7000"
      ui_shipping_cheats "0"
      ui_showBryceMagic "0"
      ui_showDLCMaps "0"
      ui_showList "0"
      ui_showMenuOnly ""
      ui_signedInToProfile "0"
      ui_skipMainLockout "0"
      ui_smallFont "0.25"
      ui_sp_unlock "0"
      ui_totalClanMemberCount "0"
      unsubscriptionCooloffTimer "60000"
      use_localStats "0"
      useFastFile "1"
      useMapPreloading "1"
      useSvMapPreloading "1"
      vehanim_debug "0"
      vehanim_enable "1"
      vehCamPitch "15"
      vehControlMode "1"
      vehGunnerSplashDamage "0.1"
      vehHelicopterAlwaysFaceCamera "1"
      vehHelicopterAlwaysFaceCameraRate "2"
      vehHelicopterDecelerationFwd "0.5"
      vehHelicopterDecelerationSide "1"
      vehHelicopterDefaultPitch "0"
      vehHelicopterFreeLook "0"
      vehHelicopterFreeLookReleaseSpeed "8"
      vehHelicopterHeadSwayDontSwayTheTurret "0"
      vehHelicopterHeadSwayOnPitch "0.2"
      vehHelicopterHeadSwayOnRollHorz "0.1"
      vehHelicopterHeadSwayOnRollVert "2"
      vehHelicopterHeadSwayOnYaw "0.1"
      vehHelicopterHoverSpeedThreshold "400"
      vehHelicopterInvertUpDown "0"
      vehHelicopterJitterJerkyness "0.3"
      vehHelicopterLookaheadTime "1"
      vehHelicopterMaxAccelVertical "60"
      vehHelicopterMaxSpeedVertical "65"
      vehHelicopterPathTransitionTime "1.3"
      vehHelicopterRightStickDeadzone "0.3"
      vehHelicopterRotDecel "1.3"
      vehHelicopterScaleMovement "1"
      vehHelicopterSoftCollisions "0"
      vehHelicopterStrafeDeadzone "0.3"
      vehHelicopterTiltFromControllerAxes "0"
      vehHelicopterTiltFromFwdAndYaw "20"
      vehHelicopterTiltFromFwdAndYaw_VelAtMaxTilt "1"
      vehHelicopterTiltFromViewangles "3"
      vehHelicopterTiltMomentum "0.4"
      vehHelicopterYawAltitudeControls "Altitude: bumper buttons     Yaw: thumbstick"
      vehHelicopterYawOnLeftStick "5"
      vehHudTargetScreenEdgeClampBufferBottom "0"
      vehHudTargetScreenEdgeClampBufferLeft "0"
      vehHudTargetScreenEdgeClampBufferRight "0"
      vehHudTargetScreenEdgeClampBufferTop "0"
      vehHudTargetSize "30"
      vehicle_perk_boost_duration_seconds "0.74"
      vehicle_push_during_mantle "1"
      vehicle_riding "1"
      vehicle_selfCollision "1"
      vehicle_sounds_cutoff "3000"
      vehLocationalVehicleSeatEntry "1"
      vehLockTurretToPlayerView "0"
      vehRecenterDelay "3000"
      version "Plutonium T5 Co-Op (r5346)"
      vid_xpos "0"
      vid_ypos "0"
      voice_deadChat "0"
      voice_global "0"
      voice_localEcho "0"
      wagerCategory "0"
      wagerCategoryPlaylist "0"
      waitForStreamer "1"
      waitOnStatsTimeout "15"
      waterbrush_entity "-1"
      waypointDebugDraw "0"
      waypointDistFade "300"
      waypointDistScaleRangeMax "3000"
      waypointDistScaleRangeMin "1000"
      waypointDistScaleSmallest "0.8"
      waypointIconHeight "36"
      waypointIconWidth "36"
      waypointOffscreenCornerRadius "105"
      waypointOffscreenDistanceThresholdAlpha "30"
      waypointOffscreenPadBottom "30"
      waypointOffscreenPadLeft "40"
      waypointOffscreenPadRight "0"
      waypointOffscreenPadTop "0"
      waypointOffscreenPointerDistance "30"
      waypointOffscreenPointerHeight "12"
      waypointOffscreenPointerWidth "25"
      waypointOffscreenRoundedCorners "1"
      waypointOffscreenScaleLength "500"
      waypointOffscreenScaleSmallest "1"
      waypointPlayerOffsetCrouch "56"
      waypointPlayerOffsetProne "30"
      waypointPlayerOffsetStand "74"
      waypointSplitscreenScale "1.8"
      waypointTimeFade "500"
      waypointTweakY "-17"
      weapon_load_order "default"
      weaponCamoLodDist "1250"
      weaponClanTagLodDist "300"
      weaponEmblemLodDist "300"
      wideScreen "1"
      wind_debug_display "0"
      wind_global_hi_altitude "0"
      wind_global_low_altitude "0"
      wind_global_low_strength_percent "1"
      wind_global_vector "1 0 0"
      wind_grass_gust_distance "2000"
      wind_grass_gust_radius "400"
      wind_grass_gust_speed "1"
      wind_grass_gust_strength "0.5"
      wind_grass_gustinterval "250"
      wind_grass_scale "10000"
      wind_grass_tension "0.001"
      wind_leaf_scale "176"
      wind_local_amplitude "1 1 1 0"
      wind_local_frequency "6 6 6"
      wind_local_gust_radius "1000"
      wind_local_gust_strength "0.8"
      wind_local_vector "0 1 0 0"
      xblive_allmappacks "0"
      xblive_anymappacks "0"
      xblive_clanListChanged "0"
      xblive_clanmatch "0"
      xblive_contentpath ""
      xblive_hostingprivateparty "0"
      xblive_loggedin "1"
      xblive_mappacks "0"
      xblive_matchEndingSoon "0"
      xblive_privatematch "0"
      xblive_privatepartyclient "0"
      xblive_rankedmatch "0"
      xblive_showmarketplace "0"
      xblive_wagermatch "0"
      xenon_maxVoicePacketsPerSec "100"
      xenon_maxVoicePacketsPerSecForServer "20"
      xenon_voiceDebug "0"
      xenon_voiceDegrade "0"
      zero_stats_check "1"
      zombie_cheat "0"
      zombie_debug "0"
      zombie_dog_animset "zombie"
      zombie_kill_timer "5"
      zombie_kills "7"
      zombie_reachin_freq "50"
      zombie_taunt_freq "5"
      zombie_unlock_all ""
      zombiefive_discovered "1"
      zombiefive_discovered_override "1"
      zombiefive_norandomchar "1"
      zombiemode "1"
      zombiemode_path_minz_bias "50"
      zombieStopSplitScreen "1"
      zombietron "0"
      zombietron_discovered "1"
      zombietron_discovered_override "1"

2669 total dvars
2669 dvar indexes
=============================== END DVAR DUMP =====================================
Executing 'main' for scripts/sp/zm_spawn_fix.gsc
Finished 'main' for scripts/sp/zm_spawn_fix.gsc
Error: Could not load weapon "stg44_zm".
Error: Could not load weapon "stg44_upgraded_zm".
Error: Could not load rawfile "shock/zombie_death.shock".
Error: couldn't open 'shock/zombie_death.shock'.
'0' is not a valid value for dvar 'bg_shock_viewKickPeriod'
  Domain is any number from 0.001 to 1000
'0' is not a valid value for dvar 'bg_shock_soundFadeInTime'
  Domain is any number from 0.001 to 1000
Error: Could not load xmodel "fx".
Replaced vending_trigger_think for nonsolo quickrevive
Error: Could not load rawfile "shock/electrocution.shock".
Error: couldn't open 'shock/electrocution.shock'.
Error: Invalid counter string id: global_solo_games
Error: Could not load xmodel "t7_wpn_zmb_gersch_view".
Error: Could not load xmodel "t7_wpn_zmb_gersch_world".
Executing 'init' for scripts/sp/zm_random_char.gsc
Finished 'init' for scripts/sp/zm_random_char.gsc
Executing 'init' for scripts/sp/zm_spawn_fix.gsc
Finished 'init' for scripts/sp/zm_spawn_fix.gsc
Executing 'init' for scripts/sp/zom/counter_script.gsc
Finished 'init' for scripts/sp/zom/counter_script.gsc
-----------------------------------
Error: Could not load stringtable "credits_pc.csv".
high temp: 0x53260
high perm: 0x53260
low temp: 0x9168
low perm: 0x9168
total: 0xF00000
ram: 975.6289 MB
peak ram: 0.0000 MB
peak nt ram: 977.7070 MB
Unknown command "fade"
Received connectReq! Sending response...
Received mod dl info! Sending response...
User with id 6299053 successfully authenticated.
Letting player with userid 6299053 into the server because the challenge verification completed successfully.
Unable to get XNADDR for incoming packet from 51.253.250.194
Party_FindMember: Error converting net address 51.253.250.194 into platform specific address
Party_FindMember: If followed by address errors, address should be validated before calling Party_FindMember
Going from CS_FREE to CS_CONNECTED for  (num 0 guid 6299053)
Received packet 0 of 1 of stats data
--
DynEnt_WriteGameState wrote 2 bytes
--
Timestamp: SV_SpawnServer 1789831127
STEAM: Set server appid to 0
------ Server Initialization ------
Server: zm_moon
Unloading assets from fastfile 'zombie_cosmodrome' and creating default assets stubs
Unloading assets from fastfile 'en_zombie_cosmodrome' and creating default assets stubs
Unloading assets from fastfile 'zombie_cosmodrome_patch' and creating default assets stubs
Unloaded fastfile 'zombie_cosmodrome'
PMem_Free( zombie_cosmodrome, Low )
PMem_Free( zombie_cosmodrome, High )
Unloaded fastfile 'en_zombie_cosmodrome'
PMem_Free( en_zombie_cosmodrome, Low )
PMem_Free( en_zombie_cosmodrome, High )
Unloaded fastfile 'zombie_cosmodrome_patch'
PMem_Free( zombie_cosmodrome_patch, Low )
PMem_Free( zombie_cosmodrome_patch, High )
Adding fastfile 'zm_moon_patch' to queue
Adding fastfile 'en_zm_moon' to queue
Adding fastfile 'zm_moon' to queue
Adding fastfile 'zm_moon_patch_override' to queue
WARNING: Could not find zone 'C:\T5Server\zone\english\zm_moon_patch.ff'
WARNING: Could not find zone 'C:\T5Server\zone\english\en_zm_moon.ff'
WARNING: Could not find zone 'C:\T5Server\zone\english\zm_moon.ff'
WARNING: Could not find zone 'C:\T5Server\zone\english\zm_moon_patch_override.ff'
Error: Could not load col_map_mp "maps/zm_moon.d3dbsp".

====================================================
Com_ERROR: Couldn't find the bsp for this map.  Please build the fast file associated with maps/zm_moon.d3dbsp and try again.
====================================================

ERROR: No languages available because no localized assets were found
********************
ERROR: Couldn't find the bsp for this map.  Please build the fast file associated with maps/zm_moon.d3dbsp and try again.
********************
SV_Shutdown: Couldn't find the bsp for this map.  Please build the fast file associated with maps/zm_moon.d3dbsp and try again.
----- Server Shutdown -----
0:wesir EXE_DISCONNECTED
---------------------------
PMem_Free( PerLocalClient, Low )
PMem_Free( PerLocalClient, High )
Calling Party_StopParty() on lobby
Clearing migration data
Unknown command "t5sp"
execing dedicated_sp.cfg from disk
Error: sv_disableClientConsole can only be changed by the server
Error: sv_floodProtect can only be changed by the server
Error: sv_voice can only be changed by the server
Error: sv_voiceQuality can only be changed by the server
Error: sp_minplayers can only be changed by the server
Error: sv_wwwBaseURL can only be changed by the server
Error: perk_weapRateEnhanced can only be changed by the server
Error: g_playerEjection can only be changed by the server
Error: g_patchRocketJumps can only be changed by the server
Error: g_playerCollision can only be changed by the server
Unknown command "limit"
Unknown command "range"
Unknown command "value"
Error: Already contained!
Error: Already contained!
Error: Already contained!
Error: Already contained!
'8' is not a valid value for dvar 'sv_maxclients'
  Domain is any integer from 1 to 4
Error: sv_floodProtect can only be changed by the server
map_rotate...

"sv_mapRotation" is:"map zombie_theater map zombie_pentagon map zombie_cosmodrome map zombie_coast map zombie_temple map zombie_moon map zombie_cod5_prototype map zombie_cod5_asylum map zombie_cod5_sumpf map zombie_cod5_factory"

"sv_mapRotationCurrent" is:" map zombie_coast map zombie_temple map zombie_moon map zombie_cod5_prototype map zombie_cod5_asylum map zombie_cod5_sumpf map zombie_cod5_factory"

Setting map: zombie_coast.
Timestamp: SV_SpawnServer 1789831127
Error: Could not load material "menu_mp_lobby_scrollbar_main".
Error: Could not load material "menu_mp_lobby_scrollbar_block".
Error: Could not load material "playlist_sp_recr".
Error: Could not load material "playlist_sp_reg".
Error: Could not load material "playlist_sp_hard".
Error: Could not load material "playlist_sp_vet".
STEAM: Set server appid to 42718
------ Server Initialization ------
Server: zombie_coast
Adding fastfile 'zombie_coast_patch' to queue
Adding fastfile 'en_zombie_coast' to queue
Adding fastfile 'zombie_coast' to queue
Adding fastfile 'zombie_coast_patch_override' to queue
Loading fastfile 'zombie_coast_patch'
used 0.76 MB memory in DB alloc
Loading fastfile 'en_zombie_coast'
used 0.39 MB memory in DB alloc
Loading fastfile 'zombie_coast'
used 99.09 MB memory in DB alloc
WARNING: Could not find zone 'C:\T5Server\zone\english\zombie_coast_patch_override.ff'
------- Game Initialization -------
gamename: PT5SP
gamedate: Aug 25 2026
Initializing game at 09/19/26 18:18:48 +0300
Current uptime: 00:19:55
Level time: 0
Restart: 0
Error: Could not load rawfile "maps/gametypes/zom.gsc".
animscripts/traverse/zombie_mantle_over_40animscripts/traverse/zombie_jump_up_to_climb_coastanimscripts/traverse/zombie_jump_down_127animscripts/traverse/zombie_climb_chainanimscripts/traverse/zombie_jump_up_to_climbanimscripts/traverse/zombie_zipline_traverse_shipanimscripts/traverse/zombie_jump_down_72animscripts/traverse/zombie_zipline_traverse_lighthouseanimscripts/traverse/zombie_jump_up_to_climb_reverse_coastanimscripts/traverse/zombie_jump_down_184animscripts/traverse/zombie_jump_down_96animscripts/traverse/zombie_jump_up_222_coastanimscripts/traverse/zombie_jump_down_232_coastLoading script scripts/sp/zm_random_char.gsc...
Script scripts/sp/zm_random_char.gsc loaded successfully.
Loading script scripts/sp/zm_spawn_fix.gsc...
Script scripts/sp/zm_spawn_fix.gsc loaded successfully.
Loading script scripts/sp/zom/counter_script.gsc...
Script scripts/sp/zom/counter_script.gsc loaded successfully.
Loading script scripts/sp/zom/zm_spawn_fix.gsc...
Script scripts/sp/zom/zm_spawn_fix.gsc loaded successfully.
Script scripts/sp/zom/zm_spawn_fix.gsc has no 'main' or 'init'.
Could not load xanim "generic_talker_allies".
Could not load xanim "generic_talker_axis".
Could not load xanim "generic_lookupleft".
Could not load xanim "generic_lookupright".
Could not load xanim "crew_truck_driver_climbin".
Could not load xanim "crew_truck_passenger_climbin".
Could not load xanim "crew_snowcat_driver_idle".
Could not load xanim "crew_truck_guy8_climbin".
Could not load xanim "crew_truck_guy7_climbin".
Could not load xanim "crew_truck_guy6_climbin".
Could not load xanim "crew_truck_guy5_climbin".
Could not load xanim "crew_truck_guy4_climbin".
Could not load xanim "crew_truck_guy3_climbin".
Could not load xanim "crew_truck_guy2_climbin".
Could not load xanim "crew_truck_guy1_climbin".
Could not load xanim "ai_meatshield_hostage_dead_drop".
Could not load xanim "int_meatshield_hostage_dead_drop".
Could not load xanim "ai_meatshield_hostage_dead_idle_steady".
Could not load xanim "int_meatshield_hostage_dead_idle_steady".
Could not load xanim "ai_meatshield_hostage_dead_idle".
Could not load xanim "int_meatshield_hostage_dead_idle".
Could not load xanim "ai_meatshield_hostage_trans_2_dead".
Could not load xanim "int_meatshield_hostage_trans_2_dead".
Could not load xanim "ai_meatshield_victim_aim_idle_steady".
Could not load xanim "int_meatshield_player_aim_idle_leftarm_steady".
Could not load xanim "ai_meatshield_victim_aim_idle".
Could not load xanim "int_meatshield_player_aim_idle_leftarm".
Could not load xanim "ai_meatshield_grab".
Could not load xanim "int_meatshield_grab".
Could not load xanim "ai_contextual_melee_headpunch_quick".
Could not load xanim "ai_contextual_melee_judochop_quick".
Could not load xanim "ai_contextual_melee_elbow_hit_quick".
Could not load xanim "ai_contextual_melee_kneekick_quick".
Could not load xanim "ai_contextual_melee_crouch_neckstab_quick".
Could not load xanim "ai_contextual_melee_neckstabcrouch_death_quick".
Could not load xanim "ai_contextual_melee_neckstab_quick".
Could not load xanim "ai_contextual_melee_necksnap_quick".
Could not load xanim "ai_contextual_melee_garrotesit_death_quick".
Could not load xanim "ai_contextual_melee_garrote_quick".
Could not load xanim "ai_contextual_melee_neckstabcrouch_death".
Could not load xanim "ai_contextual_melee_neckstabcrouch_idle".
Could not load xanim "ai_contextual_melee_neckstab".
Could not load xanim "ai_contextual_melee_necksnap".
Could not load xanim "ai_contextual_melee_garrotesit_deathpose".
Could not load xanim "ai_contextual_melee_garrotesit_death".
Could not load xanim "ai_contextual_melee_garrotesit_idle".
Could not load xanim "ai_contextual_melee_garrote".
Could not load xanim "int_contextual_melee_headpunch_quick".
Could not load xanim "int_contextual_melee_judochop_quick".
Could not load xanim "int_contextual_melee_elbow_hit_quick".
Could not load xanim "int_contextual_melee_kneekick_quick".
Could not load xanim "int_contextual_melee_crouch_neckstab_quick".
Could not load xanim "int_contextual_melee_neckstabcrouch_quick".
Could not load xanim "int_contextual_melee_neckstab_quick".
Could not load xanim "int_contextual_melee_necksnap_quick".
Could not load xanim "int_contextual_melee_garrotesit_quick".
Could not load xanim "int_contextual_melee_garrote_quick".
Could not load xanim "int_contextual_melee_neckstabcrouch".
Could not load xanim "int_contextual_melee_neckstab".
Could not load xanim "int_contextual_melee_necksnap".
Could not load xanim "int_contextual_melee_garrotesit".
Could not load xanim "int_contextual_melee_garrote".
Could not load xanim "crew_jeep1_passenger_to_driver".
Could not load xanim "crew_jeep1_passenger3_climbin_fast".
Could not load xanim "crew_jeep1_passenger2_climbin_fast".
Could not load xanim "crew_jeep1_passenger1_climbin_fast".
Could not load xanim "crew_jeep1_driver_climbin_fast".
Could not load xanim "crew_jeep1_passenger3_climbout_fast".
Could not load xanim "crew_jeep1_passenger2_climbout_fast".
Could not load xanim "crew_jeep1_passenger1_climbout_fast".
Could not load xanim "crew_jeep1_driver_climbout_fast".
Could not load xanim "ai_zombie_thundergun_hit_legsout_right".
Could not load xanim "ai_zombie_thundergun_hit_legsout_left".
Could not load xanim "ai_zombie_thundergun_hit_upontoback".
Could not load xanim "ai_zombie_thundergun_hit_stumblefall".
Could not load xanim "ai_zombie_thundergun_hit_forwardtoface".
Could not load xanim "ai_zombie_thundergun_hit_flatonback".
Could not load xanim "ai_zombie_thundergun_hit_doublebounce".
Could not load xanim "ai_zombie_thundergun_hit_deadfallknee".
Could not load xanim "ai_zombie_thundergun_hit_armslegsforward".
Could not load xanim "ai_zombie_thundergun_hit_faceplant".
Could not load xanim "ai_zombie_thundergun_getup_quick_c".
Could not load xanim "ai_zombie_thundergun_getup_quick_b".
Could not load xanim "ai_zombie_thundergun_getup_c".
Could not load xanim "ai_zombie_thundergun_getup_b".
Could not load xanim "ai_zombie_thundergun_getup_quick_a".
Could not load xanim "ai_zombie_thundergun_getup_a".
Could not load xanim "bog_melee_r_defend".
Could not load xanim "bog_melee_r_attack".
Could not load xanim "crew_bike_m72_aim_r_5".
Could not load xanim "crew_bike_m72_aim_l_5".
Could not load xanim "crew_bike_m72_aim_f_5".
Could not load xanim "crew_bike_m72_blindfire".
Could not load xanim "crew_bike_m72_lean_right_unarmed".
Could not load xanim "crew_bike_m72_lean_right_armed".
Could not load xanim "crew_bike_m72_lean_left_unarmed".
Could not load xanim "crew_bike_m72_lean_left_armed".
Could not load xanim "crew_bike_m72_jump_land_unarmed".
Could not load xanim "crew_bike_m72_jump_land_armed".
Could not load xanim "crew_bike_m72_jump_start_unarmed".
Could not load xanim "crew_bike_m72_jump_start_armed".
Could not load xanim "crew_bike_m72_drive_straight".
Could not load xanim "crew_bike_m72_aim_gun_putaway".
Could not load xanim "crew_bike_m72_aim_gun_pullot".
Could not load xanim "crew_bike_m72_r_fire".
Could not load xanim "crew_bike_m72_l_fire".
Could not load xanim "crew_bike_m72_f_fire".
Could not load xanim "crew_bike_m72_aim_r_8".
Could not load xanim "crew_bike_m72_aim_l_8".
Could not load xanim "crew_bike_m72_aim_f_8".
Could not load xanim "crew_bike_m72_aim_r_6".
Could not load xanim "crew_bike_m72_aim_l_6".
Could not load xanim "crew_bike_m72_aim_f_6".
Could not load xanim "crew_bike_m72_aim_r_4".
Could not load xanim "crew_bike_m72_aim_l_4".
Could not load xanim "crew_bike_m72_aim_f_4".
Could not load xanim "crew_bike_m72_aim_r_2".
Could not load xanim "crew_bike_m72_aim_l_2".
Could not load xanim "crew_bike_m72_aim_f_2".
Could not load xanim "ai_m113_gunner_aim_up".
Could not load xanim "ai_m113_gunner_aim_down".
Could not load xanim "ai_m113_gunner_aim".
Could not load xanim "ai_boat_pbr_gunner_aim_up".
Could not load xanim "ai_boat_pbr_gunner_aim_down".
Could not load xanim "ai_boat_pbr_gunner_aim".
Could not load xanim "ai_50cal_gunner_aim_down".
Could not load xanim "ai_50cal_gunner_aim_up".
Could not load xanim "ai_50cal_gunner_aim".
Could not load xanim "crew_truck_guy6_climbout_fast".
Could not load xanim "crew_truck_guy5_climbout_fast".
Could not load xanim "crew_truck_guy2_climbout_fast".
Could not load xanim "crew_truck_guy1_climbout_fast".
Could not load xanim "crew_gaz63_passenger_climbout_fast".
Could not load xanim "crew_gaz63_driver_jump_out".
Could not load xanim "crew_truck_guy8_climbout".
Could not load xanim "crew_truck_guy7_climbout".
Could not load xanim "crew_truck_guy6_climbout".
Could not load xanim "crew_truck_guy5_climbout".
Could not load xanim "crew_truck_guy4_climbout".
Could not load xanim "crew_truck_guy3_climbout".
Could not load xanim "crew_truck_guy2_climbout".
Could not load xanim "crew_truck_guy1_climbout".
Could not load xanim "crew_truck_passenger_climbout".
Could not load xanim "crew_truck_driver_climbout".
Could not load xanim "crew_truck_guy8_sit_idle".
Could not load xanim "crew_truck_guy7_sit_idle".
Could not load xanim "crew_truck_guy6_sit_idle".
Could not load xanim "crew_truck_guy5_sit_idle".
Could not load xanim "crew_truck_guy4_sit_idle".
Could not load xanim "crew_truck_guy3_sit_idle".
Could not load xanim "crew_truck_guy2_sit_idle".
Could not load xanim "crew_truck_guy1_sit_idle".
Could not load xanim "crew_gaz63_passenger_sit_idle".
Could not load xanim "crew_truck_passenger_sit_idle".
Could not load xanim "crew_truck_driver_sit_idle".
Could not load xanim "crew_police_passenger_climbout".
Could not load xanim "crew_police_driver_climbout".
Could not load xanim "crew_police_passenger_idle".
Could not load xanim "crew_police_driver_idle".
Could not load xanim "crew_uaz_passenger3_idle".
Could not load xanim "crew_uaz_passenger2_idle".
Could not load xanim "crew_uaz_passenger1_idle".
Could not load xanim "crew_uaz_driver_idle".
Could not load xanim "uaz_passenger_enter_from_huntedrun".
Could not load xanim "crew_uaz_passenger3_tumbleout".
Could not load xanim "crew_uaz_passenger1_tumbleout".
Could not load xanim "crew_uaz_driver_tumbleout".
Could not load xanim "uaz_driver_enter_from_huntedrun".
Could not load xanim "crew_uaz_passenger3_climbout".
Could not load xanim "crew_uaz_passenger2_climbout".
Could not load xanim "crew_uaz_passenger1_climbout".
Could not load xanim "crew_uaz_driver_climbout".
Could not load xanim "crew_jeep1_passenger3_turn_right_heavy".
Could not load xanim "crew_jeep1_passenger2_turn_right_heavy".
Could not load xanim "crew_jeep1_passenger1_turn_right_heavy".
Could not load xanim "crew_jeep1_driver_turn_right_heavy".
Could not load xanim "crew_jeep1_passenger3_turn_right_light".
Could not load xanim "crew_jeep1_passenger2_turn_right_light".
Could not load xanim "crew_jeep1_passenger1_turn_right_light".
Could not load xanim "crew_jeep1_driver_turn_right_light".
Could not load xanim "crew_jeep1_passenger3_turn_left_heavy".
Could not load xanim "crew_jeep1_passenger2_turn_left_heavy".
Could not load xanim "crew_jeep1_passenger1_turn_left_heavy".
Could not load xanim "crew_jeep1_driver_turn_left_heavy".
Could not load xanim "crew_jeep1_passenger3_turn_left_light".
Could not load xanim "crew_jeep1_passenger2_turn_left_light".
Could not load xanim "crew_jeep1_passenger1_turn_left_light".
Could not load xanim "crew_jeep1_driver_turn_left_light".
Could not load xanim "crew_jeep1_passenger3_stop".
Could not load xanim "crew_jeep1_passenger2_stop".
Could not load xanim "crew_jeep1_passenger1_stop".
Could not load xanim "crew_jeep1_driver_stop".
Could not load xanim "crew_jeep1_passenger3_start".
Could not load xanim "crew_jeep1_passenger2_start".
Could not load xanim "crew_jeep1_passenger1_start".
Could not load xanim "crew_jeep1_driver_start".
Could not load xanim "crew_jeep1_passenger3_climbin".
Could not load xanim "crew_jeep1_passenger2_climbin".
Could not load xanim "crew_jeep1_passenger1_climbin".
Could not load xanim "crew_jeep1_driver_climbin".
Could not load xanim "crew_jeep1_passenger3_climbout".
Could not load xanim "crew_jeep1_passenger2_climbout".
Could not load xanim "crew_jeep1_passenger1_climbout".
Could not load xanim "crew_jeep1_driver_climbout".
Could not load xanim "crew_jeep1_passenger3_death_fire".
Could not load xanim "crew_jeep1_passenger2_death_fire".
Could not load xanim "crew_jeep1_passenger1_death_fire".
Could not load xanim "crew_jeep1_driver_death_fire".
Could not load xanim "crew_jeep1_passenger3_death_shot".
Could not load xanim "crew_jeep1_passenger2_death_shot".
Could not load xanim "crew_jeep1_passenger1_death_shot".
Could not load xanim "crew_jeep1_driver_death_shot".
Could not load xanim "crew_jeep1_passenger3_drive_under_fire".
Could not load xanim "crew_jeep1_passenger2_drive_under_fire".
Could not load xanim "crew_jeep1_passenger1_drive_under_fire".
Could not load xanim "crew_jeep1_driver_drive_under_fire".
Could not load xanim "crew_jeep1_passenger3_drive_idle".
Could not load xanim "crew_jeep1_passenger2_drive_idle".
Could not load xanim "crew_jeep1_passenger1_drive_idle".
Could not load xanim "crew_jeep1_driver_drive_idle".
Could not load xanim "ai_huey_passenger_waiting".
Could not load xanim "ai_huey_passenger_b_rt_exit".
Could not load xanim "ai_huey_passenger_b_rt".
Could not load xanim "ai_huey_passenger_f_rt_exit".
Could not load xanim "ai_huey_passenger_f_rt_enter".
Could not load xanim "ai_huey_passenger_f_rt".
Could not load xanim "ai_huey_passenger_m_rt_enter".
Could not load xanim "ai_huey_passenger_m_lt_enter".
Could not load xanim "ai_huey_passenger_f_lt_exit".
Could not load xanim "ai_huey_passenger_f_lt_enter".
Could not load xanim "ai_huey_passenger_f_lt".
Could not load xanim "ai_huey_passenger_b_lt_exit".
Could not load xanim "ai_huey_passenger_b_lt_enter".
Could not load xanim "ai_huey_passenger_b_lt".
Could not load xanim "ai_huey_gunner2_exit".
Could not load xanim "ai_huey_gunner2_enter".
Could not load xanim "ai_huey_gunner2".
Could not load xanim "ai_huey_gunner1_exit".
Could not load xanim "ai_huey_gunner1_enter".
Could not load xanim "ai_huey_gunner1".
Could not load xanim "ai_huey_pilot2_idle_loop1".
Could not load xanim "ai_huey_pilot1_idle_loop1".
Could not load xanim "ai_mi8_pilot1_idle_loop2".
Could not load xanim "ai_mi8_pilot1_idle_loop1".
Could not load xanim "ai_revive_reviver_onback_left_get_up".
Could not load xanim "ai_revive_reviver_onback_left_revive".
Could not load xanim "ai_revive_wounded_onback_left_get_up".
Could not load xanim "ai_revive_wounded_onback_left_revive".
Could not load xanim "ai_revive_wounded_onback_loop".
Could not load xanim "ai_revive_wounded_onback_fall_crouch".
Could not load xanim "ai_revive_wounded_onback_fall_stand".
Could not load xanim "ai_dying_crawl_2_back_revive".
Could not load xanim "ai_flame_wounded_stand_d".
Could not load xanim "ai_flame_wounded_stand_c".
Could not load xanim "ai_flame_wounded_stand_b".
Could not load xanim "ai_flame_wounded_stand_a".
Could not load xanim "ai_flame_wounded_crouch_d".
Could not load xanim "ai_flame_wounded_crouch_c".
Could not load xanim "ai_flame_wounded_crouch_b".
Could not load xanim "ai_flame_wounded_crouch_a".
Could not load xanim "run_pain_stumble".
Could not load xanim "run_pain_stomach".
Could not load xanim "run_pain_fallonknee_03".
Could not load xanim "run_pain_fallonknee_02".
Could not load xanim "run_pain_fallonknee".
Could not load xanim "exposed_pain_right_arm".
Could not load xanim "exposed_pain_leg".
Could not load xanim "exposed_pain_left_arm".
Could not load xanim "exposed_pain_groin".
Could not load xanim "exposed_pain_dropgun".
Could not load xanim "exposed_pain_back".
Could not load xanim "exposed_pain_2_crouch".
Could not load xanim "exposed_crouch_pain_right_arm".
Could not load xanim "exposed_crouch_pain_left_arm".
Could not load xanim "exposed_crouch_pain_headsnap".
Could not load xanim "exposed_crouch_pain_flinch".
Could not load xanim "exposed_crouch_pain_chest".
Could not load xanim "back_pain".
Could not load xanim "saw_gunner_lowwall_pain_02".
Could not load xanim "saw_gunner_pain".
Could not load xanim "ai_death_upontoback".
Could not load xanim "ai_bayonet_right_death".
Could not load xanim "ai_bayonet_left_death".
Could not load xanim "ai_bayonet_back_death".
Could not load xanim "ai_bayonet_shoulder_death".
Could not load xanim "ai_bayonet_thrust_death".
Could not load xanim "ai_deadly_wounded_torso_hit".
Could not load xanim "ai_deadly_wounded_leg_r_hit".
Could not load xanim "ai_deadly_wounded_leg_l_hit".
Could not load xanim "ai_deadly_wounded_flamedb_hit".
Could not load xanim "ai_deadly_wounded_flameda_hit".
Could not load xanim "ai_flame_death_crouch_h".
Could not load xanim "ai_flame_death_crouch_g".
Could not load xanim "ai_flame_death_crouch_f".
Could not load xanim "ai_flame_death_crouch_e".
Could not load xanim "ai_flame_death_crouch_d".
Could not load xanim "ai_flame_death_crouch_c".
Could not load xanim "ai_flame_death_crouch_b".
Could not load xanim "ai_flame_death_crouch_a".
Could not load xanim "ai_flame_death_h".
Could not load xanim "ai_flame_death_g".
Could not load xanim "ai_flame_death_f".
Could not load xanim "ai_flame_death_e".
Could not load xanim "ai_flame_death_d".
Could not load xanim "ai_flame_death_c".
Could not load xanim "ai_flame_death_b".
Could not load xanim "ai_flame_death_a".
Could not load xanim "saw_gunner_lowwall_death".
Could not load xanim "saw_gunner_death".
Could not load xanim "run_death_roll".
Could not load xanim "run_death_fallonback_02".
Could not load xanim "run_death_fallonback".
Could not load xanim "run_death_facedown".
Could not load xanim "exposed_death_neckgrab".
Could not load xanim "exposed_death_twist".
Could not load xanim "exposed_death_nerve".
Could not load xanim "exposed_death_headtwist".
Could not load xanim "exposed_death_headshot".
Could not load xanim "exposed_death_groin".
Could not load xanim "exposed_death_firing_02".
Could not load xanim "exposed_death_firing".
Could not load xanim "exposed_death_falltoknees_02".
Could not load xanim "exposed_death_falltoknees".
Could not load xanim "exposed_death_02".
Could not load xanim "exposed_death".
Could not load xanim "exposed_crouch_death_twist".
Could not load xanim "exposed_crouch_death_flip".
Could not load xanim "exposed_crouch_death_fetal".
Could not load xanim "death_explosion_stand_up_v2".
Could not load xanim "death_explosion_stand_up_v1".
Could not load xanim "death_explosion_run_l_v2".
Could not load xanim "death_explosion_run_l_v1".
Could not load xanim "death_explosion_run_r_v2".
Could not load xanim "death_explosion_run_r_v1".
Could not load xanim "death_explosion_run_b_v2".
Could not load xanim "death_explosion_run_b_v1".
Could not load xanim "death_explosion_run_f_v4".
Could not load xanim "death_explosion_run_f_v3".
Could not load xanim "death_explosion_run_f_v2".
Could not load xanim "death_explosion_run_f_v1".
Could not load xanim "death_explosion_stand_r_v2".
Could not load xanim "death_explosion_stand_r_v1".
Could not load xanim "death_explosion_stand_l_v3".
Could not load xanim "death_explosion_stand_l_v2".
Could not load xanim "death_explosion_stand_l_v1".
Could not load xanim "death_explosion_stand_f_v4".
Could not load xanim "death_explosion_stand_f_v3".
Could not load xanim "death_explosion_stand_f_v2".
Could not load xanim "death_explosion_stand_f_v1".
Could not load xanim "death_explosion_stand_b_v4".
Could not load xanim "death_explosion_stand_b_v3".
Could not load xanim "death_explosion_stand_b_v2".
Could not load xanim "death_explosion_stand_b_v1".
Could not load xanim "ai_pillar_crouch_grenade_throw_03".
Could not load xanim "ai_pillar_crouch_grenade_throw_02".
Could not load xanim "ai_pillar_crouch_grenade_throw_01".
Could not load xanim "ai_pillar_stand_grenade_throw_03".
Could not load xanim "ai_pillar_stand_grenade_throw_02".
Could not load xanim "ai_pillar_stand_grenade_throw_01".
Could not load xanim "saw_gunner_lowwall_runout_mr".
Could not load xanim "saw_gunner_lowwall_runout_ml".
Could not load xanim "saw_gunner_lowwall_runout_m".
Could not load xanim "saw_gunner_lowwall_runout_r".
Could not load xanim "saw_gunner_lowwall_runout_l".
Could not load xanim "saw_gunner_lowwall_runin_mr".
Could not load xanim "saw_gunner_lowwall_runin_ml".
Could not load xanim "saw_gunner_lowwall_runin_m".
Could not load xanim "saw_gunner_lowwall_runin_r".
Could not load xanim "saw_gunner_lowwall_runin_l".
Could not load xanim "saw_gunner_runout_mr".
Could not load xanim "saw_gunner_runout_ml".
Could not load xanim "saw_gunner_runout_m".
Could not load xanim "saw_gunner_runout_r".
Could not load xanim "saw_gunner_runout_l".
Could not load xanim "saw_gunner_runin_mr".
Could not load xanim "saw_gunner_runin_ml".
Could not load xanim "saw_gunner_runin_m".
Could not load xanim "saw_gunner_runin_r".
Could not load xanim "saw_gunner_runin_l".
Could not load xanim "coverstand_pain_leg".
Could not load xanim "coverstand_pain_groin".
Could not load xanim "coverstand_death_right".
Could not load xanim "coverstand_death_left".
Could not load xanim "coverstand_trans_in_mr".
Could not load xanim "coverstand_trans_in_ml".
Could not load xanim "coverstand_trans_in_r".
Could not load xanim "coverstand_trans_in_m".
Could not load xanim "coverstand_trans_in_l".
Could not load xanim "coverstand_trans_out_mr".
Could not load xanim "coverstand_trans_out_ml".
Could not load xanim "coverstand_trans_out_r".
Could not load xanim "coverstand_trans_out_m".
Could not load xanim "coverstand_trans_out_l".
Could not load xanim "coverstand_grenadeb".
Could not load xanim "coverstand_grenadea".
Could not load xanim "cornercrr_trans_out_r".
Could not load xanim "cornercrr_trans_out_mr".
Could not load xanim "cornercrr_trans_out_ml".
Could not load xanim "cornercrr_trans_out_mf".
Could not load xanim "cornercrr_trans_out_m".
Could not load xanim "cornercrr_trans_out_l".
Could not load xanim "cornercrr_trans_out_f".
Could not load xanim "cornercrr_trans_in_r".
Could not load xanim "cornercrr_trans_in_mr".
Could not load xanim "cornercrr_trans_in_ml".
Could not load xanim "cornercrr_trans_in_mf".
Could not load xanim "cornercrr_trans_in_m".
Could not load xanim "cornercrr_trans_in_l".
Could not load xanim "cornercrr_trans_in_f".
Could not load xanim "cornercrr_grenadea".
Could not load xanim "corner_standl_trans_out_8".
Could not load xanim "corner_standl_trans_out_7".
Could not load xanim "corner_standl_trans_out_6".
Could not load xanim "corner_standl_trans_out_4".
Could not load xanim "corner_standl_trans_out_3".
Could not load xanim "corner_standl_trans_out_2".
Could not load xanim "corner_standl_trans_out_1".
Could not load xanim "corner_standl_trans_in_8".
Could not load xanim "corner_standl_trans_in_7".
Could not load xanim "corner_standl_trans_in_6".
Could not load xanim "corner_standl_trans_in_3".
Could not load xanim "corner_standl_trans_in_2".
Could not load xanim "corner_standl_trans_in_1".
Could not load xanim "corner_standl_trans_in_4".
Could not load xanim "corner_standr_trans_out_9".
Could not load xanim "corner_standr_trans_out_8".
Could not load xanim "corner_standr_trans_out_6".
Could not load xanim "corner_standr_trans_out_4".
Could not load xanim "corner_standr_trans_out_3".
Could not load xanim "corner_standr_trans_out_2".
Could not load xanim "corner_standr_trans_out_1".
Could not load xanim "corner_standr_trans_in_9".
Could not load xanim "corner_standr_trans_in_8".
Could not load xanim "corner_standr_trans_in_6".
Could not load xanim "corner_standr_trans_in_3".
Could not load xanim "corner_standr_trans_in_1".
Could not load xanim "corner_standr_trans_in_2".
Could not load xanim "corner_standr_trans_in_4".
Could not load xanim "corner_standr_painc".
Could not load xanim "corner_standr_painb".
Could not load xanim "corner_standr_pain".
Could not load xanim "corner_standr_grenade_b".
Could not load xanim "corner_standr_grenade_a".
Could not load xanim "corner_standr_deathb".
Could not load xanim "corner_standr_deatha".
Could not load xanim "cornercrl_trans_out_r".
Could not load xanim "cornercrl_trans_out_mr".
Could not load xanim "cornercrl_trans_out_ml".
Could not load xanim "cornercrl_trans_out_mf".
Could not load xanim "cornercrl_trans_out_m".
Could not load xanim "cornercrl_trans_out_l".
Could not load xanim "cornercrl_trans_out_f".
Could not load xanim "cornercrl_trans_in_r".
Could not load xanim "cornercrl_trans_in_mr".
Could not load xanim "cornercrl_trans_in_ml".
Could not load xanim "cornercrl_trans_in_mf".
Could not load xanim "cornercrl_trans_in_m".
Could not load xanim "cornercrl_trans_in_l".
Could not load xanim "cornercrl_trans_in_f".
Could not load xanim "cornercrl_grenadeb".
Could not load xanim "cornercrl_grenadea".
Could not load xanim "corner_standl_paine".
Could not load xanim "corner_standl_paind".
Could not load xanim "corner_standl_painc".
Could not load xanim "corner_standl_painb".
Could not load xanim "corner_standl_pain".
Could not load xanim "corner_standl_grenade_b".
Could not load xanim "corner_standl_grenade_a".
Could not load xanim "corner_standl_deathb".
Could not load xanim "corner_standl_deatha".
Could not load xanim "ai_zombie_spets_roll_c".
Could not load xanim "ai_zombie_spets_roll_b".
Could not load xanim "ai_zombie_spets_roll_a".
Could not load xanim "ai_zombie_spets_sidestep_right_b".
Could not load xanim "ai_zombie_spets_sidestep_right_a".
Could not load xanim "ai_zombie_spets_sidestep_left_b".
Could not load xanim "ai_zombie_spets_sidestep_left_a".
Could not load xanim "covercrouch_death_3".
Could not load xanim "covercrouch_death_2".
Could not load xanim "covercrouch_death_1".
Could not load xanim "covercrouch_grenadeb".
Could not load xanim "covercrouch_grenadea".
Could not load xanim "covercrouch_run_out_r".
Could not load xanim "covercrouch_run_out_mr".
Could not load xanim "covercrouch_run_out_m".
Could not load xanim "covercrouch_run_out_ml".
Could not load xanim "covercrouch_run_out_l".
Could not load xanim "covercrouch_run_in_r".
Could not load xanim "covercrouch_run_in_mr".
Could not load xanim "covercrouch_run_in_m".
Could not load xanim "covercrouch_run_in_ml".
Could not load xanim "covercrouch_run_in_l".
Could not load xanim "add_fire".
Could not load xanim "prone_grenade_a".
Could not load xanim "crouch_2run_180".
Could not load xanim "crouch_2run_f".
Could not load xanim "crouch_2run_r".
Could not load xanim "crouch_2run_l".
Could not load xanim "run_2_crouch_180l".
Could not load xanim "run_2_crouch_90r".
Could not load xanim "run_2_crouch_90l".
Could not load xanim "run_2_crouch_f".
Could not load xanim "stand_2_run_180_med".
Could not load xanim "stand_2_run_f_2".
Could not load xanim "stand_2_run_r".
Could not load xanim "stand_2_run_l".
Could not load xanim "run_2_stand_180l".
Could not load xanim "run_2_stand_90r".
Could not load xanim "run_2_stand_90l".
Could not load xanim "run_2_stand_f_6".
Could not load xanim "weapon_switch".
Could not load xanim "exposed_grenadethrowc".
Could not load xanim "exposed_grenadethrowb".
Could not load xanim "prone_legs_down".
Could not load xanim "prone_legs_up".
Could not load xanim "exposed_tracking_turn180l".
Could not load xanim "exposed_tracking_turn135r".
Could not load xanim "exposed_tracking_turn90r".
Could not load xanim "exposed_tracking_turn45r".
Could not load xanim "exposed_tracking_turn135l".
Could not load xanim "exposed_tracking_turn90l".
Could not load xanim "exposed_tracking_turn45l".
Could not load xanim "aim_8".
Could not load xanim "aim_2".
Could not load xanim "aim_6".
Could not load xanim "aim_4".
Could not load xanim "exposed_stand_2_crouch".
Could not load xanim "exposed_crouch_2_stand".
Could not load xanim "exposed_crouch_idle_alert_v3".
Could not load xanim "exposed_crouch_idle_alert_v2".
Could not load xanim "exposed_crouch_idle_alert_v1".
Could not load xanim "exposed_idle_alert_v3".
Could not load xanim "exposed_idle_alert_v2".
Could not load xanim "exposed_idle_alert_v1".
Could not load xanim "cqb_stand_signal_move_out".
Could not load xanim "cqb_stand_signal_move_up".
Could not load xanim "cqb_stand_signal_stop".
Could not load xanim "cqb_stand_wave_go_v1".
Could not load xanim "cqb_stand_wave_on_me".
Could not load xanim "saw_gunner_run_slow".
Could not load xanim "saw_gunner_run_fast".
Could not load xanim "ai_mg_shoulder_run".
Could not load xanim "ai_run_lowready_f_lean_r".
Could not load xanim "ai_run_lowready_f_lean_l".
Could not load xanim "crouch_fastwalk_r".
Could not load xanim "crouch_fastwalk_l".
Could not load xanim "crouch_fastwalk_b".
Could not load xanim "run_lowready_b".
Could not load xanim "run_lowready_r".
Could not load xanim "run_lowready_l".
Could not load xanim "patrol_bored_patrolwalk_twitch".
Could not load xanim "patrol_bored_patrolwalk".
Could not load xanim "sprint1_loop".
Could not load xanim "crouch_fastwalk_f".
Could not load xanim "run_lowready_f".
Could not load xanim "ai_zombie_monkey_jump_down_184".
Could not load xanim "ai_zombie_monkey_jump_down_127".
Could not load xanim "ai_zombie_monkey_jump_down_72".
Could not load xanim "ai_zombie_monkey_jump_down_222".
Could not load xanim "ai_zombie_monkey_jump_up_222".
Could not load xanim "ai_zombie_boss_idle_b".
Could not load xanim "ai_zombie_boss_idle_a".
Could not load xanim "ai_zombie_quad_idle_2".
Could not load xanim "ai_zombie_quad_idle".
Could not load xanim "ai_flamethrower_crouch_twitch".
Could not load xanim "ai_flamethrower_crouch_idle_b".
Could not load xanim "ai_flamethrower_crouch_idle_a".
Could not load xanim "ai_flamethrower_stand_twitch".
Could not load xanim "ai_flamethrower_stand_idle_casual_v1".
Could not load xanim "ai_mg_shoulder_run2crouch".
Could not load xanim "ai_mg_shoulder_crouch_idle".
Could not load xanim "ai_mg_shoulder_run2stand".
Could not load xanim "ai_mg_shoulder_stand_idle".
Could not load xanim "cqb_stand_twitch".
Could not load xanim "cqb_stand_idle".
Could not load xanim "patrol_bored_2_walk_180turn".
Could not load xanim "patrol_bored_2_walk".
Could not load xanim "patrol_bored_twitch_stretch".
Could not load xanim "patrol_bored_twitch_checkphone".
Could not load xanim "patrol_bored_twitch_bug".
Could not load xanim "patrol_bored_idle_cellphone".
Could not load xanim "patrol_bored_idle_smoke".
Could not load xanim "patrol_bored_idle".
Could not load xanim "patrol_bored_walk_2_bored".
Could not load xanim "casual_stand_idle_twitchb".
Could not load xanim "casual_stand_idle_twitch".
Could not load xanim "casual_stand_idle_trans_in".
Could not load xanim "casual_stand_idle".
Could not load xanim "casual_crouch_point".
Could not load xanim "casual_crouch_twitch".
Could not load xanim "casual_crouch_idle_in".
Could not load xanim "casual_crouch_idle".
Could not load xanim "casual_stand_v2_twitch_talk".
Could not load xanim "casual_stand_v2_twitch_shift".
Could not load xanim "casual_stand_v2_twitch_radio".
Could not load xanim "casual_stand_v2_idle".
Could not load xanim "crouch2stand".
Could not load xanim "shoot".
Could not load xanim "upperbody".
Could not load xanim "void_loop".
Could not load xanim "v_uaz_passenger3_door_open".
Could not load xanim "v_uaz_passenger2_door_open".
Could not load xanim "v_uaz_passenger_door_open".
Could not load xanim "v_uaz_driver_door_open".
Could not load xanim "v_jeep_passenger_door_open".
Could not load xanim "v_jeep_driver_door_open".
Could not load xanim "v_pow_b03_hind_landed".
Could not load xanim "v_pow_b03_hind_exit_interior".
Could not load xanim "v_pow_b03_hind_exit_exterior".
Could not load xanim "v_pow_b03_hind_climbin_interior".
Could not load xanim "v_pow_b03_hind_climbin_exterior".
Could not load xanim "v_police_passenger_door_open".
Could not load xanim "v_police_driver_door_open".
Could not load xanim "v_gaz63_passenger_door_open".
Could not load xanim "v_gaz63_driver_door_open".
Could not load xanim "uaz_driving_idle_backward".
Could not load xanim "uaz_driving_idle_forward".
Could not load xanim "int_pow_b03_cockpit_exit".
Could not load xanim "int_pow_b03_cockpit_inandup".
Could not load xanim "prop_meatshield_bullet_tip_spin".
Could not load xanim "prop_meatshield_bullet_tip_cam".
Could not load xanim "prop_contextual_melee_garrotesit_chair_quick".
Could not load xanim "prop_contextual_melee_garrotesit_chair".
Could not load xanim "prop_contextual_melee_garrotesit_garrotewire_quick".
Could not load xanim "prop_contextual_melee_garrotesit_garrotewire".
Could not load xanim "prop_contextual_melee_garrote_garrotewire_quick".
Could not load xanim "prop_contextual_melee_garrote_garrotewire".
Could not load xanim "zombie_dog_run_pain_front".
Could not load xanim "zombie_dog_pain_hit_right".
Could not load xanim "zombie_dog_pain_hit_left".
Could not load xanim "zombie_dog_pain_hit_front".
Could not load xanim "zombie_dog_pain_hit_back".
Could not load xanim "zombie_dog_run_pain".
Could not load xanim "zombie_dog_run_flashbang".
Could not load xanim "zd_attack_player_late".
Could not load xanim "pb_pbr_driver_idle".
Could not load xanim "pb_huey_passenger_b_rt".
Could not load xanim "pb_huey_passenger_f_rt".
Could not load xanim "pb_huey_passenger_m_rt".
Could not load xanim "pb_huey_passenger_m_lt".
Could not load xanim "pb_huey_passenger_f_lt".
Could not load xanim "pb_huey_passenger_b_lt_aim_60up_60right".
Could not load xanim "pb_huey_passenger_b_lt_aim_forward_60up".
Could not load xanim "pb_huey_passenger_b_lt_aim_60up_60left".
Could not load xanim "pb_huey_passenger_b_lt_aim_60right_level".
Could not load xanim "pb_huey_passenger_b_lt_aim_forward_level".
Could not load xanim "pb_huey_passenger_b_lt_aim_60left_level".
Could not load xanim "pb_huey_passenger_b_lt_aim_60down_60right".
Could not load xanim "pb_huey_passenger_b_lt_aim_forward_60down".
Could not load xanim "pb_huey_passenger_b_lt_aim_60down_60left".
Could not load xanim "p_driver_jeep_seated".
Could not load xanim "pb_zipline_loop".
Could not load xanim "pb_zipline_release".
Could not load xanim "pb_zipline_grab".
Spawner at (2221 -3123.8 280.2) is in solid
Spawner at (-1198.8 453.2 29.8) is in solid
Spawner at (-231.3 1331.5 881.8) is in solid
Spawner at (938.9 -1686.5 316.5) is in solid
-----------------------------------
codescripts/delete.gsc (code_post_gfx): 0x2E82AE74
animscripts/zombie_melee.gsc (common_zombie_patch): 0x05509B59
codescripts/struct.gsc (code_post_gfx): 0xCAC87ED6
maps/_callbacksetup.gsc (code_post_gfx): 0xB52A9A5B
maps/_utility.gsc (common_zombie_patch): 0x42B6193A
common_scripts/utility.gsc (code_post_gfx): 0x9536897A
maps/_utility_code.gsc (code_post_gfx): 0xCB68F0DE
maps/_zombiemode_traps.gsc (common_zombie_patch): 0xA2C6280A
maps/_hud_util.gsc (code_post_gfx): 0x587EC801
animscripts/utility.gsc (common_zombie): 0x5CAA8382
maps/zombie_coast_fx.gsc (zombie_coast): 0x3540D940
animscripts/setposemovement.gsc (common_zombie): 0x9AC495F3
maps/_constants.gsc (code_post_gfx): 0x0176DD22
animscripts/anims.gsc (common_zombie): 0x8B2018B8
animscripts/shared.gsc (common_zombie): 0xF777EB0A
animscripts/combat_utility.gsc (common_zombie): 0x64A99E72
animscripts/debug.gsc (common_zombie_patch): 0x16285EFA
maps/_gameskill.gsc (common_zombie_patch): 0x55B2A1B6
animscripts/zombie_move.gsc (common_zombie_patch): 0xDE31C8DF
animscripts/weaponlist.gsc (common_zombie): 0x7558540E
maps/_zombiemode_zone_manager.gsc (common_zombie_patch): 0x278F492A
maps/_load_common.gsc (code_post_gfx): 0xC8BEDDF1
maps/_lights.gsc (code_post_gfx): 0x02054E8B
maps/_createfx.gsc (code_post_gfx): 0x5CA89299
maps/_weapons.gsc (common_zombie_patch): 0x0668A678
maps/_boat_patrol_nva.gsc (code_post_gfx): 0xFFFDB5AD
maps/_createfxmenu.gsc (code_post_gfx): 0x576C29AF
maps/_introscreen.gsc (code_post_gfx): 0x691BF913
maps/_apc.gsc (code_post_gfx): 0x1308C51D
maps/_fx.gsc (code_post_gfx): 0x3C599625
maps/zombie_coast.gsc (raw): 0xAD584750
maps/_contextual_melee.gsc (code_post_gfx): 0x2506D3EF
maps/_spawner.gsc (code_post_gfx): 0xE4F83185
animscripts/traverse/zombie_jump_down_232_coast.gsc (zombie_coast): 0x633246F0
maps/_anim.gsc (code_post_gfx): 0x4ABC8BB8
animscripts/face.gsc (common_zombie): 0x3F881B3E
maps/_serverfaceanim.gsc (code_post_gfx): 0x3CDFF618
maps/_audio.gsc (code_post_gfx): 0x3230FA8D
maps/_music.gsc (code_post_gfx): 0xE749B82B
maps/_zombiemode_spawner.gsc (common_zombie_patch): 0x0A7C7E52
maps/_mg_penetration.gsc (code_post_gfx): 0xE2A0DEA0
maps/_mgturret.gsc (code_post_gfx): 0x0A4885D4
maps/_friendlyfire.gsc (code_post_gfx): 0x937F157B
animscripts/zombie_init.gsc (common_zombie_patch): 0x8128D4D7
maps/_patrol.gsc (code_post_gfx): 0x99FFD111
maps/_bulletcam.gsc (code_post_gfx): 0x75010804
maps/_chinook.gsc (code_post_gfx): 0xB6F826FE
maps/_spiderhole.gsc (code_post_gfx): 0xFBE1D59D
maps/_banzai.gsc (code_post_gfx): 0x85E1C575
maps/_laststand.gsc (common_zombie_patch): 0x7AE8C2CC
maps/_dds.gsc (code_post_gfx): 0x1B980DB0
maps/_colors.gsc (code_post_gfx): 0x350AB58E
maps/_debug.gsc (code_post_gfx): 0x786F2026
animscripts/battlechatter_ai.gsc (common_zombie): 0x239687E6
animscripts/battlechatter.gsc (common_zombie): 0xEE336B8A
animscripts/squadmanager.gsc (common_zombie): 0x4349E38F
animscripts/walk.gsc (common_zombie): 0x7F118010
maps/_autosave.gsc (code_post_gfx): 0x425D611B
codescripts/character.gsc (code_post_gfx): 0xA68E0E1E
maps/_endmission.gsc (code_post_gfx): 0x6A88FF27
aitype/zombie_coast_zombie_scuba.gsc (zombie_coast): 0xEDA6A87E
maps/_hud_message.gsc (common_zombie_patch): 0xB55C5BBB
maps/_cooplogic.gsc (code_post_gfx): 0xB4BEFA7A
maps/_cheat.gsc (code_post_gfx): 0x99E27A0C
maps/_vehicle_aianim.gsc (code_post_gfx): 0xB983EDC7
maps/_flareweapon.gsc (code_post_gfx): 0x06BF2226
maps/_zombiemode_score.gsc (common_zombie_patch): 0x74AF428B
maps/_vehicle.gsc (code_post_gfx): 0x66A3DE50
animscripts/zombie_run.gsc (common_zombie_patch): 0xEC8C62CC
maps/_vehicletypes.gsc (code_post_gfx): 0xA1250AB9
maps/_destructible.gsc (code_post_gfx): 0xA4624265
maps/_vehicledrive.gsc (code_post_gfx): 0x12DFC931
maps/_huey.gsc (code_post_gfx): 0x3F3E5D61
maps/_hind_player.gsc (code_post_gfx): 0x6B2EB687
character/c_zom_red_guy_zt.gsc (code_post_gfx): 0x825245E8
maps/_treadfx.gsc (code_post_gfx): 0xE517332C
maps/_zombiemode_bowie.gsc (common_zombie_patch): 0xA0E88C18
maps/_vehiclenames.gsc (code_post_gfx): 0xA6CF3FFC
maps/_t72.gsc (code_post_gfx): 0x85419342
maps/_tank_zsu23.gsc (code_post_gfx): 0xE4277F06
maps/zombie_coast_eggs.gsc (zombie_coast_patch): 0xE124A852
maps/_truck.gsc (code_post_gfx): 0x514144CA
maps/_boat_pbr.gsc (code_post_gfx): 0xD4BCF637
maps/_truck_gaz66.gsc (code_post_gfx): 0xF8DE73FF
character/c_zom_danny_trejo_player.gsc (zombie_coast): 0xE9B7A963
maps/_truck_gaz63.gsc (code_post_gfx): 0x3C1AED74
maps/_zombiemode_auto_turret.gsc (common_zombie_patch): 0x82EC8E8A
maps/_uaz.gsc (code_post_gfx): 0x48F0F353
animscripts/zombie_utility.gsc (common_zombie): 0xCAD2ACD3
maps/_jeep.gsc (code_post_gfx): 0xD6EE26BC
maps/_cobra.gsc (code_post_gfx): 0x44657874
maps/_hip.gsc (code_post_gfx): 0x259CB555
maps/_mig17.gsc (code_post_gfx): 0xD9E7385C
maps/_plane_weapons.gsc (code_post_gfx): 0xC46D80A3
maps/_zpu_antiair.gsc (code_post_gfx): 0x11D0A76F
maps/_btr.gsc (code_post_gfx): 0x13D744AB
maps/_civ_vehicle.gsc (code_post_gfx): 0x3D90EE20
maps/_tiara.gsc (code_post_gfx): 0x105F21CC
maps/_policecar.gsc (code_post_gfx): 0xE568C610
maps/_snowcat.gsc (code_post_gfx): 0xEE646708
maps/_rcbomb.gsc (code_post_gfx): 0xDFD2D923
maps/_sampan.gsc (code_post_gfx): 0x4A2AD4D9
maps/_boat_nvapbr.gsc (code_post_gfx): 0x50E03CC6
maps/_motorcycle.gsc (code_post_gfx): 0x0C03B652
animscripts/revive.gsc (common_zombie): 0xEB6BB344
maps/_zombiemode_weapon_box.gsc (common_zombie): 0x7220A3D0
maps/_shellshock.gsc (code_post_gfx): 0x43C1105D
maps/_callbackglobal.gsc (common_zombie_patch): 0x7E105384
maps/_flashgrenades.gsc (code_post_gfx): 0xFB11E526
maps/_damagefeedback.gsc (code_post_gfx): 0x70333647
maps/_createmenu.gsc (code_post_gfx): 0x355318E5
maps/_spawn_manager.gsc (code_post_gfx): 0x4B2C983C
maps/_names.gsc (code_post_gfx): 0x53600D4D
animscripts/zombie_dog_flashed.gsc (common_zombie): 0xD7D89B85
maps/_meatshield.gsc (code_post_gfx): 0xABCDBF3B
maps/_swimming.gsc (code_post_gfx): 0x347E1B6A
maps/gametypes/zom.gsc (raw): 0x00000000
animscripts/zombie_setposemovement.gsc (common_zombie): 0x0B3C460D
animscripts/zombie_combat.gsc (common_zombie_patch): 0x0F5D56DE
animscripts/zombie_shared.gsc (common_zombie_patch): 0xAB0BA821
maps/_bayonet.gsc (code_post_gfx): 0xB9789691
animscripts/zombie_death.gsc (common_zombie_patch): 0x2AAC0EBC
animscripts/zombie_pain.gsc (common_zombie_patch): 0xE613FFCC
maps/_zombiemode_utility.gsc (common_zombie_patch): 0x68CF2C9F
maps/_zombiemode_server_throttle.gsc (common_zombie_patch): 0xAF60091F
animscripts/zombie_dog_stop.gsc (common_zombie): 0x43AF3539
maps/_zombiemode_weapons.gsc (raw): 0x6A2635ED
maps/_zombiemode_audio.gsc (common_zombie_patch): 0x5C77963A
maps/_busing.gsc (code_post_gfx): 0x6CDFFECC
maps/_zombiemode_weap_cymbal_monkey.gsc (common_zombie_patch): 0x06AA0365
maps/_zombiemode_powerups.gsc (common_zombie_patch): 0x13B1D5F9
maps/_zombiemode_net.gsc (common_zombie): 0xB9EEF66D
maps/_zombiemode_blockers.gsc (common_zombie_patch): 0xC6D15C62
maps/_zombiemode_perks.gsc (raw): 0xC315F20E
maps/_zombiemode_player_zipline.gsc (zombie_coast_patch): 0x6237BA86
maps/_zombiemode.gsc (raw): 0xC7356D28
maps/_zombiemode_ffotd.gsc (common_zombie_patch): 0x71C74739
maps/_zombiemode_load.gsc (common_zombie_patch): 0x5184CFB8
animscripts/traverse/zombie_shared.gsc (common_zombie_patch): 0x1BC2F132
maps/_gamemode.gsc (code_post_gfx): 0xF30DAE8E
maps/_art.gsc (code_post_gfx): 0xEA9FCD02
character/c_zom_michael_rooker_player.gsc (zombie_coast): 0x44CD62BA
maps/_loadout.gsc (common_zombie_patch): 0x7B1B4803
scripts/sp/zom/counter_script.gsc (raw): 0xE863712D
mptype/player_t5_zt.gsc (code_post_gfx): 0x2B4A1882
character/c_usa_sog2_zt.gsc (code_post_gfx): 0xA6ED1CAE
character/c_zom_blue_guy_zt.gsc (code_post_gfx): 0xE923B781
character/c_zom_yellow_guy_zt.gsc (code_post_gfx): 0x7728C4B2
mptype/player_t5_zm_pentagon.gsc (mod): 0x3685E431
character/c_zom_soldier.gsc (zombie_coast): 0x127BFDC7
character/c_usa_nixon_zt.gsc (mod): 0xF8C2AA6A
character/c_cub_castro_zt.gsc (mod): 0xF7561C64
character/c_usa_jfk_zt.gsc (mod): 0x1BADD30D
character/c_usa_mcnamara_zt.gsc (mod): 0x3204A4CD
animscripts/zombie_stop.gsc (common_zombie): 0x87DD0A71
mptype/player_t5_zm_theater.gsc (code_post_gfx): 0xE6F2C3FC
character/c_ger_richtofen_zt.gsc (code_post_gfx): 0x8B7D39CC
character/c_jap_takeo_zt.gsc (code_post_gfx): 0x7740A4BC
character/c_rus_nikolai_zt.gsc (code_post_gfx): 0x697B6220
character/c_usa_dempsey_zt.gsc (code_post_gfx): 0x97990EBB
mptype/player_t5_zm.gsc (code_post_gfx): 0x4FAE2B1D
character/c_usa_marine_michael_carter_player_zm.gsc (code_post_gfx): 0x6C6D42E9
maps/_weaponobjects.gsc (common_zombie_patch): 0x47722B51
maps/_ballistic_knife.gsc (common_zombie_patch): 0x9A1E17A4
animscripts/zombie_dog_combat.gsc (common_zombie): 0x57F2E7D5
maps/_explosive_bolt.gsc (code_post_gfx): 0x7C2866C0
character/c_zom_george_romero_light.gsc (zombie_coast): 0xA2E20DEF
maps/_flamethrower_plight.gsc (code_post_gfx): 0x8A7E001A
maps/_detonategrenades.gsc (code_post_gfx): 0xC4CB2B7A
maps/_ingamemenus.gsc (code_post_gfx): 0x930C12DF
maps/_global_fx.gsc (code_post_gfx): 0x5A84AFEB
maps/_minefields.gsc (code_post_gfx): 0x5014D0AF
maps/_hud.gsc (code_post_gfx): 0xA3CE8FF6
maps/_animatedmodels.gsc (code_post_gfx): 0x8F704272
scripts/sp/zom/zm_spawn_fix.gsc (raw): 0x59197F8C
maps/_zombiemode_claymore.gsc (common_zombie_patch): 0xFD87BC41
animscripts/traverse/zombie_zipline_traverse_ship.gsc (zombie_coast): 0x7F995184
animscripts/zombie_dog_move.gsc (common_zombie): 0x6B389D77
maps/_zombiemode_equipment.gsc (common_zombie_patch): 0xB08B569B
maps/_zombiemode_user.gsc (common_zombie): 0x23C6F65D
maps/_zombiemode_weap_nesting_dolls.gsc (zombie_coast): 0xAE5AAE3B
maps/_zombiemode_weap_freezegun.gsc (raw): 0xFD2C9CB0
maps/_zombiemode_weap_tesla.gsc (common_zombie_patch): 0xD9A7C7DB
maps/_zombiemode_weap_thundergun.gsc (common_zombie_patch): 0x56130519
maps/_zombiemode_weap_crossbow.gsc (common_zombie_patch): 0x5BF854DC
maps/_zombiemode_ai_dogs.gsc (common_zombie_patch): 0xC3548F60
animscripts/zombie_dog_init.gsc (common_zombie): 0x0D2267C6
aitype/zombie_director_romero.gsc (zombie_coast): 0xCC000281
animscripts/zombie_scripted.gsc (common_zombie): 0xCD3A4BE1
animscripts/zombie_dog_death.gsc (common_zombie_patch): 0xFA32CD57
animscripts/zombie_dog_pain.gsc (common_zombie): 0x77F4DC06
animscripts/zombie_dog_scripted.gsc (common_zombie): 0x7999C029
maps/createfx/zombie_coast_fx.gsc (zombie_coast): 0x88FC15CC
animscripts/zombie_dog_turn.gsc (common_zombie): 0xC5850C78
maps/zombie_coast_cave_slide.gsc (zombie_coast): 0xF07F87AB
maps/zombie_coast_ffotd.gsc (zombie_coast_patch): 0x8D337AE4
maps/createart/zombie_coast_art.gsc (zombie_coast): 0x5198C4DE
maps/zombie_coast_flinger.gsc (zombie_coast_patch): 0x851D777B
maps/_zombiemode_ai_director.gsc (zombie_coast_patch): 0x2178D5BA
maps/_zombiemode_ai_faller.gsc (zombie_coast): 0x811CE20E
maps/zombie_coast_ai_director.gsc (zombie_coast_patch): 0xDB3D120B
maps/zombie_coast_water.gsc (zombie_coast): 0x532643D6
maps/zombie_coast_lighthouse.gsc (zombie_coast): 0x00FF3F3D
maps/_ambientpackage.gsc (code_post_gfx): 0x00000000
maps/zombie_coast_amb.gsc (zombie_coast_patch): 0x07109D7E
maps/_sticky_grenade.gsc (zombie_coast): 0xDB26F28B
maps/_zombiemode_weap_sickle.gsc (zombie_coast): 0x230FDB6A
maps/_zombiemode_weap_humangun.gsc (zombie_coast): 0x0494A0D2
maps/_zombiemode_weap_sniper_explosive.gsc (raw): 0x6CFA3827
maps/zombie_coast_achievement.gsc (zombie_coast_patch): 0xEB00B680
maps/zombie_coast_distance_tracking.gsc (zombie_coast): 0x98DF4A36
mptype/player_t5_zm_coast.gsc (zombie_coast): 0xD02B8D87
character/c_zom_sarah_michelle_gellar_player.gsc (zombie_coast): 0xA8199894
character/c_zom_robert_englund_player.gsc (zombie_coast): 0xD1BB00CF
aitype/zombie_coast_zombie_soldier.gsc (zombie_coast): 0x6EAF6258
xmodelalias/c_zom_head_alias.gsc (zombie_coast): 0xFC69D3D6
animscripts/traverse/zombie_mantle_over_40.gsc (zombie_coast): 0x5D73E5F8
character/c_zom_scuba.gsc (zombie_coast): 0x654458DB
xmodelalias/c_zom_head_scuba_alias.gsc (zombie_coast): 0xFE685D0E
aitype/zombie_coast_zombie_barechest.gsc (zombie_coast): 0xE2167233
character/c_zom_barechest.gsc (zombie_coast): 0x581B3DA1
xmodelalias/c_zom_beanie_alias.gsc (zombie_coast): 0xD53280E1
animscripts/traverse/zombie_jump_up_to_climb_coast.gsc (zombie_coast): 0x0C7CDA8E
animscripts/traverse/zombie_jump_down_127.gsc (common_zombie_patch): 0x9FC11CF0
animscripts/traverse/zombie_climb_chain.gsc (zombie_coast): 0x6B4FCC69
animscripts/traverse/zombie_jump_up_to_climb.gsc (zombie_coast): 0x46F388BC
animscripts/traverse/zombie_jump_down_72.gsc (common_zombie_patch): 0x8C84DCD6
animscripts/traverse/zombie_zipline_traverse_lighthouse.gsc (zombie_coast): 0x2D18EFE0
animscripts/traverse/zombie_jump_up_to_climb_reverse_coast.gsc (zombie_coast): 0xA3BCCE88
animscripts/traverse/zombie_jump_down_184.gsc (common_zombie_patch): 0x57DD6EAC
animscripts/traverse/zombie_jump_down_96.gsc (zombie_coast): 0x1E92F692
animscripts/traverse/zombie_jump_up_222_coast.gsc (zombie_coast): 0xF11F7504
scripts/sp/zm_random_char.gsc (raw): 0x9A88F2D1
scripts/sp/zm_spawn_fix.gsc (raw): 0x410B3C14
en_code_pre_gfx: 0xB31D0601
code_pre_gfx: 0xA46550FC
en_code_post_gfx: 0xC97D3619
code_post_gfx: 0x90FE8DC1
en_patch: 0xC2D28BEB
patch: 0xA45F9D9F
en_plutonium_ui: 0xEFCE0FA2
plutonium_ui: 0xF02CE2D6
mod: 0x9B0975DA
mod1: 0xCE3FD0C0
common_zombie_patch: 0xF1C235FF
en_common_zombie: 0x4DCF9D99
common_zombie: 0x557EBB4C
zombie_coast_patch: 0x771D0223
en_zombie_coast: 0x247689BC
zombie_coast: 0x3331831B
pluto r5346: 0x5A9B8D5E
t5sp dedi: 0x64067F72
identifier: 1789831128-0cfc-4fdd-942d4b8c-dff9-4539-913d-b56eb8d6faa0-5346-0-1789829934-11
checksum0: 0x13E2B655
checksum1: 0x000A70FB
checksum2: 0x000A70FB
=============================== DVAR DUMP ========================================
      aa_ads_damage_dealt "5558"
      aa_enemy_damage_taken "46151"
      aa_enemy_deaths "77"
      aa_player_damage_dealt "13677"
      aa_player_kills "56"
      acousticSpikeMaxRange "200"
      acousticSpikeMinRadius "0.0001"
      acousticSpikeMinRange "0"
      acousticSpikeRingSize "20"
      acousticSpikeSize "10"
      actionSlotsHide "0"
      ai_accu_player_lateral_speed "250"
      ai_accuracyDistScale "1"
      ai_alternateSightLatency "0"
      ai_angularYawAccelRate "1200"
      ai_angularYawDecelFactor "1"
      ai_angularYawEnabled "0"
      ai_badPathSpam "0"
      ai_corpseCount "5"
      ai_coverFlankCheckRad "6"
      ai_coverFlankDistToCover "180"
      ai_coverFlankMaxAngle "70"
      ai_coverScore_coverType "2"
      ai_coverScore_distance "16"
      ai_coverScore_engagement "4"
      ai_coverScore_flanking "0"
      ai_coverScore_nodeAngle "4"
      ai_coverScore_playerLos "8"
      ai_coverScore_priority "8"
      ai_coverScore_targetDir "4"
      ai_coverScore_visibility "8"
      ai_debugAccuracy "0"
      ai_debugAnimDeltas "0"
      ai_debugAnimscript "0"
      ai_debugClaimedNodes "0"
      ai_debugCodeState "0"
      ai_debugCoverArrivals "0"
      ai_debugCoverArrivalsTool "0"
      ai_debugCoverArrivalsToolRadius "256"
      ai_debugCoverArrivalsToolShowNodes "0"
      ai_debugCoverArrivalsToolType "0"
      ai_debugCoverEntityNum "-1"
      ai_debugCoverSelection "0"
      ai_debugCoverTool "0"
      ai_debugCoverToolUpdatePos "1"
      ai_debugEntIndex "-1"
      ai_debugFindPath "0"
      ai_debugFindPathDirect "0"
      ai_debugFindPathLock "0"
      ai_debugFindPathWidth "0"
      ai_debugGrenadeFailSafe "0"
      ai_debugGrenadeHintArc "150"
      ai_debugMayMove "0"
      ai_debugMelee "0"
      ai_debugMeleeAttackSpots "0"
      ai_debugPlayerLOS "0"
      ai_debugThreatSelection "0"
      ai_disableSpawn "0"
      ai_enableBadPlaces "1"
      ai_eventDistBadPlace "256"
      ai_eventDistBullet "96"
      ai_eventDistBulletRunning "200"
      ai_eventDistDeath "1024"
      ai_eventDistExplosion "1024"
      ai_eventDistFootstep "512"
      ai_eventDistFootstepLite "256"
      ai_eventDistGrenadePing "512"
      ai_eventDistGunShot "2048"
      ai_eventDistNewEnemy "1024"
      ai_eventDistPain "512"
      ai_eventDistProjImpact "256"
      ai_eventDistProjPing "128"
      ai_eventDistReact "512"
      ai_eventDistSilencedShot "128"
      ai_exposedSet2Probability "70"
      ai_foliageSeeThroughDist "128"
      ai_friendlyFireBlockDuration "2000"
      ai_friendlySuppression "1"
      ai_friendlySuppressionDist "128"
      ai_maxAttackerCount "2"
      ai_meleeDamage "100"
      ai_meleeHeight "10"
      ai_meleeRange "64"
      ai_meleeWidth "20"
      ai_moveOrientMode "invalid"
      ai_noDodge "0"
      ai_noPathToEnemyGiveupTime "6000"
      ai_pathMomentum "0.78"
      ai_pathNegotiationOverlapCost "300"
      ai_playerADS_LOSRange "150"
      ai_playerADSTargetTime "10000"
      ai_playerFarAccuracy "0.1"
      ai_playerFarRange "2000"
      ai_playerLOSHalfWidth "15"
      ai_playerLOSMinTime "1500"
      ai_playerLOSRange "150"
      ai_playerNearAccuracy "0.5"
      ai_playerNearRange "800"
      ai_reactFeature "1"
      ai_runAnimUpdateFrequency "0.05"
      ai_showBadPlaces "0"
      ai_ShowCanSeeChecks "0"
      ai_ShowCanshootChecks "0"
      ai_showClaimedNode "0"
      ai_showCount "0"
      ai_showCoverScore "0"
      ai_showDodge "0"
      ai_showFriendlyChains "0"
      ai_showNearestNode "0"
      ai_showNodes "0"
      ai_showNodesDist "384"
      ai_showPaths "0"
      ai_showPotentialThreatDir "0"
      ai_showRegion "0"
      ai_showSuppression "-1"
      ai_showVisData "0"
      ai_showVisDataDist "1000"
      ai_showVolume "-1"
      ai_slowdownMaxYawDiff "90"
      ai_slowdownMinRate "1"
      ai_slowdownMinYawDiff "0"
      ai_slowdownRateBlendFactor "1"
      ai_threatUpdateInterval "500"
      ai_turnAnimAngleThreshold "50"
      ai_turnRate "220"
      ai_useBetterLookahead "1"
      ai_useCheapSight "0"
      ai_useFacingTranslation "0"
      ai_useLeanRunAnimations "1"
      ai_useServerAnims "0"
      ai_useServerAnimsEntity "-1"
      ai_water_trails "0"
      aim_automelee_lunge_only_forward "0"
      all_players_are_connected "0"
      allow_zombies_german "0"
      allowHost_matchesHostedRatio "0"
      allowHost_matchesHostedStreak "0"
      allowHost_matchesPlayedRatio "0"
      allowHost_matchesPlayedStreak "0"
      ammoCounterHide "0"
      angles "0"
      anim_disableWeaponSway "0"
      animated_trees_enabled "0"
      arcademode "0"
      arcademode_bonus_hardest2kill "1200"
      arcademode_bonus_mostheadshots "800"
      arcademode_bonus_mostrevives "1000"
      arcademode_ks_10 "3"
      arcademode_ks_2 "3"
      arcademode_ks_3 "3"
      arcademode_ks_4 "3"
      arcademode_ks_5 "3"
      arcademode_ks_6 "4"
      arcademode_ks_7 "4"
      arcademode_ks_8 "4"
      arcademode_ks_9 "3"
      arcademode_ks_maxtime "25"
      arcademode_ks_time_10 "20"
      arcademode_ks_time_2 "15"
      arcademode_ks_time_3 "15"
      arcademode_ks_time_4 "15"
      arcademode_ks_time_5 "20"
      arcademode_ks_time_6 "20"
      arcademode_ks_time_7 "20"
      arcademode_ks_time_8 "20"
      arcademode_ks_time_9 "20"
      arcademode_minimumAllowedPoints "-2000"
      arcademode_minimumAllowedSuicides "5"
      arcademode_minimumAllowedWarning "-1000"
      arcademode_score_assist "20"
      arcademode_score_banzai "150"
      arcademode_score_berserker "20"
      arcademode_score_body_armor "20"
      arcademode_score_bombplant "200"
      arcademode_score_dead_hands "20"
      arcademode_score_dirtyharry "10"
      arcademode_score_dog "90"
      arcademode_score_enemyexitingcar "80"
      arcademode_score_explodableitem "30"
      arcademode_score_explosion "10"
      arcademode_score_flak_jacket "10"
      arcademode_score_hard_headed "20"
      arcademode_score_hardcore "10"
      arcademode_score_headshot "60"
      arcademode_score_kill "50"
      arcademode_score_laststand "-110"
      arcademode_score_lowerbody "0"
      arcademode_score_melee "70"
      arcademode_score_morphine "10"
      arcademode_score_revive "100"
      arcademode_score_sticksstones "20"
      arcademode_score_suicide "-500"
      arcademode_score_tank "500"
      arcademode_score_tank_friendly "-50"
      arcademode_score_tankassist "100"
      arcademode_score_thunder "10"
      arcademode_score_treehugger "100"
      arcademode_score_upperbody "20"
      arcademode_score_vampire "10"
      arcademode_score_vehicle "30"
      arcademode_score_watertower "150"
      arcademode_score_zombie "10"
      autodifficulty_frac "75"
      autodifficulty_original_setting "1"
      autodifficulty_playerDeathTimer "0"
      band_12players "384000"
      band_18players "580000"
      band_2players "64000"
      band_4players "128000"
      band_6players "192000"
      band_8players "256000"
      band_demosystem "64000"
      bandwidth_retry_interval "180000"
      bg_ads "1"
      bg_aimSpreadMoveSpeedThreshold "11"
      bg_aqs "0"
      bg_aqsStyle "2"
      bg_blendTimeOverride "-1"
      bg_bobMax "8"
      bg_collectibles "0000000000000000000000000000000000000000000000000"
      bg_disableWeaponPlantingInWater "1"
      bg_drawGrenadeInHand "0"
      bg_fallDamageMaxHeight "350"
      bg_fallDamageMinHeight "128"
      bg_fixFramerateDependentPhysics "0"
      bg_foliagesnd_fastinterval "500"
      bg_foliagesnd_maxspeed "180"
      bg_foliagesnd_minspeed "40"
      bg_foliagesnd_resetinterval "500"
      bg_foliagesnd_slowinterval "1500"
      bg_forceDurationOverride "-1"
      bg_forceExplosiveBullets "0"
      bg_freeCamClipToHeliPatch "1"
      bg_gravity "800"
      bg_gunXOffset "0"
      bg_ladder_yawcap "100"
      bg_leanAmount "20"
      bg_legYawCrouchTolerance "40"
      bg_legYawProneTolerance "20"
      bg_legYawTolerance "40"
      bg_lowGravity "400"
      bg_maxGrenadeIndicatorSpeed "100"
      bg_maxWeaponAnimScale "0.66"
      bg_moonGravity "136"
      bg_plantInWaterDepth "5"
      bg_playStandToCrouchAnims "0"
      bg_prone_yawcap "85"
      bg_proneSwingSpeed "0.08"
      bg_shock_animation "0"
      bg_shock_lookControl "1"
      bg_shock_lookControl_fadeTime "2"
      bg_shock_lookControl_maxpitchspeed "90"
      bg_shock_lookControl_maxyawspeed "90"
      bg_shock_lookControl_mousesensitivityscale "0.5"
      bg_shock_movement "1"
      bg_shock_screenBlurBlendFadeTime "1"
      bg_shock_screenBlurBlendTime "0.4"
      bg_shock_screenFlashShotFadeTime "0"
      bg_shock_screenFlashWhiteFadeTime "0"
      bg_shock_screenType "blurred"
      bg_shock_sound "1"
      bg_shock_soundDryLevel "1"
      bg_shock_soundEnd "shellshock_end"
      bg_shock_soundEndAbort "shellshock_end_abort"
      bg_shock_soundFadeInTime "0.25"
      bg_shock_soundFadeOutTime "2.5"
      bg_shock_soundLoop "shellshock_loop"
      bg_shock_soundLoopEndDelay "-3"
      bg_shock_soundLoopFadeTime "1.5"
      bg_shock_soundLoopSilent "shellshock_loop_silent"
      bg_shock_soundModEndDelay "2"
      bg_shock_soundRoomType "default"
      bg_shock_soundSnapshot "default"
      bg_shock_soundWetLevel "0.5"
      bg_shock_viewKickFadeTime "3"
      bg_shock_viewKickPeriod "0.75"
      bg_shock_viewKickRadius "0.05"
      bg_shock_visionset_inTime "0"
      bg_shock_visionset_name ""
      bg_shock_visionset_outTime "0"
      bg_slopeFrames "10"
      bg_swingSpeed "0.15"
      bg_viewBobAmplitudeBase "0.16"
      bg_viewBobAmplitudeDtp "0.002 0.002"
      bg_viewBobAmplitudeDucked "0.0075 0.0075"
      bg_viewBobAmplitudeDuckedAds "0.0075 0.0075"
      bg_viewBobAmplitudeProne "0.08 0.04"
      bg_viewBobAmplitudeRoll "1.5"
      bg_viewBobAmplitudeSprinting "0.02 0.014"
      bg_viewBobAmplitudeStanding "0.007 0.007"
      bg_viewBobAmplitudeStandingAds "0.007 0.007"
      bg_viewBobAmplitudeSwimming "3 2"
      bg_viewKickMax "90"
      bg_viewKickMin "0.5"
      bg_viewKickRandom "0.4"
      bg_viewKickScale "0.2"
      bg_vsmode_hud "0"
      bg_weaponBobAmplitudeBase "0.16"
      bg_weaponBobAmplitudeDtp "0.002 0.002"
      bg_weaponBobAmplitudeDucked "0.045 0.025"
      bg_weaponBobAmplitudeProne "0.02 0.005"
      bg_weaponBobAmplitudeRoll "1.5"
      bg_weaponBobAmplitudeSprinting "0.02 0.014"
      bg_weaponBobAmplitudeStanding "0.055 0.025"
      bg_weaponBobAmplitudeSwimming "4 4"
      bg_weaponBobFrequencySwimming "0.1"
      bg_weaponBobHeavyWeaponScalar "1.5"
      bg_weaponBobLag "0.25"
      bg_weaponBobMax "8"
      bg_weaponForcedLowMaxAngles "0 0 0"
      bg_weaponForcedLowMaxAnglesPistolsOffset "0 0 0"
      bg_weaponForcedLowOffset "3 -2 -2"
      bg_weaponForcedLowPistolsOffset "3 -2 -2"
      bg_weaponleftbone "tag_weapon_left"
      bg_weaponrightbone "tag_weapon_right"
      blackopsmode "0"
      blurpain "on"
      bullet_multikill_shots "2"
      bullet_penetration_affected_by_team "1"
      bullet_penetrationEnabled "1"
      bullet_penetrationMinFxDist "30"
      bulletrange "8192"
      category "0"
      categoryPlaylist "0"
      cg_actorBurnTransitionTime "3.5"
      cg_adsZoomToggleStyle "1"
      cg_adsZScaleMax "1.25"
      cg_aggressiveCullRadius "0"
      cg_aimAssistEnabled "1"
      cg_allow_mature "1"
      cg_allowActorLookAtEntity "1"
      cg_animdumpEnt "-1"
      cg_animInfoCornerOffset "0 0"
      cg_blood "1"
      cg_bloodLimit "0"
      cg_bloodLimitMsec "330"
      cg_bobWeaponAmplitude "0.16"
      cg_bobWeaponLag "0.25"
      cg_bobWeaponMax "10"
      cg_bobWeaponRollAmplitude "1.5"
      cg_brass "1"
      cg_bulletlength "80"
      cg_bulletwidth "2"
      cg_cameraUseTagCamera "1"
      cg_cameraVehicleExitTweenTime "0.4"
      cg_cameraWaterClip "4.5"
      cg_centertime "5"
      cg_chatHeight "5"
      cg_chatTime "12000"
      cg_cinematicFullscreen "1"
      cg_connectionIconSize "0"
      cg_constantSizeHeadIcons "0"
      cg_corpseHighlightFadeTime "2"
      cg_crosshairAlpha "1"
      cg_crosshairAlphaMin "0.5"
      cg_crosshairDynamic "0"
      cg_crosshairEnemyColor "1"
      cg_cursorHints "4"
      cg_deathScreenFadeInTime "2"
      cg_deathScreenFadeOutTime "0.5"
      cg_debug_overlay_viewport "0"
      cg_debug_triggers "0"
      cg_debugAnimData "0"
      cg_debugAnimSetup "0"
      cg_debugDrawEllipses "0"
      cg_debugDrawSafeAreas "0"
      cg_debugEllipsesOffset "90"
      cg_debugevents "0"
      cg_debugInfoCornerOffset "0 16"
      cg_debugMounting "0"
      cg_debugposition "0"
      cg_defaultFadeScreenColor "0 0 0 1"
      cg_defensive_anim_delay "1"
      cg_descriptiveText "1"
      cg_development "0"
      cg_dissolveTransitionTime "0.625"
      cg_dof_useDefaultForVehicle "1"
      cg_draw2D "1"
      cg_drawAnimInfo "0"
      cg_drawBreathHint "1"
      cg_drawChecksums "0"
      cg_drawCrosshair "1"
      cg_drawCrosshair3D "1"
      cg_drawCrosshairNames "1"
      cg_drawCrosshairNamesPosX "300"
      cg_drawCrosshairNamesPosY "180"
      cg_drawDisconnect "1"
      cg_drawEntityUsage "0"
      cg_drawEventUsage "0"
      cg_drawFPS "Off"
      cg_drawFPSLabels "1"
      cg_drawFPSScale "0"
      cg_drawFriendlyFireCrosshair "0"
      cg_drawFriendlyNames "1"
      cg_drawGun "1"
      cg_drawHealth "0"
      cg_drawHUD "1"
      cg_drawIdentifier "0"
      cg_drawLagometer "0"
      cg_drawMantleHint "1"
      cg_drawMaterial "Off"
      cg_drawMemUsage "0"
      cg_drawModelAxis "-1"
      cg_drawOverheadNames "1"
      cg_drawpaused "1"
      cg_drawPerformanceWarnings "1"
      cg_drawReset "0"
      cg_drawScriptUsage "0"
      cg_drawShellshock "1"
      cg_drawSnapshot "0"
      cg_drawSnapshotTime "1"
      cg_drawSpectatorMessages "0"
      cg_drawStringUsage "0"
      cg_drawThroughWalls "0"
      cg_drawTurretCrosshair "1"
      cg_drawVelocity "0"
      cg_drawVersion "0"
      cg_drawVersionX "50"
      cg_drawVersionY "18"
      cg_drawViewAngles "0"
      cg_drawWeaponHeatVertical "0"
      cg_drawZmOverheadRank "0"
      cg_drawZombieTotal "0"
      cg_dumpAnims "-1"
      cg_enemyNameFadeIn "250"
      cg_enemyNameFadeOut "250"
      cg_errordecay "100"
      cg_fakefireWizbyChance "0.2"
      cg_firstPersonTracerChance "0"
      cg_flareVisionSetFadeDuration "2000"
      cg_flashScriptHashes "0"
      cg_footprints "1"
      cg_footprintsDebug "0"
      cg_footprintsDistortWater "0"
      cg_footsteps "1"
      cg_forceSniperBobHack "0"
      cg_fov "65"
      cg_fov_default "65"
      cg_fov_default_thirdperson "40"
      cg_fovCompMax "85"
      cg_fovExtraCam "65"
      cg_fovMin "10"
      cg_fovScale "1"
      cg_friendlyNameFadeIn "0"
      cg_friendlyNameFadeOut "1500"
      cg_fuelHudVersion "1"
      cg_gameBoldMessageWidth "390"
      cg_gameMessageWidth "455"
      cg_GuidedMissileHighlightTargetSize "750"
      cg_gun_fovcomp_x "-2"
      cg_gun_fovcomp_y "0"
      cg_gun_fovcomp_z "0"
      cg_gun_move_f "0"
      cg_gun_move_minspeed "0"
      cg_gun_move_r "0"
      cg_gun_move_rate "0"
      cg_gun_move_u "0"
      cg_gun_ofs_f "0"
      cg_gun_ofs_r "0"
      cg_gun_ofs_u "0"
      cg_gun_rot_minspeed "0"
      cg_gun_rot_p "0"
      cg_gun_rot_r "0"
      cg_gun_rot_rate "0"
      cg_gun_rot_y "0"
      cg_gun_x "0"
      cg_gun_y "0"
      cg_gun_z "0"
      cg_headIconMinScreenRadius "0.02"
      cg_hideWeaponHeat "0"
      cg_hintFadeTime "100"
      cg_hudBottomSemimajor "300"
      cg_hudBottomSemiminor "150"
      cg_hudChatPosition "5 200"
      cg_hudDamageIconHeight "64"
      cg_hudDamageIconInScope "0"
      cg_hudDamageIconOffset "128"
      cg_hudDamageIconTime "2000"
      cg_hudDamageIconWidth "128"
      cg_hudFriendlyIndicatorHeight "24"
      cg_hudFriendlyIndicatorWidth "24"
      cg_hudGrenadeIconEnabledFlash "0"
      cg_hudGrenadeIconHeight "25"
      cg_hudGrenadeIconInScope "1"
      cg_hudGrenadeIconMaxHeight "104"
      cg_hudGrenadeIconMaxRangeFlash "500"
      cg_hudGrenadeIconMaxRangeFrag "250"
      cg_hudGrenadeIconOffset "50"
      cg_hudGrenadeIconShowFriendly "1"
      cg_hudGrenadeIconWidth "25"
      cg_hudGrenadeIndicatorFadeUp "1"
      cg_hudGrenadeIndicatorStartColor "1 1 1 1"
      cg_hudGrenadeIndicatorTargetColor "1 1 1 1"
      cg_hudGrenadePointerHeight "12"
      cg_hudGrenadePointerPivot "12 27"
      cg_hudGrenadePointerPulseFreq "1.7"
      cg_hudGrenadePointerPulseMax "1.85"
      cg_hudGrenadePointerPulseMin "0.3"
      cg_hudGrenadePointerWidth "25"
      cg_hudMapBorderWidth "2"
      cg_hudMapFriendlyHeight "15"
      cg_hudMapFriendlyWidth "15"
      cg_hudMapPlayerHeight "20"
      cg_hudMapPlayerWidth "20"
      cg_hudMapRadarLineThickness "0.15"
      cg_hudProneY "-160"
      cg_hudSayPosition "5 180"
      cg_hudStanceFlash "1 1 1 1"
      cg_hudStanceHintPrints "0"
      cg_hudTopSemimajor "400"
      cg_hudTopSemiminor "220"
      cg_infraredBlurTime "250"
      cg_infraredHighlightOffset "0.5"
      cg_infraredHighlightScale "200"
      cg_invalidCmdHintBlinkInterval "600"
      cg_invalidCmdHintDuration "1800"
      cg_laserEndOffset "0.5"
      cg_laserFlarePct "0.2"
      cg_laserForceOn "0"
      cg_laserLight "1"
      cg_laserLightBeginOffset "13"
      cg_laserLightBodyTweak "15"
      cg_laserLightEndOffset "-3"
      cg_laserLightRadius "3"
      cg_laserRadius "0.8"
      cg_laserRange "1500"
      cg_laserRangePlayer "1500"
      cg_mapLocationSelectionCursorSpeed "0.6"
      cg_mapLocationSelectionRotationSpeed "3"
      cg_marks_ents_player_only "0"
      cg_marqueeTimeScale "30"
      cg_mature "1"
      cg_MaxDownedPulseRate "2"
      cg_MinDownedPulseRate "0.5"
      cg_motionblur_duration "2500"
      cg_motionblur_fadeout "500"
      cg_nopredict "0"
      cg_objectiveIndicatorColor "1 0.94 0 1"
      cg_objectiveIndicatorFarDist "512"
      cg_objectiveIndicatorFarFadeDist "8192"
      cg_objectiveIndicatorFarScale "0.5"
      cg_objectiveIndicatorNearDist "256"
      cg_objectiveIndicatorNearFadeDist "256"
      cg_objectiveIndicatorSize "0.8"
      cg_objectiveListWrapCountStandard "600"
      cg_objectiveListWrapCountWidescreen "530"
      cg_overheadIconSize "0.9"
      cg_overheadNamesFarDist "512"
      cg_overheadNamesFarScale "0.7"
      cg_overheadNamesFont "2"
      cg_overheadNamesGlow "0 0 0 1"
      cg_overheadNamesMaxDist "10000"
      cg_overheadNamesNearDist "64"
      cg_overheadNamesSize "0.8"
      cg_overheadRankSize "0.7"
      cg_playerFrustumHalfHeight "36"
      cg_playersInViewMinDot "0.98"
      cg_playerState "0"
      cg_predictItems "1"
      cg_readTitleStorageLocally "0"
      cg_scoreboardBannerHeight "35"
      cg_scoreboardFont "3"
      cg_scoreboardForceArcade "0"
      cg_scoreboardHeaderFontScale "0.315"
      cg_scoreboardHeight "330"
      cg_scoreboardItemHeight "18"
      cg_scoreboardMyColor "1 0.8 0.4 1"
      cg_scoreboardPingGraph "0"
      cg_scoreboardPingHeight "0.7"
      cg_scoreboardPingText "1"
      cg_scoreboardPingWidth "0.036"
      cg_scoreboardRankFontScale "0.26"
      cg_scoreboardScrollStep "3"
      cg_scoreboardSplitscreenWidth "700"
      cg_scoreboardTextOffset "0.62"
      cg_scoreboardWidth "500"
      cg_ScoresColor_Gamertag_0 "1 1 1 0"
      cg_ScoresColor_Gamertag_1 "0.486275 0.811765 0.933333 0"
      cg_ScoresColor_Gamertag_2 "0.964706 0.792157 0.313726 0"
      cg_ScoresColor_Gamertag_3 "0.513726 0.92549 0.533333 0"
      cg_ScoresColor_Player "0.760784 0.780392 0.101961 1"
      cg_ScoresColor_Player_0 "0.0235294 0.168627 0.203922 0"
      cg_ScoresColor_Player_1 "0.447059 0.380392 0.2 0"
      cg_ScoresColor_Player_2 "0.0235294 0.172549 0.113725 0"
      cg_ScoresColor_Player_3 "0.196078 0.0588235 0.0470588 0"
      cg_ScoresColor_Transparency "0.35"
      cg_ScoresColor_TransparencyZombie "0.8"
      cg_ScoresColor_Zombie "0.423529 0.00392157 0 0"
      cg_ScoresPing_BgColor "0.25098 0.25098 0.25098 0.501961"
      cg_ScoresPing_HighColor "0.8 0 0 1"
      cg_ScoresPing_Interval "100"
      cg_ScoresPing_LowColor "0 0.74902 0 1"
      cg_ScoresPing_MaxBars "4"
      cg_ScoresPing_MedColor "0.8 0.8 0 1"
      cg_scriptIconSize "0"
      cg_showmiss "0"
      cg_showZombieControls "0"
      cg_showZombieMap "1"
      cg_small_dev_string_fontscale "1"
      cg_spectateThirdPerson "0"
      cg_subtitleMinTime "3"
      cg_subtitles "0"
      cg_subtitleWidthStandard "360"
      cg_subtitleWidthWidescreen "520"
      cg_teamChatsOnly "0"
      cg_thirdPerson "0"
      cg_thirdPersonAngle "0"
      cg_thirdPersonFocusDist "512"
      cg_thirdPersonMode "Fixed"
      cg_thirdPersonRange "120"
      cg_timedDamageDuration "500"
      cg_tracerchance "0.2"
      cg_tracerlength "100"
      cg_tracerNoDrawTime "0"
      cg_tracerScale "1"
      cg_tracerScaleDistRange "25000"
      cg_tracerScaleMinDist "5000"
      cg_tracerScrewDist "100"
      cg_tracerScrewRadius "0.15"
      cg_tracerSpeed "7500"
      cg_tracerwidth "3"
      cg_treadmarks "0"
      cg_ufo_scaler "6"
      cg_useWeaponBasedVariableZoom "0"
      cg_useWeaponSwitchReloadCancel "1"
      cg_usingClientScripts "1"
      cg_viewVehicleInfluenceGunner "1 1 1"
      cg_viewVehicleInfluenceGunnerFiring "0 0 0"
      cg_viewZSmoothingMax "16"
      cg_viewZSmoothingMin "1"
      cg_viewZSmoothingTime "0.1"
      cg_visionSetLerpMaxDecreasePerFrame "0.01"
      cg_visionSetLerpMaxIncreasePerFrame "0.02"
      cg_voiceIconSize "0"
      cg_watersheeting "1"
      cg_waterTrailRipple "1"
      cg_waterTrailRippleFrequency "600"
      cg_waterTrailRippleVariance "500"
      cg_weaponCycleDelay "0"
      cg_weaponHintsCoD1Style "1"
      cg_youInKillCamSize "6"
      cl_allowDownload "1"
      cl_analog_attack_threshold "0.8"
      cl_anglespeedkey "1.5"
      cl_autodemorecord "0"
      cl_avidemo "0"
      cl_bypassMouseInput "0"
      cl_connectionAttempts "100"
      cl_connectTimeout "200"
      cl_dblTapMaxDelayTime "500"
      cl_dblTapMaxHoldTime "500"
      cl_demoFFSpeed "0"
      cl_demoLiveStreaming "0"
      cl_demoSkipToTime "0"
      cl_dtpHoldTime "200"
      cl_enableStreamerMode "0"
      cl_fix_25day_blackscreen "1"
      cl_forceavidemo "0"
      cl_freelook "1"
      cl_freemoveScale "0.25"
      cl_freezeDemo "0"
      cl_hudDrawsBehindUI "1"
      cl_ingame "0"
      cl_inputTimeScaleFrac "0"
      cl_jumpDemoTime "0"
      cl_maxpackets "30"
      cl_maxPing "800"
      cl_motdString ""
      cl_mouseAccel "0"
      cl_network_warning "0"
      cl_nodelta "0"
      cl_noprint "0"
      cl_packetdup "1"
      cl_paused "0"
      cl_pauseDemo "0"
      cl_pitchspeed "140"
      cl_preventTvGuidedSpin "1"
      cl_punkbuster "0"
      cl_scoreDraw "1"
      cl_serverStatusResendTime "750"
      cl_showmouserate "0"
      cl_shownet "0"
      cl_shownuments "0"
      cl_showSend "0"
      cl_showServerCommands "0"
      cl_showTimeDelta "0"
      cl_stanceHoldTime "300"
      cl_talking "0"
      cl_timeout "30"
      cl_viewport_lerptime "0.15"
      cl_voice "1"
      cl_wadefps "0"
      cl_yawspeed "140"
      clancard_clanid "0"
      clanMessageLastFetchTime "0"
      clanName ""
      codMessageLastFetchTime "0"
      collectors "0"
      com_animCheck "0"
      com_busyWait "0"
      com_desiredMenu "0"
      com_errorMessage "Couldn't find the bsp for this map.  Please build the fast file associated with maps/zm_moon.d3dbsp and try again."
      com_errorTitle "Error"
      com_filter_output "0"
      com_first_time "0"
      com_first_time_pc "1"
      com_freemoveScale "1"
      com_introPlayed "1"
      com_loadRawStringtables "0"
      com_maxclients "4"
      com_maxfps "85"
      com_maxFrameTime "100"
      com_movieIsPlaying "0"
      com_recommendedSet "1"
      com_startupIntroPlayed "1"
      com_statmon "0"
      com_timescale "1"
      com_useRawUDP "1"
      com_voip_bandwidth_restricted "1"
      com_voip_disable_threshold "1200"
      com_voip_resume_time "0"
      compass "1"
      compassClampIcons "1"
      compassCoords "740 3590 400"
      compassECoordCutoff "37"
      compassEnemyFootstepEnabled "0"
      compassEnemyFootstepMaxRange "500"
      compassEnemyFootstepMaxZ "100"
      compassEnemyFootstepMinSpeed "140"
      compassForcePlayerIcon "0"
      compassFriendlyHeight "10"
      compassFriendlyWidth "10"
      compassGridAlign "0"
      compassGridCols "5"
      compassGridEnabled "1"
      compassGridRows "5"
      compassIconOtherVehHeight "40"
      compassIconOtherVehWidth "40"
      compassIconTankHeight "25"
      compassIconTankWidth "25"
      compassLocalRadarRadius "700"
      compassLocalRadarUpdateTime "2.25"
      compassMaxRange "3500"
      compassMinRadius "0.0001"
      compassMinRange "0.0001"
      compassObjectiveArrowHeight "20"
      compassObjectiveArrowOffset "2"
      compassObjectiveArrowRotateDist "5"
      compassObjectiveArrowWidth "20"
      compassObjectiveDetailDist "10"
      compassObjectiveDrawLines "1"
      compassObjectiveHeight "20"
      compassObjectiveIconHeight "32"
      compassObjectiveIconHeightZombie "16"
      compassObjectiveIconWidth "32"
      compassObjectiveIconWidthZombie "16"
      compassObjectiveMaxHeight "70"
      compassObjectiveMaxRange "2048"
      compassObjectiveMinAlpha "1"
      compassObjectiveMinDistRange "2"
      compassObjectiveMinHeight "-70"
      compassObjectiveNearbyDist "8"
      compassObjectiveNumRings "10"
      compassObjectiveRingSize "80"
      compassObjectiveRingTime "10000"
      compassObjectiveTextHeight "18"
      compassObjectiveTextScale "0.3"
      compassObjectiveWidth "20"
      compassPartialType "0"
      compassPlayerHeight "25"
      compassPlayerWidth "25"
      compassRadarLineThickness "0.4"
      compassRadarPingFadeTime "4"
      compassRadarUpdateFastTime "2"
      compassRadarUpdateTime "4"
      compassRotation "1"
      compassSatellitePingFadeTime "10"
      compassSatelliteScanTime "1000"
      compassSatelliteStaticImageFadeTime "0"
      compassScaleDiff "0"
      compassScaleDuration "0"
      compassScaleReset "0"
      compassScaleTimer "0"
      compassShowEnemies "1"
      compassSize "1"
      compassSoundPingFadeTime "2"
      compassSpectatorsSeeEnemies "0"
      compassStaticImageUpdateTime "5000"
      compassTickertapeStretch "0.5"
      con_default_console_filter "*"
      con_displayRconOutput "0"
      con_errormessagetime "8"
      con_gameMsgWindow0FadeInTime "0.25"
      con_gameMsgWindow0FadeOutTime "0.5"
      con_gameMsgWindow0Filter "gamenotify obituary"
      con_gameMsgWindow0LineCount "6"
      con_gameMsgWindow0MsgTime "5"
      con_gameMsgWindow0ScrollTime "0.25"
      con_gameMsgWindow0SplitscreenScale "1.5"
      con_gameMsgWindow1FadeInTime "0.25"
      con_gameMsgWindow1FadeOutTime "0.01"
      con_gameMsgWindow1Filter "boldgame"
      con_gameMsgWindow1LineCount "6"
      con_gameMsgWindow1MsgTime "8"
      con_gameMsgWindow1ScrollTime "0.25"
      con_gameMsgWindow1SplitscreenScale "1.5"
      con_gameMsgWindow2FadeInTime "0.75"
      con_gameMsgWindow2FadeOutTime "0.5"
      con_gameMsgWindow2Filter "subtitle"
      con_gameMsgWindow2LineCount "7"
      con_gameMsgWindow2MsgTime "5"
      con_gameMsgWindow2ScrollTime "0.25"
      con_gameMsgWindow2SplitscreenScale "1.5"
      con_gameMsgWindow3FadeInTime "0.25"
      con_gameMsgWindow3FadeOutTime "0.5"
      con_gameMsgWindow3Filter "coopinfo"
      con_gameMsgWindow3LineCount "6"
      con_gameMsgWindow3MsgTime "5"
      con_gameMsgWindow3ScrollTime "0.25"
      con_gameMsgWindow3SplitscreenScale "1.5"
      con_inputBoxColor "0.25 0.25 0.2 1"
      con_inputHintBoxColor "0.4 0.4 0.35 1"
      con_matchPrefixOnly "1"
      con_minicon "0"
      con_miniconlines "5"
      con_minicontime "4"
      con_outputBarColor "1 1 0.95 0.6"
      con_outputSliderColor "0.15 0.15 0.1 0.6"
      con_outputWindowColor "0.35 0.35 0.3 0.75"
      con_typewriterColorBase "1 1 1"
      con_typewriterColorGlowCheckpoint "0.6 0.5 0.6 1"
      con_typewriterColorGlowCompleted "0 0.3 0.8 1"
      con_typewriterColorGlowFailed "0.8 0 0 1"
      con_typewriterColorGlowUpdated "0 0.6 0.18 1"
      con_typewriterDecayDuration "1000"
      con_typewriterDecayStartTime "4000"
      con_typewriterEnabledSounds "0"
      con_typewriterPrintSpeed "40"
      coop_difficulty_scaling "1"
      counterDownloadInterval "15"
      counterUploadInterval "15"
      createpublicserver "0"
      credits_active "0"
      credits_frommenu "0"
      credits_load "0"
      crossbow_impaleAdditionalRagdollTime "8"
      crossbow_impaleGravityRampTime "0.5"
      crossbow_impaleGravityScale "0.05"
      crossbow_impaleProjectileSlowdown "0.017"
      crossbow_impaleSlideSpeed "10"
      crossbow_impaleSlideTime "1"
      crossbow_impaleStuckTime "3"
      currentDifficulty "normal"
      customclass1 "CUSTOM 1"
      customclass2 "CUSTOM 2"
      customclass3 "CUSTOM 3"
      customclass4 "CUSTOM 4"
      customclass5 "CUSTOM 5"
      ddl_verbose "0"
      debug "0"
      debug_ai_supplement "0"
      debug_rope "0"
      debug_start ""
      debug_trace "0"
      debug_triggers "0"
      debugCurves "0"
      DebugFireManager "0"
      debugRenderBrushes "0"
      debugRenderBulletMeshes "0"
      debugRenderCollisionDistance "800"
      debugRenderColoredPatches "0"
      debugRenderEntityBrushes "0"
      debugRenderGjkTraceGeom "0"
      debugRenderMask "All"
      debugRenderPatches "0"
      debugRenderPlayerCollision "0"
      debugRenderStaticModelsBounds "0"
      debugStats "1"
      dec20_Enabled "0"
      dedicated "dedicated internet server"
      defaultDamageDuration "300"
      defaultDamageInterval "300"
      defaultHitDamage "5"
      developer "0"
      developer_script "0"
      disableHost_matchesHostedRatio "0"
      disableHost_matchesHostedStreak "0"
      disableHost_matchesPlayedRatio "0"
      disableHost_matchesPlayedStreak "0"
      disconnected_ctrls ""
      dive2swim "200"
      dive_recharge "1000"
      dlc1 "1"
      dlc2 "1"
      dlc3 "1"
      dlc4 "1"
      dlc5 "1"
      dog_MeleeDamage "150"
      dog_turn180_angle "135"
      dog_turn90_angle "70"
      dog_turn_min_goal_dist "40"
      door_breach_weapondrop "1"
      doublesided_raycasts "0"
      drew_notes "4"
      dtp "1"
      dtp_exhaustion_window "1500"
      dtp_fall_damage_max_height "200"
      dtp_fall_damage_min_height "65"
      dtp_max_apex_duration "400"
      dtp_max_slide_addition "0"
      dtp_max_slide_duration "300"
      dtp_min_speed "3.16"
      dtp_new_trajectory "1"
      dtp_new_trajectory_multiplier "2"
      dtp_post_move_pause "100"
      dtp_startup_delay "250"
      dump_assets "0"
      dumpStaticModels "0"
      dw_active "1"
      dw_dupe_key "0"
      dw_loggedin "1"
      dw_numaccounts "-1"
      dw_party_active "1"
      dw_popup ""
      dw_user0 ""
      dw_user1 ""
      dw_user2 ""
      dw_user3 ""
      dw_user4 ""
      dwFileFetchTryIntervalBase "2"
      dwFileFetchTryIntervalMax "30"
      dwFileFetchTryMaxAttempts "30"
      dynEnt_bulletForce "800"
      dynEnt_damageRadiusScale "1"
      dynEnt_explodeForce "12500"
      dynEnt_explodeMaxEnts "20"
      dynEnt_explodeMinForce "40"
      dynEnt_explodeSpinScale "4"
      dynEnt_explodeUpbias "0.5"
      dynEnt_sentientAutoActivate "1"
      dynEnt_spawnedLimit "50"
      dynEntPieces_angularVelocity "0 0 0"
      dynEntPieces_impactForce "1000"
      dynEntPieces_velocity "0 0 0"
      emblem_scroll_delay_first "150"
      emblem_scroll_delay_rest "50"
      enable_global_wind "1"
      enable_grass_wind "1"
      enable_moving_paths "1"
      enable_new_prone_check "1"
      eventMessageLastFetchTime "0"
      facepaintLodDist "1250"
      factoryAftereffectOverride "-1"
      fallback "0"
      fire_audio_random_max_duration "1000"
      fire_audio_repeat_duration "1500"
      fire_burn_time "3000"
      fire_world_damage "5"
      fire_world_damage_duration "5"
      fire_world_damage_rate "1"
      fix_mouse_lag "0"
      fixedtime "0"
      flame_config_valid "0"
      flame_debug_render "0"
      flame_kick_offset "-2 0 -0.5"
      flame_kick_recover_speed "4"
      flame_kick_speed "4"
      flame_render "1"
      flame_team_damage "0"
      flame_test "0"
      flame_use_dvars "0"
      flameVar_editingFlameTable "none"
      flameVar_lastFlameTable "none"
      flare_distance_scale "16"
      flare_duration "8"
      flare_effect_radius "400"
      flareBurnOutFadeWait "0.65"
      flareDisableEffects "0"
      flareLookAwayFadeWait "0.45"
      footstep_sounds_cutoff "1000"
      friction "5.5"
      friendlyfire_enabled "0"
      friendlyNameFontColor "0.9 1 0.9 0.7"
      friendlyNameFontGlowColor "0 0.3 0 1"
      friendlyNameFontObjective "1"
      friendlyNameFontSize "0.3"
      friendlyNameSplitScreenFontSize "0.4"
      friendlySaveFromDog "0"
      fs_basegame ""
      fs_basepath "C:\T5Server"
      fs_cdpath ""
      fs_copyfiles "0"
      fs_debug "0"
      fs_game "mods/BO1_more_perks_and_weapons"
      fs_homepath "C:\Users\ThiccBoi\AppData\Local\Plutonium\storage\t5"
      fs_ignoreLocalized "0"
      fs_restrict "0"
      fs_usedevdir "0"
      fs_userDocuments "\Activision\CoD"
      fs_usermapdir ""
      fx_marks "1"
      fxfrustumCutoff "1000"
      g_ai "1"
      g_aiEventDump "-1"
      g_allowvote "1"
      g_antilag "1"
      g_banIPs ""
      g_banzai_flank_attack "0"
      g_banzai_max_target_distance "1000"
      g_banzai_player_fov_buffer "0.2"
      g_changelevel_time "0"
      g_clonePlayerMaxVelocity "80"
      g_compassShowEnemies "0"
      g_connectpaths "0"
      g_console_log "console.log"
      g_console_log_count "10"
      g_console_log_rolling_archival "1"
      g_deadChat "0"
      g_deathDelay "4000"
      g_debugaccuracy "0"
      g_debugBullets "0"
      g_debugDamage "0"
      g_debugLocDamage "0"
      g_debugLocDamageEntity "-1"
      g_debugLocHit "0"
      g_debugLocHitTime "500"
      g_drawEntBBoxes "0"
      g_drawGrenadeHints "0"
      g_dropForwardSpeed "10"
      g_dropHorzSpeedRand "100"
      g_dropUpSpeedBase "10"
      g_dropUpSpeedRand "5"
      g_dumpAnims "-1"
      g_dumpAnimsCommands "-1"
      g_dumpAnimsNetwork "-1"
      g_dumpAnimsReduceSpam "0"
      g_earthquakeEnable "1"
      g_enteqDelay "150"
      g_enteqDist "4000"
      g_enteqEnable "0"
      g_entinfo "off"
      g_entinfo_AItext "brief"
      g_entinfo_maxdist "2048"
      g_entinfo_scale "1"
      g_entinfo_type "AI only"
      g_fix_entity_leaks "1"
      g_fix_event_fails "0"
      g_fix_health_sets_max "0"
      g_fix_tesla_bug "0"
      g_fix_viewkick_dupe "0"
      g_fixBulletDamageDupe "0"
      g_force_no_dummy_save "0"
      g_friendlyfireDist "175"
      g_friendlyNameDist "15000"
      g_gameskill "1"
      g_gametype "zom"
      g_inactivity "190"
      g_knockback "1000"
      g_listEntity "0"
      g_loadScripts "1"
      g_log "logs\games_sp.log"
      g_logSync "1"
      g_mantleBlockTimeBuffer "500"
      g_maxDroppedWeapons "16"
      g_minGrenadeDamageSpeed "400"
      g_motd ""
      g_no_script_spam "0"
      g_oldAnimCmdNetwork "0"
      g_oldVoting "1"
      g_password ""
      g_patchRocketJumps "1"
      g_player_maxhealth "100"
      g_playerCollision "everybody"
      g_playerCollisionEjectSpeed "25"
      g_playerEjection "nobody"
      g_playerRespawnTime "0"
      g_playerTrailTime "500"
      g_print_entity_leaks "0"
      g_randomSeed "0"
      g_redCrosshairs "1"
      g_reloading "0"
      g_remove_lean_headhitent "0"
      g_ScoresColor_Allies "0.0901961 0.458824 0.0705882 1"
      g_ScoresColor_Axis "0.690196 0.0705882 0.0509804 1"
      g_ScoresColor_EnemyTeam "0.690196 0.0705882 0.0509804 1"
      g_ScoresColor_Free "0.760784 0.780392 0.101961 1"
      g_ScoresColor_MyTeam "0.25098 0.721569 0.25098 1"
      g_ScoresColor_Spectator "0.25098 0.25098 0.25098 1"
      g_smoothClients "1"
      g_sp_fix_damage_overflow "0"
      g_spawnai "1"
      g_speed "190"
      g_synchronousClients "0"
      g_TeamColor_Allies "0.6 0.639216 0.690196 1"
      g_TeamColor_Axis "0.65098 0.568627 0.411765 1"
      g_TeamColor_EnemyTeam "1 0.313726 0.34902 1"
      g_TeamColor_EnemyTeamAlt "1 0.501961 0 1"
      g_TeamColor_Free "0.74902 0.25098 0.25098 1"
      g_TeamColor_MyTeam "0.4 0.701961 0.4 1"
      g_TeamColor_MyTeamAlt "0.34902 1 1 1"
      g_TeamColor_Spectator "0.25098 0.25098 0.25098 1"
      g_TeamName_Allies "GAME_ALLIES"
      g_TeamName_Axis "GAME_AXIS"
      g_useGear "0"
      g_useholdspawndelay "1"
      g_useholdtime "250"
      g_vehicleDebug "0"
      g_vehicleDrawPath ""
      g_vehiclePlaneCurveTime "1.5"
      g_voiceChatTalkingDuration "500"
      g_voteAbstainWeight "0.5"
      gamedate "Aug 25 2026"
      gamename "PT5SP"
      geographicalMatchmaking "0"
      glassCrackedDamageRateRange "1 10"
      glassDamageMultiplier "0.4"
      gpad_button_deadzone "0.13"
      gpad_button_lstick_deflect_max "1"
      gpad_button_rstick_deflect_max "1"
      gpad_buttonsConfig "buttons_default"
      gpad_debug "0"
      gpad_enabled "0"
      gpad_menu_scroll_delay_first "420"
      gpad_menu_scroll_delay_rest "210"
      gpad_present "0"
      gpad_rumble "1"
      gpad_stick_deadzone_max "0.01"
      gpad_stick_deadzone_min "0.2"
      gpad_stick_pressed "0.4"
      gpad_stick_pressed_hysteresis "0.1"
      gpad_sticksConfig "thumbstick_default"
      grenadeBounceRestitutionMax "0.3"
      grenadeBumpFreq "0.3"
      grenadeBumpMag "0.4"
      grenadeBumpMax "100"
      grenadeCurveMax "4"
      grenadeFrictionHigh "0.4"
      grenadeFrictionLow "0.01"
      grenadeFrictionMaxThresh "100"
      grenadeRestThreshold "20"
      grenadeRollingEnabled "1"
      grenadeWobbleFreq "0.08"
      grenadeWobbleFwdMag "10"
      grenadeWobbleSideDamp "0.01"
      grenadeWobbleSideMag "1"
      groupDownloadInterval "900"
      groupUploadInterval "300"
      heatMapLoadDelay "2000"
      hiDef "1"
      highlightedPlayerClanTag ""
      highlightedPlayerName ""
      highlightedPlayerXuid ""
      hostileNameFontColor "1 0.9 0.9 0.7"
      hostileNameFontGlowColor "0.6 0 0 1"
      hot_joinAllowed "0"
      hud_drawHUD "1"
      hud_enable "1"
      hud_flash_period_offhand "0.5"
      hud_flash_time_offhand "2"
      hud_missionFailed "0"
      hud_showObjectives "1"
      hud_showStance "1"
      hud_showTextNoAmmo "1"
      hudElemPausedBrightness "0.4"
      ik_actor_tracking_scale "1"
      ik_ai_hand_offset_vec "0 0 0"
      ik_ai_hand_rotation_vec "0 0 0"
      ik_ai_hand_tuning "0"
      ik_debug "0"
      ik_distanceCull "1"
      ik_distanceCullDist "4000"
      ik_dvar_lookatentity_notorso "0"
      ik_enable "1"
      ik_enable_ai_hand "0"
      ik_enable_ai_terrain "2"
      ik_enable_player_hand "1"
      ik_enable_player_terrain "1"
      ik_foot_test "0"
      ik_hand_test "0"
      ik_left_hand_lerp_test "0"
      ik_paranoid_matrix_checks "0"
      ik_pelvis_test "0"
      ik_pitch_limit_max "60"
      ik_pitch_limit_thresh "10"
      ik_right_hand_lerp_test "0"
      ik_roll_limit_max "100"
      ik_roll_limit_thresh "30"
      ik_yaw_limit_max "90"
      ik_yaw_limit_thresh "10"
      in_mouse "1"
      input_invertPitch "0"
      input_viewSensitivity "1"
      introscreen "1"
      invite_waitPeriod "30000"
      inviteText ""
      isFriendsListTrackerEnabled "0"
      jump_height "39"
      jump_ladderPushVel "128"
      jump_slowdownEnable "0"
      jump_spreadAdd "64"
      jump_stepSize "18"
      key "svAzia1sZyGkVSwLZtNw54oDXX0BDwic"
      kill_slomo_time "0"
      language "english"
      lastStandSwayAccel "0.05"
      lastStandSwayMaxDrift "1"
      lb_all_time_lb_write_min_req "50"
      lb_escrowRefresh "1200"
      lb_escrowTimeout "1200"
      lb_filter "none"
      lb_forceLbWrite "0"
      lb_LastFetchTime "0"
      lb_maxActiveLbReadTasks "3"
      lb_maxrows "50"
      lb_min_duration_before_penalty "1"
      lb_minDelayBetweenLbReads "5000"
      lb_minrefresh "0"
      lb_monthly_lb_write_min_req "25"
      lb_prestige "0"
      lb_time_penalty_for_early_quitters "1"
      lb_type "zombie_theater_waves"
      lb_typeByResetPeriod "all_time"
      lb_weekly_lb_write_min_req "5"
      live_banned "0"
      live_olMaxInterval "120"
      live_olMinInterval "60"
      live_restrictEmblems "0"
      live_service "0"
      live_ssLBFetchMaxInterval "300"
      live_ssLBFetchMinInterval "60"
      live_ssMaxInitialInterval "60"
      live_ssMaxInterval "300"
      live_ssMinInterval "150"
      loc_forceEnglish "0"
      loc_language "0"
      loc_translate "1"
      loc_warnings "0"
      loc_warningsAsErrors "0"
      local_leaderboards "1"
      local_leaderboards_maxgames "33"
      log_append "0"
      logfile "1"
      long_blocking_call "0"
      lowAmmoWarningColor1 "0.901961 0.901961 0.901961 0.8"
      lowAmmoWarningColor2 "1 1 1 1"
      lowAmmoWarningNoAmmoColor1 "0.8 0 0 0.8"
      lowAmmoWarningNoAmmoColor2 "1 0 0 1"
      lowAmmoWarningNoReloadColor1 "0.701961 0.701961 0 0.8"
      lowAmmoWarningNoReloadColor2 "1 1 0 1"
      lowAmmoWarningPulseFreq "1.7"
      lowAmmoWarningPulseMax "1.5"
      lowAmmoWarningPulseMin "0"
      m_filter "0"
      m_forward "0.25"
      m_pitch "0.022"
      m_side "0.25"
      m_yaw "0.022"
      magic_box_explore_only "1"
      magic_chest_movable "1"
      mantle_check_angle "60"
      mantle_check_glass_extra_range "10"
      mantle_check_radius "0.1"
      mantle_check_range "20"
      mantle_debug "0"
      mantle_enable "1"
      mantle_view_yawcap "60"
      mantle_weapon_anim_height "32"
      mantle_weapon_height "39"
      mapname "zombie_coast"
      matchmaking_debug "1"
      matchmaking_mininfo "1"
      maxMetPlayerListCount "50"
      maxStatsBackupInterval "-1"
      melee_debug "0"
      metPlayerListCleanupInterval "60000"
      metPlayerListUpdateInterval "10000"
      metPlayerListUploadInterval "60000"
      mg0 "0"
      mg1 "0"
      mg2 "0"
      mg3 "0"
      mg4 "0"
      mg5 "0"
      mg6 "0"
      mg7 "0"
      mgTurret "off"
      minDelayForOtherPlayerStatsFetch "300000"
      mis_01 "0"
      mis_01_unlock "21"
      mis_cheat "0"
      mis_difficulty "0000000000000000000000000"
      missileDebugAttractors "0"
      missileDebugDraw "0"
      missileDebugText "0"
      missileHellfireMaxSlope "0.5"
      missileHellfireUpAccel "1000"
      missileJavAccelClimb "300"
      missileJavAccelDescend "3000"
      missileJavClimbAngleDirect "85"
      missileJavClimbAngleTop "50"
      missileJavClimbCeilingDirect "0"
      missileJavClimbCeilingTop "3000"
      missileJavClimbHeightDirect "10000"
      missileJavClimbHeightTop "15000"
      missileJavClimbToOwner "700"
      missileJavSpeedLimitClimb "1000"
      missileJavSpeedLimitDescend "6000"
      missileJavTurnDecel "0.05"
      missileJavTurnRateDirect "60"
      missileJavTurnRateTop "100"
      missileMolotovBlobNum "5"
      missileMolotovBlobTime "2"
      missilePlantableSize "5"
      missileTVGuidedBoost "2"
      missileTVGuidedBoostSpeedDown "-1000"
      missileTVGuidedBoostSpeedUp "1000"
      missileTVGuidedFlatteningRollAccel "2"
      missileTVGuidedMaxRollAngle "35"
      missileTVGuidedMPSpecific "0"
      missileTVGuidedStickDeadzone "15"
      missileTVGuidedTurningRollAccel "1.5"
      missileTVGuidedTurnRate "3"
      missileWaterMaxDepth "60"
      modStats "1"
      monkeytoy "1"
      motd "^1REKT got ^5#rekt"
      msg_dumpEnts "0"
      msg_hudelemspew "0"
      msg_printEntityNums "0"
      name "dedicated"
      net_ip "localhost"
      net_lanauthorize "0"
      net_minigraph "0"
      net_noudp "0"
      net_port "28963"
      net_profile "0"
      net_showprofile "0"
      net_socksEnabled "0"
      net_socksPassword ""
      net_socksPort "1080"
      net_socksServer ""
      net_socksUsername ""
      nextdemo ""
      nextmap "map_restart"
      nightVisionDisableEffects "0"
      nightVisionFadeInOutTime "0.1"
      nightVisionPowerOnTime "0.3"
      noai "off"
      notice_onEscArg ""
      onlinegame "1"
      onlinegameandhost "0"
      onlineunrankedgameandhost "0"
      overrideNVGModelWithKnife "0"
      packetDebug "0"
      party_allowguests "1"
      party_autoteams "1"
      party_chooseLowestPingSlot "1"
      party_clientTimeout "24000"
      party_connectTimeout "6000"
      party_connectToOthers "1"
      party_considerStreamingForHostMigration "1"
      party_currentMapVetoCount "0"
      party_debug "0"
      party_disconnectPlayerOnRemoval "0"
      party_editingsettings "0"
      party_firstSubpartyIndex "0"
      party_forceMemberUpdateOnVoiceConnectivityBits "0"
      party_forceMigrateAfterRound "0"
      party_forceMigrateOnMatchStartRegression "1"
      party_gamesize ""
      party_gameStartTimerLength "10"
      party_gametype ""
      party_headtohead "0"
      party_host "0"
      party_hostname ""
      party_iamhost "0"
      party_isPreviousMapVoted "0"
      party_joinInProgressAllowed "1"
      party_keepPartyAliveWhileMatchmaking "1"
      party_kickplayerquestion ""
      party_linearMapCycle "0"
      party_linearMapCycleRandom "0"
      party_lobbyExtensionTime "10"
      party_lobbyPlayerCount ""
      party_localTeamTest "0"
      party_mapname ""
      party_mappacks ""
      party_matchedPlayerCount "4"
      party_maxDesperateMigrationTime "6000"
      party_maxlocalplayers "2"
      party_maxMigrationTime "10000"
      party_maxplayers "4"
      party_maxTeamDiff "1"
      party_minLobbyTime "45"
      party_minplayers "2"
      party_minResumeMs "2000"
      party_nextMapVetoCount "0"
      party_partyPlayerCount ""
      party_playerCount "1"
      party_playervisible "0"
      party_pregameStartTimerLength "5"
      party_previousMapVetoCount "0"
      party_privacyStatus "2"
      party_readyButtonVisible "0"
      party_readyPercentRequired "0"
      party_reconnectToClientOnTimeout "1"
      party_reconnectToHostOnTimeout "1"
      party_requestMigrateDuringAutoStartIfStreaming "1"
      party_sequentialPreviousMapVotingAllowed "0"
      party_simulateLongQoS "0"
      party_splitscreenJoinAllowed "1"
      party_teambased "1"
      party_timer "0"
      party_timerVisible "0"
      party_verifyFreeSlotsDuringMatchmaking "0"
      party_vetoButtonVisible "0"
      party_vetoDelayTime "4"
      party_vetoPassed "0"
      party_vetoPercentRequired "0.501"
      password ""
      pc_NATTraversalTrottling "0"
      pc_newversionavailable "0"
      penetrationCount "2"
      penetrationCount_allies "0"
      penetrationCount_axis "0"
      perk_armorPiercing "40"
      perk_blackbirdShowsGpsJammer "1"
      perk_bulletPenetrationMultiplier "2"
      perk_damageKickReduction "0.2"
      perk_deathStreakCountRequired "5"
      perk_delayExplosiveTime "0.2"
      perk_disarmExplosiveTime "2"
      perk_dogsAttackGhost "1"
      perk_extraBreath "5"
      perk_extraMoneyMultiplier "2"
      perk_fastOffhandRate "0.5"
      perk_fireproof "95"
      perk_flakJacket "35"
      perk_flakJacket_hardcore "9"
      perk_grenadeDeath "frag_grenade_short_mp"
      perk_grenadeTossBackTimer "2500"
      perk_healthRegenMultiplier "1.5"
      perk_interactSpeedMultiplier "1.15"
      perk_killstreakReduction "1"
      perk_mantleReduction "0.5"
      perk_shellShockReduction "0.5"
      perk_speedMultiplier "1.07"
      perk_sprintMultiplier "2"
      perk_sprintRecoveryMultiplier "0.6"
      perk_throwbackInnerRadius "120"
      perk_weapAdsMultiplier "0.5"
      perk_weapMeleeMultiplier "0.5"
      perk_weapRateEnhanced "0"
      perk_weapRateMultiplier "0.75"
      perk_weapReloadMultiplier "0.5"
      perk_weapSpreadMultiplier "0.65"
      perk_weapSwitchMultiplier "0.5"
      phys_ai_collision_mode "1"
      phys_bulletSpinScale "3"
      phys_bulletUpBias "0.5"
      phys_buoyancy "0"
      phys_buoyancyDistanceCutoff "2500"
      phys_buoyancyFastComputation "0"
      phys_buoyancyRippleFrequency "3000"
      phys_buoyancyRippleVariance "2000"
      phys_debugBigQueries "0"
      phys_debugCallback "0"
      phys_debugDangerousRigidBodies "0"
      phys_debugExpensivePushout "0"
      phys_dragAngular "0.5"
      phys_dragLinear "0.03"
      phys_drawCollisionObj "0"
      phys_drawcontacts "0"
      phys_drawNitrousVehicle "0"
      phys_drawNitrousVehicleEffects "0"
      phys_entityCollision "1"
      phys_floatTimeVariance "10000"
      phys_fluid "0"
      phys_gravity "-800"
      phys_gravity_dir "0 0 1"
      phys_impact_distance_cutoff "800"
      phys_impact_fx "1"
      phys_impact_intensity_limit "50"
      phys_impact_max_pfx_per_frame "10"
      phys_impact_max_sfx_per_frame "10"
      phys_impact_render "0"
      phys_impact_silence_window "0.3"
      phys_maxFloatTime "30000"
      phys_msecstep "0"
      phys_piecesSpawnDistanceCutoff "1000"
      phys_player_collision_adjust_height "0"
      phys_player_collision_mode "1"
      phys_ragdoll_buoyancy "0"
      phys_ragdoll_joint_damp_scale "0.04"
      phys_reeval_frequency "2"
      phys_userRigidBodies "1"
      phys_vehicleDamageFroceScale "0.3"
      phys_vehicleFriction "0.1"
      phys_vehicleGravityMultiplier "1"
      phys_vehicleUsePredictedPosition "0"
      phys_vehicleWheelEntityCollision "1"
      phys_waterDragAngular "-2"
      phys_waterDragLinear "-1"
      pickupPrints "0"
      player0downs "0"
      player1downs "2"
      player_adsExitDelay "0"
      player_AimBlend_Back_Low "0 0.3 0.5"
      player_AimBlend_Back_Mid "0.1 0.2 0.5"
      player_AimBlend_Back_Up "0.5 0.1 -0.6"
      player_AimBlend_Head "0 0 0"
      player_AimBlend_Neck "0.3 0.3 0"
      player_AimBlend_Pelvis "0.4 0.4 0"
      player_AimBlend_Shoulder "1 1 1"
      player_animRunThreshhold "140"
      player_animWalkThreshhold "30"
      player_aqs_scale "8"
      player_aqs_spread_max "255"
      player_aqs_spread_multiplier "255"
      player_aqs_sway_factor "40"
      player_aqs_time "0.25"
      player_backSpeedScale "0.7"
      player_bayonetLaunchDebugging "0"
      player_bayonetLaunchProof "1"
      player_bayonetLaunchZCap "300"
      player_bayonetRange "85"
      player_bayonetTargetDist "65"
      player_breath_fire_delay "0"
      player_breath_gasp_lerp "6"
      player_breath_gasp_scale "4.5"
      player_breath_gasp_time "1"
      player_breath_hold_lerp "4"
      player_breath_hold_time "4.5"
      player_breath_snd_delay "1"
      player_breath_snd_lerp "2"
      player_burstFireCooldown "0.2"
      player_clipSizeMultiplier "1"
      player_damageMultiplier "0.363636"
      player_deathInvulnerableTime "1000"
      player_deathInvulnerableToMelee "0"
      player_deathInvulnerableToProjectile "1"
      player_debugHealth "0"
      player_died_recently "0"
      player_disableWeaponsInWater "1"
      player_dmgtimer_flinchTime "500"
      player_dmgtimer_maxTime "750"
      player_dmgtimer_minScale "0"
      player_dmgtimer_stumbleTime "500"
      player_dmgtimer_timePerPoint "100"
      player_enableShuffleAnims "0"
      player_enduranceSpeedScale "1.7"
      player_floatSpeed "20"
      player_footstepsThreshhold "10"
      player_forceRedCrosshair "0"
      player_healthEasy "500"
      player_healthFu "115"
      player_healthHard "165"
      player_healthMedium "275"
      player_knockbackMoveThreshhold "60"
      player_lastStandBleedoutTime "45"
      player_lastStandBleedoutTimeNoRevive "10"
      player_lastStandHealthOverlayTime "8"
      player_lean_rotate "1.25 1.25"
      player_lean_rotate_crouch "1 1"
      player_lean_shift "5 2.5"
      player_lean_shift_crouch "12.5 2.5"
      player_maxGrenadeCatchHeight "80"
      player_meleeDamageMultiplier "1"
      player_meleeHeight "10"
      player_meleeRange "64"
      player_meleeWidth "10"
      player_move_factor_on_torso "0"
      player_moveThreshhold "2"
      player_radiusDamageMultiplier "1"
      player_revivePlayerListCycleTime "2"
      player_reviveTriggerRadius "64"
      player_runbkThreshhold "60"
      player_runThreshhold "110"
      player_scopeExitOnDamage "0"
      player_sliding_friction "1.5"
      player_sliding_velocity_cap "500"
      player_sliding_wishspeed "450"
      player_slopeAnimAngle "30"
      player_spectateSpeedScale "1"
      player_sprintCameraBob "0.5"
      player_sprintForwardMinimum "105"
      player_sprintMinTime "1"
      player_sprintRechargePause "0"
      player_sprintSpeedScale "1.5"
      player_sprintStrafeSpeedScale "0.667"
      player_sprintThreshhold "185"
      player_sprintTime "4"
      player_sprintUnlimited "0"
      player_strafeAnimCosAngle "0.5"
      player_strafeSpeedScale "0.8"
      player_sustainAmmo "0"
      player_swimDamage "15"
      player_swimDamagerInterval "1"
      player_swimTime "16"
      player_takeDirectDamageInVehicles "1"
      player_throwbackInnerRadius "72"
      player_throwbackOuterRadius "192"
      player_topDownCamAngles "75 0 0"
      player_topDownCamCenterPos "-7926 -2838 -88"
      player_topDownCamMode "0"
      player_topDownCamOffset "0 0 500"
      player_topDownCursorDist "250"
      player_topDownCursorPos "0 0"
      player_turnAnims "1"
      player_turnRateScale "1"
      player_useSlopeAnims "1"
      player_view_pitch_down "85"
      player_view_pitch_up "85"
      player_viewLockEnt "0"
      player_viewRateScale "0"
      player_waterSpeedScale "1.3"
      playerPushAmount "0"
      playlist "0"
      popInLetterFXTime "40"
      presell "0"
      prestigeclass1 "Custom 6"
      prestigeclass2 "Custom 7"
      prestigeclass3 "Custom 8"
      prestigeclass4 "Custom 9"
      prestigeclass5 "Custom 10"
      primaryWeaponOffset "0"
      profile_physics "0"
      protocol "3141"
      r_aaAlpha "dither (fast)"
      r_aaSamples "4"
      r_allow_intz "1"
      r_allow_null_rt "1"
      r_aspectRatio "auto"
      r_backBufferSize "960"
      r_backBufferSizeY "544"
      r_bloomBlurRadius "1.75"
      r_bloomColorScale "0 0 0 0"
      r_bloomCurveBreakpoint "1 1 1 1"
      r_bloomCurveHiBlack "0 0 0 0"
      r_bloomCurveHiGamma "1 1 1 1"
      r_bloomCurveHiRemapBlack "0 0 0 0"
      r_bloomCurveHiRemapWhite "1 1 1 1"
      r_bloomCurveHiWhite "1 1 1 1"
      r_bloomCurveLoBlack "0 0 0 0"
      r_bloomCurveLoGamma "1 1 1 1"
      r_bloomCurveLoRemapBlack "0 0 0 0"
      r_bloomCurveLoRemapWhite "1 1 1 1"
      r_bloomCurveLoWhite "1 1 1 1"
      r_bloomExpansionControl "0.5 0.5 0.5 0.5"
      r_bloomExpansionSource "0"
      r_bloomExpansionWeights "0 0 0 0"
      r_bloomPersistence "0"
      r_bloomStreakXInnerTint "1 1 1"
      r_bloomStreakXLevels0 "0.25 0.5 0.25 1"
      r_bloomStreakXLevels1 "0 1 0 1"
      r_bloomStreakXOuterTint "1 1 1"
      r_bloomStreakXTint "0 0 0"
      r_bloomStreakXTintControl "0.25 0.5 0.25 1"
      r_bloomStreakYInnerTint "1 1 1"
      r_bloomStreakYLevels0 "0.25 0.5 0.25 1"
      r_bloomStreakYLevels1 "0 1 0 1"
      r_bloomStreakYOuterTint "1 1 1"
      r_bloomStreakYTint "0 0 0"
      r_bloomStreakYTintControl "0.25 0.5 0.25 1"
      r_bloomTintScale "0 0 0 1"
      r_bloomTintWeights "0.25 0.5 0.25 0"
      r_bloomTweaks "0"
      r_blur "0"
      r_blur_allowed "1"
      r_brightness "0"
      r_brushLimit "512"
      r_burnedDestructibleColor "0.4"
      r_cacheModelLighting "1"
      r_cacheSModelLighting "1"
      r_clear "blink"
      r_clearColor "0 0 0 0"
      r_clearColor2 "0 0 0 0"
      r_clipCodec "MJPEG"
      r_clipFPS "24"
      r_clipSize "360"
      r_collectActiveMaterials "0"
      r_colorMap "Unchanged"
      r_contrast "1"
      r_convergence "6.06253"
      r_customMode ""
      r_debugHDRdlight "0"
      r_debugHDRdlight_color "0.25 0.8 1"
      r_debugHDRdlight_distance "250"
      r_debugHDRdlight_radius "150"
      r_debugHDRdlight_scale "1"
      r_debugLayers "0"
      r_debugLineWidth "1"
      r_debugShader "none"
      r_debugShowCoronas "0"
      r_debugShowDynamicLights "0"
      r_debugShowPrimaryLights "0"
      r_depthPrepass "0"
      r_desaturation "1"
      r_diffuseColorScale "1"
      r_distortion "1"
      r_dlightLimit "4"
      r_dlightMaxFullScreenRadius "200"
      r_dlightMaxNonFullScreenRadius "200"
      r_dobjLimit "512"
      r_dof_bias "0.5"
      r_dof_enable "1"
      r_dof_farBlur "1.8"
      r_dof_farEnd "7000"
      r_dof_farStart "1000"
      r_dof_nearBlur "6"
      r_dof_nearEnd "60"
      r_dof_nearStart "10"
      r_dof_showdebug "0"
      r_dof_tweak "0"
      r_dof_viewModelEnd "8"
      r_dof_viewModelStart "2"
      r_dpvs_useCellForceInvisibleBits "1"
      r_drawDebugFogParams "0"
      r_drawWater "1"
      r_enableDlights "1"
      r_enableFlashlight "0"
      r_enableOccluders "1"
      r_enablePlayerShadow "0"
      r_envMapExponent "5"
      r_envMapMaxIntensity "0.5"
      r_envMapMinIntensity "0.2"
      r_envMapOverride "0"
      r_envMapSpecular "1"
      r_envMapSunIntensity "2"
      r_exposureTweak "0"
      r_exposureValue "1"
      r_extracam_custom_aspectratio "-1"
      r_extracam_shadowmap_enable "0"
      r_fastSkin "0"
      r_filmCurveSoftClip "1"
      r_filmLut "-1"
      r_filmTweakBleach "0 0 0"
      r_filmTweakBrightness "0"
      r_filmTweakColorTemp "6500 6500 6500"
      r_filmTweakContrast "1 1 1"
      r_filmTweakDarkFeather "0"
      r_filmTweakDarkTint "1 1 1"
      r_filmTweakDesaturation "0.2"
      r_filmTweakEnable "0"
      r_filmTweakHue "0 0 0"
      r_filmTweakInvert "0"
      r_filmTweakLightFeather "0"
      r_filmTweakLightTint "1 1 1"
      r_filmTweakLut "-1"
      r_filmTweakMidEnd "0.75"
      r_filmTweakMidStart "0.25"
      r_filmTweakMidTint "1 1 1"
      r_filmTweakRangeDebug "0"
      r_filmTweakSaturation "1 1 1"
      r_filmUseTweaks "0"
      r_finalShiftX "0 0 0"
      r_finalShiftY "0 0 0"
      r_flame_allowed "1"
      r_flameFX_distortionScaleFactor "0 1 1 0.511918"
      r_flameFX_enable "0"
      r_flameFX_fadeDuration "0.5"
      r_flameFX_FPS "15"
      r_flameFX_magnitude "0.0215147"
      r_flameScaler "1"
      r_flashLightBobAmount "0 0 0"
      r_flashLightBobRate "0 0.2 0.3"
      r_flashLightBrightness "10"
      r_flashLightColor "1 1 1"
      r_flashLightEndRadius "300"
      r_flashLightFlickerAmount "0"
      r_flashLightFlickerRate "65"
      r_flashLightFovInnerFraction "0.7"
      r_flashLightOffset "0 2 1"
      r_flashLightRange "350"
      r_flashLightShadows "1"
      r_flashLightSpecularScale "1"
      r_flashLightStartRadius "0"
      r_flimCurveBlack "0"
      r_flimCurveWhite "8"
      r_floatz "1"
      r_fog "1"
      r_fog_disable "0"
      r_forceCameraHdg "0"
      r_forceCameraNode "-1"
      r_forceCamerarecord "0"
      r_forceLod "none"
      r_fovScaleThresholdRigid "2.4"
      r_fovScaleThresholdSkinned "2.4"
      r_fullbright "0"
      r_fullHDRrendering "0"
      r_fullscreen "0"
      r_gamma "1"
      r_genericFilter_enable "0"
      r_gfxopt_dynamic_foliage "1"
      r_gfxopt_water_simulation "1"
      r_glow_allowed "1"
      r_gpuSync "adaptive"
      r_grassBurn "0"
      r_grassEnable "1"
      r_grassWindForceEnable "1"
      r_heroLightColorTemp "6500"
      r_heroLighting "1"
      r_heroLightSaturation "1"
      r_heroLightScale "1 1 1"
      r_highLodDist "-1"
      r_ignore "0"
      r_ignorehwgamma "0"
      r_inGameVideo "1"
      r_lightConflicts "0"
      r_lightGridContrast "0"
      r_lightGridEnableTweaks "0"
      r_lightGridIntensity "1"
      r_lightGridUseTweakedValues "1"
      r_lightMap "Unchanged"
      r_lightTweakAmbient "0.1"
      r_lightTweakAmbientColor "1 0 0 1"
      r_lightTweakDiffuseFraction "0.5"
      r_lightTweakSunColor "1 1 0"
      r_lightTweakSunDiffuseColor "0 0 1 1"
      r_lightTweakSunDirection "0 0 0"
      r_lightTweakSunLight "1"
      r_loadForRenderer "0"
      r_lockPvs "0"
      r_lodBiasRigid "0"
      r_lodBiasSkinned "0"
      r_lodScaleRigid "1"
      r_lodScaleSkinned "1"
      r_logFile "0"
      r_lowestLodDist "-1"
      r_lowLodDist "-1"
      r_lutvar_0 "0 0 0 1"
      r_lutvar_1 "0 0 0 1"
      r_lutvar_10 "0 0 0 1"
      r_lutvar_11 "0 0 0 1"
      r_lutvar_12 "0 0 0 1"
      r_lutvar_13 "0 0 0 1"
      r_lutvar_14 "0 0 0 1"
      r_lutvar_15 "0 0 0 1"
      r_lutvar_2 "0 0 0 1"
      r_lutvar_3 "0 0 0 1"
      r_lutvar_4 "0 0 0 1"
      r_lutvar_5 "0 0 0 1"
      r_lutvar_6 "0 0 0 1"
      r_lutvar_7 "0 0 0 1"
      r_lutvar_8 "0 0 0 1"
      r_lutvar_9 "0 0 0 1"
      r_materialXYZ "3.86 3.98 4.55"
      r_mediumLodDist "-1"
      r_missile_cam_debug_display "0"
      r_mode "1024x768"
      r_modelLimit "1024"
      r_modelVertColor "1"
      r_monitor "0"
      r_motionblur_blurOrigin "0.5 0.5 0 1"
      r_motionblur_directionFactor "0.001"
      r_motionblur_enable "0"
      r_motionblur_frameBased_enable "0"
      r_motionblur_maxblur "30"
      r_motionblur_numberOfSamples "1"
      r_motionblur_positionFactor "0.01"
      r_multiGpu "1"
      r_multithreaded_device "0"
      r_noborder "0"
      r_norefresh "0"
      r_normalMap "Unchanged"
      r_num_viewports "0"
      r_offscreenCasterLodScale "2.5"
      r_open_automate "0"
      r_outdoorAwayBias "32"
      r_outdoorDownBias "0"
      r_outdoorFeather "8"
      r_picmip "0"
      r_picmip_bump "0"
      r_picmip_manual "0"
      r_picmip_spec "0"
      r_picmip_water "1"
      r_poisonFX_blurMax "4"
      r_poisonFX_blurMin "0"
      r_poisonFX_debug_amount "1"
      r_poisonFX_debug_enable "0"
      r_poisonFX_dvisionA "0"
      r_poisonFX_dvisionX "0"
      r_poisonFX_dvisionY "0"
      r_poisonFX_pulse "1.1"
      r_poisonFX_warpX "0.2"
      r_poisonFX_warpY "-0.15"
      r_polygonOffsetBias "-1"
      r_polygonOffsetScale "-1"
      r_portalBevels "0.7"
      r_portalBevelsOnly "0"
      r_portalMinClipArea "0.02"
      r_portalMinRecurseDepth "2"
      r_portalWalkLimit "0"
      r_pretess "1"
      r_primaryLightTweakDiffuseStrength "1"
      r_primaryLightTweakSpecularStrength "1"
      r_primaryLightUseTweaks "0"
      r_reflectionProbeGenerate "0"
      r_reflectionProbeGenerateExit "0"
      r_reflectionProbeRegenerateAll "0"
      r_remotescreen_renderlastframe "1"
      r_rendererPreference "Default"
      r_resampleScene "1"
      r_reviveFX_debug "0"
      r_reviveFX_edgeAmount "0"
      r_reviveFX_edgeColorTemp "6500"
      r_reviveFX_edgeContrast "1 1 1"
      r_reviveFX_edgeMaskAdjust "0"
      r_reviveFX_edgeOffset "0 0 0"
      r_reviveFX_edgeSaturation "1"
      r_reviveFX_edgeScale "1 1 1"
      r_reviveFX_fadeDuration "5"
      r_scaleViewport "1"
      r_sCurveEnable "1"
      r_sCurveLinearAngle "0.125"
      r_sCurveLinearStrength "0.5"
      r_sCurveShoulderStrength "0.1"
      r_sCurveToeDenominator "0.575"
      r_sCurveToeNumerator "0.01"
      r_sCurveToeStrength "0.1"
      r_seethru_decal_enable "1"
      r_setFrameBufferAlpha "0"
      r_shader_constant_set_debug_range "-1"
      r_shader_constant_set_enable "1"
      r_shaderWarming "0"
      r_showFbColorDebug "None"
      r_showFloatZDebug "0"
      r_showForcedInvisibleCells "0"
      r_showHDRalpha "0"
      r_showLightGrid "0"
      r_showLightingOrigins "0"
      r_showMissingLightGrid "0"
      r_showOutdoorVolumeDebug "0"
      r_showPenetration "off"
      r_showPixelCost "off"
      r_showPortals "0"
      r_showSunDirectionDebug "0"
      r_singleCell "0"
      r_skinCache "1"
      r_skipPvs "0"
      r_sky_intensity_angle0 "90"
      r_sky_intensity_angle1 "90"
      r_sky_intensity_factor0 "1"
      r_sky_intensity_factor1 "1"
      r_sky_intensity_showDebugDisplay "0"
      r_sky_intensity_useDebugValues "0"
      r_skyColorTemp "6500"
      r_skyTransition "0"
      r_smc_enable "1"
      r_smp_backend "1"
      r_smp_worker "1"
      r_smp_worker_thread0 "1"
      r_smp_worker_thread1 "1"
      r_smp_worker_thread2 "1"
      r_smp_worker_thread3 "1"
      r_smp_worker_thread4 "1"
      r_smp_worker_thread5 "1"
      r_smp_worker_threads "6"
      r_specular "1"
      r_specularColorScale "1"
      r_specularRoughnessMap "Unchanged"
      r_spotLightBrightness "14"
      r_spotLightEndRadius "196"
      r_spotLightEntityShadows "1"
      r_spotLightFovInnerFraction "0.7"
      r_spotLightShadows "1"
      r_spotLightSModelShadows "1"
      r_spotLightStartRadius "36"
      r_sse_skinning "1"
      r_stereoTurretShift "0"
      r_stream "7"
      r_streamClear "0"
      r_streamDebug "0"
      r_streamFakeLagMsec "0"
      r_streamFreezeState "0"
      r_streamFull "0"
      r_streamHiddenPush "4"
      r_streamLog "0"
      r_streamLowDetail "1"
      r_streamMaxDist "600"
      r_streamShowList "0"
      r_streamShowStats "0"
      r_streamSize "0"
      r_streamTaint "0"
      r_sun_from_dvars "0"
      r_sun_fx_position "0 0 0"
      r_sunblind_fadein "0.5"
      r_sunblind_fadeout "3"
      r_sunblind_max_angle "5"
      r_sunblind_max_darken "0.75"
      r_sunblind_min_angle "30"
      r_sunflare_fadein "1"
      r_sunflare_fadeout "1"
      r_sunflare_max_alpha "1"
      r_sunflare_max_angle "2"
      r_sunflare_max_size "2500"
      r_sunflare_min_angle "45"
      r_sunflare_min_size "0"
      r_sunflare_shader "sun_flare"
      r_sunglare_fadein "0.5"
      r_sunglare_fadeout "3"
      r_sunglare_max_angle "5"
      r_sunglare_max_lighten "0.75"
      r_sunglare_min_angle "30"
      r_sunsprite_shader "sun"
      r_sunsprite_size "16"
      r_superFlare_debug "0"
      r_superFlare_enable "1"
      r_supports16xAA "0"
      r_swapInterval "0"
      r_swrk_override_characterCharredAmount "0"
      r_swrk_override_characterDissolveColor "0 0 0 0"
      r_swrk_override_enable "0"
      r_swrk_override_wetness "0"
      r_tension_enable "1"
      r_testScale "0"
      r_texFilterAnisoMax "16"
      r_texFilterAnisoMin "1"
      r_texFilterDisable "0"
      r_texFilterMipBias "0"
      r_texFilterMipMode "Unchanged"
      r_textureMode "bilinear"
      r_treeScale "0"
      r_ui3d_debug_display "0"
      r_ui3d_h "1"
      r_ui3d_use_debug_values "-1"
      r_ui3d_w "1"
      r_ui3d_x "0"
      r_ui3d_y "0"
      r_use_driver_convergence "0"
      r_use_separate_char_tech "0"
      r_useLayeredMaterials "0"
      r_vc_makelog "0"
      r_vc_showlog "0"
      r_vsync "1"
      r_warningRepeatDelay "5"
      r_waterFogTest "0"
      r_waterSheetingFX_allowed "1"
      r_waterSheetingFX_distortionScaleFactor "0.021961 1 0 0"
      r_waterSheetingFX_enable "0"
      r_waterSheetingFX_fadeDuration "2"
      r_waterSheetingFX_magnitude "0.0655388"
      r_waterSheetingFX_radius "4.44051"
      r_watersim_curlAmount "0.5"
      r_watersim_curlMax "0.4"
      r_watersim_curlReduce "0.95"
      r_watersim_debug "0"
      r_watersim_enabled "0"
      r_watersim_flatten "0"
      r_watersim_foamAppear "20"
      r_watersim_foamDisappear "0.78"
      r_watersim_minShoreHeight "0.04"
      r_watersim_particleGravity "0.03"
      r_watersim_particleLength "0.03"
      r_watersim_particleLimit "2.5"
      r_watersim_particleWidth "2"
      r_watersim_scroll "0 0"
      r_watersim_waveSeedDelay "500"
      r_watersim_windAmount "0.02"
      r_watersim_windDir "45"
      r_watersim_windMax "0.4"
      r_waterWaveAmplitude "0 0 0 0"
      r_waterWaveAngle "0 0 0 0"
      r_waterWavePhase "0 0 0 0"
      r_waterWaveSpeed "1 1 1 1"
      r_waterWaveSteepness "0 0 0 0"
      r_waterWaveWavelength "1 1 1 1"
      r_worldLod "0"
      r_zfar "0"
      r_zfeather "1"
      r_zombieDisableEarthEffect "0"
      r_zombieDisableSlideEffect "0"
      r_zombieNameAllowDevList "1"
      r_zombieNameAllowFriendsList "1"
      radius_damage_debug "0"
      ragdoll_baselerp_time "1000"
      ragdoll_bullet_force "500"
      ragdoll_bullet_upbias "0.5"
      ragdoll_debug "0"
      ragdoll_dump_anims "0"
      ragdoll_enable "1"
      ragdoll_explode_force "18000"
      ragdoll_explode_upbias "0.8"
      ragdoll_fps "20"
      ragdoll_jitter_scale "1"
      ragdoll_jointlerp_time "3000"
      ragdoll_max_life "9000"
      ragdoll_max_simulating "16"
      ragdoll_reactivation_cutoff "1200"
      ragdoll_rotvel_scale "1"
      ragdoll_self_collision_scale "1.2"
      rate "25000"
      rcon_localhost_bypass "1"
      rcon_password "grinn"
      rcon_prints "0"
      rcon_rate_limit "500"
      recordPointsSpent "1"
      redactionDisplayTime "50"
      redactionFadeDuration "6500"
      redactionStartStrokeTime "1000"
      redactionStrokeTime "1000"
      reliableResendTime "300"
      reliableTimeoutTime "20000"
      render_actor_collision "0"
      render_bpi_env_collision "0"
      render_player_collision "0"
      revive_time_taken "1.15"
      revive_trigger_radius "40"
      s0 "0"
      s1 "0"
      s10 "0"
      s11 "0"
      s12 "0"
      s13 "0"
      s14 "0"
      s15 "0"
      s16 "0"
      s17 "0"
      s18 "0"
      s2 "0"
      s3 "0"
      s4 "0"
      s5 "0"
      s6 "0"
      s7 "0"
      s8 "0"
      s9 "0"
      safearea_adjusted_horizontal "1"
      safearea_adjusted_vertical "1"
      safearea_horizontal "1"
      safearea_vertical "1"
      scr_allowFileIo "1"
      scr_codpointsmatchscale "0.1"
      scr_codpointsperchallenge "0.1"
      scr_codpointsxpscale "0.1"
      scr_deleteexplosivesonspawn "0"
      scr_dof_enable "1"
      scr_dog_health_walk_multiplier "4.0"
      scr_dog_run_distance "500"
      scr_expDeathMayMoveCheck "on"
      scr_fog_baseheight "-475.268"
      scr_fog_blue "1"
      scr_fog_exp_halfheight "243.735"
      scr_fog_exp_halfplane "3759.28"
      scr_fog_green "1.2"
      scr_fog_nearplane "601.593"
      scr_fog_red "2.1"
      scr_friendlyfire "0"
      scr_game_prematchperiod "15"
      scr_kill_infinite_loops "1"
      scr_playerInvulTimeScale "1"
      scr_RequiredMapAspectratio "1"
      scr_thief_health_endgame "15000"
      scr_thief_health_max "40000"
      scr_thief_health_pregame "15000"
      scr_thief_speed_damage "2000"
      scr_writeConfigStrings "0"
      scr_xpscale "1"
      scr_zm_extra_perk_all "1"
      scr_zm_extra_perk_coast "0"
      scr_zm_extra_perk_cod5_asylum "0"
      scr_zm_extra_perk_cod5_factory "0"
      scr_zm_extra_perk_cod5_prototype "0"
      scr_zm_extra_perk_cod5_sumpf "0"
      scr_zm_extra_perk_cosmodrome "0"
      scr_zm_extra_perk_pentagon "0"
      scr_zm_extra_perk_temple "0"
      scr_zm_extra_perk_theater "0"
      script_debugger_smoke_test "0"
      scriptmover_useServerAnims "0"
      scriptmover_useServerAnimsEntity "-1"
      selectedFriendClanTag ""
      selectedFriendIndex "0"
      selectedFriendName ""
      selectedGroupIndex "0"
      selectedMenuItemIndex "0"
      selectedPlayerClanName ""
      selectedPlayerXuid ""
      selectedStoreItemIndex "0"
      sensitivity "5"
      server1 ""
      server10 ""
      server11 ""
      server12 ""
      server13 ""
      server14 ""
      server15 ""
      server16 ""
      server2 ""
      server3 ""
      server4 ""
      server5 ""
      server6 ""
      server7 ""
      server8 ""
      server9 ""
      session_nonblocking "1"
      sessionSearchMaxAttempts "5"
      sf_use_bw "0"
      sf_use_clustergrenade "0"
      sf_use_contrast "0"
      sf_use_ignoreammo "0"
      sf_use_invert "0"
      sf_use_slowmo "0"
      sf_use_tire_explosion "0"
      shortversion "r5346"
      show_reticle_during_swimming "0"
      show_tty_timestamps "0"
      showdrop "0"
      showpackets "0"
      showVisionSetDebugInfo "-1"
      skills "0"
      sm_enable "1"
      sm_fastSunShadow "1"
      sm_fullResSpotShadowEnable "0"
      sm_lightScore_eyeProjectDist "64"
      sm_lightScore_spotProjectFrac "0.125"
      sm_maxLights "4"
      sm_polygonOffsetBias "10"
      sm_polygonOffsetScale "2"
      sm_qualitySpotShadow "1"
      sm_spotEnable "1"
      sm_spotShadowFadeTime "1"
      sm_spotShadowLargeRadiusScale "1"
      sm_strictCull "1"
      sm_sunAlwaysCastsShadow "0"
      sm_sunEnable "1"
      sm_sunSampleSizeNear "0.25"
      sm_sunShadowCenter "0 0 0"
      sm_sunShadowScale "1"
      sm_sunShadowSmallEnable "0"
      sm_sunShadowSmallScriptPS3OnlyEnable "0"
      snaps "20"
      snd_autoSim "1"
      snd_drawInfo "None"
      snd_drawSort "priority"
      snd_enableEq "0"
      snd_khz "44"
      sp_minplayers "1"
      splitscreen_lobbyPlayerCount ""
      splitscreen_partyPlayerCount ""
      spmode "0"
      stat_version "10"
      stats_backup "1"
      stats_version_check "1"
      statusinfo_onEscArg ""
      steamid "3000000c172200b"
      stopspeed "100"
      sv_3xEXP "0"
      sv_allowAimAssist "1"
      sv_allowAnonymous "0"
      sv_allowDownload "0"
      sv_allowedClan1 ""
      sv_allowedClan2 ""
      sv_allowFriendlyThrowback "1"
      sv_assistWorkers "0"
      sv_autodemorecord "0"
      sv_BigHeadMode "0"
      sv_botsPressAttackBtn "1"
      sv_cheats "0"
      sv_clientArchive "1"
      sv_clientside "0"
      sv_clientSideBullets "1"
      sv_clientSideVehicles "1"
      sv_connectTimeout "240"
      sv_debugRate "0"
      sv_debugReliableCmds "0"
      sv_disableChat "0"
      sv_disableClientConsole "0"
      sv_DisableTheatre "0"
      sv_DoubleCodPoints "0"
      sv_enableBounces "0"
      sv_EnableDevCheats "0"
      sv_EnableSuperuser "0"
      sv_FakeRemoteClient "0"
      sv_FFCheckSums ""
      sv_FFNames ""
      sv_fix_hudelem_flicker "1"
      sv_floodProtect "0"
      sv_fps "20"
      sv_FullAmmo "0"
      sv_HostBandwidthMinimumPerPlayer "65536"
      sv_hostname "ThiccGang Server!"
      sv_InfiniteSprint "0"
      sv_InstantReload "0"
      sv_Invisible "0"
      sv_iwdNames ""
      sv_iwds ""
      sv_keywords ""
      sv_kickBanTime "300"
      sv_lastSaveCommitedToDevice ""
      sv_lastSaveGame ""
      sv_MakeMeHost "0"
      sv_mapname ""
      sv_mapRotation "map zombie_theater map zombie_pentagon map zombie_cosmodrome map zombie_coast map zombie_temple map zombie_moon map zombie_cod5_prototype map zombie_cod5_asylum map zombie_cod5_sumpf map zombie_cod5_factory"
      sv_mapRotationCurrent " map zombie_temple map zombie_moon map zombie_cod5_prototype map zombie_cod5_asylum map zombie_cod5_sumpf map zombie_cod5_factory"
      sv_maxclients "4"
      sv_maxPhysExplosionSpheres "-1"
      sv_maxPing "0"
      sv_maxRate "7000"
      sv_minPing "0"
      sv_motd ""
      sv_netcull_animcmdsize_threshold "2000"
      sv_netcull_msgsize_threshold "3000"
      sv_network_fps "100"
      sv_network_warning "0"
      sv_NoClip "0"
      sv_noname "Unknown Soldier"
      sv_NoShapshotWarnings "0"
      sv_packet_info "0"
      sv_padPackets "0"
      sv_paused "0"
      sv_playlistFetchInterval "3600"
      sv_privateClients "0"
      sv_privatePassword ""
      sv_punkbuster "0"
      sv_pure "0"
      sv_QuickHealthRecharge "0"
      sv_RadarAlwaysOn "0"
      sv_randomizeBotNames "1"
      sv_reconnectlimit "3"
      sv_referencedFFCheckSums ""
      sv_referencedFFNames ""
      sv_referencedIwdNames ""
      sv_referencedIwds ""
      sv_replaceBots "0"
      sv_restoreDvars "1"
      sv_restrictedTempEnts "0"
      sv_running "1"
      sv_saveDeviceAvailable "1"
      sv_saveGameAvailable "0"
      sv_saveGameNotReadable "0"
      sv_saveOnStartMap "1"
      sv_sayName "console"
      sv_SetAllFree "0"
      sv_showAverageBPS "0"
      sv_showPingSpam "0"
      sv_smp "1"
      sv_SnapshotManLaw "1"
      sv_SnapshotPeek "1"
      sv_SuperPenetrate "0"
      sv_timeout "30"
      sv_TripleBullet "0"
      sv_UnlockAllIntel "0"
      sv_UnlockAllSlots "0"
      sv_useAnimCulling "0"
      sv_useVIS "1"
      sv_vac "1"
      sv_voice "1"
      sv_voiceQuality "3"
      sv_writeConfigStrings "0"
      sv_wwwBaseURL ""
      sv_zm_no_respawn "1"
      sv_znear "0"
      sv_zombietime "2"
      sys_configSum "266827972"
      sys_configureGHz "0.0275741"
      sys_cpuGHz "0.01"
      sys_cpuName "AMD Ryzen 5 5600G with Radeon Graphics         "
      sys_gpu "NVIDIA GeForce RTX 3060"
      sys_lockThreads "0"
      sys_smp_allowed "1"
      sys_SSE "1"
      sys_sysMB "1024"
      systemlink "0"
      systemlink_warning_shown "0"
      systemlinkparty "0"
      systemlinkpartyandhost "0"
      systemUiActive "0"
      takeCoverWarnings "7"
      team_indicator "0"
      teamsplitter_verbose "0"
      test_levels_bsps ""
      test_levels_choices "0"
      test_levels_names ""
      test_levels_selection ""
      theaterAftereffectOverride "-1"
      tickerHeaderWidth "0"
      tickerStandardWidth "300"
      tickerWidescreenWidth "400"
      timescale "1"
      tree_bend "1"
      tree_frequency "2"
      tree_random "0.1"
      tu_debugLobbyConnectionStatus "0"
      tu_dwSanityCheckAddressHandle "0"
      tu_goBackToLobbyFix "0"
      tu_ignoreMultipleRejoins "0"
      tu_onlyhostqos "0"
      tu_partySwitchLobbySyncParamsFix "0"
      tu_partyUISplitFix "0"
      tu_rejoinonhandshakefail "0"
      tu_reliableMessages "0"
      tu_waitForAnonymousMembers "0"
      turret_SentryTargetTime "4000"
      turretPlayerAvoidScale "1.7"
      turretScopeZoom "20"
      turretScopeZoomMax "20"
      turretScopeZoomMin "5"
      turretScopeZoomRate "15"
      typeWriterCod7LetterFXTime "50"
      ui3d_hudelem_maxheight "2000"
      ui3d_hudelem_maxscale "10"
      ui3d_hudelem_minheight "220"
      ui3d_hudelem_minscale "2"
      ui_allowConsole "0"
      ui_allowFov "0"
      ui_ammo_stock_width "0"
      ui_animSpeedScale "1"
      ui_autoContinue "0"
      ui_bigFont "0.4"
      ui_borderLowLightScale "0.6"
      ui_browserFriendlyfire "-1"
      ui_browserGameMode "0"
      ui_browserHideDlc "0"
      ui_browserKillcam "-1"
      ui_browserMod "-2"
      ui_browserShowDedicated "0"
      ui_browserShowEmpty "1"
      ui_browserShowFull "1"
      ui_browserShowInfo "0"
      ui_browserShowMapTip "0"
      ui_browserShowPassword "-1"
      ui_browserShowPunkBuster "-1"
      ui_browserShowPure "0"
      ui_browserShowToolTip "0"
      ui_browserToolTip ""
      ui_browserVoiceChat "-1"
      ui_buildLocation "16 0"
      ui_buildSize "0.2"
      ui_campaign "american"
      ui_challengeGameMode ""
      ui_cinematicsTimestamp "0"
      ui_clancardOpen "0"
      ui_clanCountNotZero "0"
      ui_clanDescription ""
      ui_clanName ""
      ui_clanRecommendationCount "0"
      ui_connectScreenTextGlowColor "0 0 0 1"
      ui_controllerPulled "-1"
      ui_currentMap "0"
      ui_currentNetMap "0"
      ui_currentRecentPlayer "0"
      ui_customClassName ""
      ui_customModeDesc ""
      ui_customModeEditDesc ""
      ui_customModeEditName ""
      ui_customModeIndex "0"
      ui_customModeName ""
      ui_dedicated "0"
      ui_demoname ""
      ui_downloadInfoLocation "150 150"
      ui_drawCrosshair "1"
      ui_dropdownButtonOffset "0"
      ui_dropdownListMax "0"
      ui_dropdownMax "0"
      ui_dropdownOffset "0"
      ui_ethernetLinkActive "1"
      ui_friendCountNotZero "0"
      ui_friendNameNew ""
      ui_friendPendingSelectedInd "0"
      ui_friendSelectedInd "0"
      ui_friendsListOpen "0"
      ui_gametype "zom"
      ui_grenade_death "0"
      ui_groupsCountNotZero "0"
      ui_incomingProposalCount "0"
      ui_incomingProposalCountNotZero "0"
      ui_inviteScreen "0"
      ui_inviteSelectedInd "0"
      ui_isClanMember "0"
      ui_isSaving "0"
      ui_joinGametype "0"
      ui_leaderboardFeederCountNotZero "0"
      ui_leaderboardOpen "0"
      ui_listboxIndex "0"
      ui_loadRawMenus "0"
      ui_lobbyLeaderBoard "0"
      ui_mapname ""
      ui_menuLvlNotify "1"
      ui_MOTDScrollRate "0.1"
      ui_mousePitch "0"
      ui_netGametypeName ""
      ui_netSource "1"
      ui_nextMission "0"
      ui_numPersonalBests "3"
      ui_onCloseArgs ""
      ui_onlineClanCount "0"
      ui_partyFull "0"
      ui_pendingControllerPullEvent "-1"
      ui_pendingSystemUIOpenEvent "-1"
      ui_playCoastOutroMovie "0"
      ui_playercardOpen "0"
      ui_playerListOpen "0"
      ui_playerPartyColor "0.94902 0.721569 0.211765 1"
      ui_playlistPopulationRefreshTime "1200"
      ui_readingSaveDevice "0"
      ui_recentPlayerCountNotZero "0"
      ui_recommendedCountNotZero "0"
      ui_right_ammo_width "0"
      ui_savegame ""
      ui_saveMessageMinTime "1"
      ui_scrollMOTDDelay "30"
      ui_scrollMOTDYOffset "0"
      ui_scrollMOTDYOffsetResetDelay "15"
      ui_scrollTextDelay "40"
      ui_scrollTextScrollRate "0.1"
      ui_scrollTextYOffset "0"
      ui_scrollTextYOffsetResetDelay "20"
      ui_serverStatusTimeOut "7000"
      ui_shipping_cheats "0"
      ui_showBryceMagic "0"
      ui_showDLCMaps "0"
      ui_showList "0"
      ui_showMenuOnly ""
      ui_signedInToProfile "0"
      ui_skipMainLockout "0"
      ui_smallFont "0.25"
      ui_sp_unlock "0"
      ui_totalClanMemberCount "0"
      unsubscriptionCooloffTimer "60000"
      use_localStats "0"
      useFastFile "1"
      useMapPreloading "1"
      useSvMapPreloading "1"
      vehanim_debug "0"
      vehanim_enable "1"
      vehCamPitch "15"
      vehControlMode "1"
      vehGunnerSplashDamage "0.1"
      vehHelicopterAlwaysFaceCamera "1"
      vehHelicopterAlwaysFaceCameraRate "2"
      vehHelicopterDecelerationFwd "0.5"
      vehHelicopterDecelerationSide "1"
      vehHelicopterDefaultPitch "0"
      vehHelicopterFreeLook "0"
      vehHelicopterFreeLookReleaseSpeed "8"
      vehHelicopterHeadSwayDontSwayTheTurret "0"
      vehHelicopterHeadSwayOnPitch "0.2"
      vehHelicopterHeadSwayOnRollHorz "0.1"
      vehHelicopterHeadSwayOnRollVert "2"
      vehHelicopterHeadSwayOnYaw "0.1"
      vehHelicopterHoverSpeedThreshold "400"
      vehHelicopterInvertUpDown "0"
      vehHelicopterJitterJerkyness "0.3"
      vehHelicopterLookaheadTime "1"
      vehHelicopterMaxAccelVertical "60"
      vehHelicopterMaxSpeedVertical "65"
      vehHelicopterPathTransitionTime "1.3"
      vehHelicopterRightStickDeadzone "0.3"
      vehHelicopterRotDecel "1.3"
      vehHelicopterScaleMovement "1"
      vehHelicopterSoftCollisions "0"
      vehHelicopterStrafeDeadzone "0.3"
      vehHelicopterTiltFromControllerAxes "0"
      vehHelicopterTiltFromFwdAndYaw "20"
      vehHelicopterTiltFromFwdAndYaw_VelAtMaxTilt "1"
      vehHelicopterTiltFromViewangles "3"
      vehHelicopterTiltMomentum "0.4"
      vehHelicopterYawAltitudeControls "Altitude: bumper buttons     Yaw: thumbstick"
      vehHelicopterYawOnLeftStick "5"
      vehHudTargetScreenEdgeClampBufferBottom "0"
      vehHudTargetScreenEdgeClampBufferLeft "0"
      vehHudTargetScreenEdgeClampBufferRight "0"
      vehHudTargetScreenEdgeClampBufferTop "0"
      vehHudTargetSize "30"
      vehicle_perk_boost_duration_seconds "0.74"
      vehicle_push_during_mantle "1"
      vehicle_riding "1"
      vehicle_selfCollision "1"
      vehicle_sounds_cutoff "3000"
      vehLocationalVehicleSeatEntry "1"
      vehLockTurretToPlayerView "0"
      vehRecenterDelay "3000"
      version "Plutonium T5 Co-Op (r5346)"
      vid_xpos "0"
      vid_ypos "0"
      visionstore_glowTweakBloomCutoff "0.5"
      visionstore_glowTweakBloomDesaturation "0"
      visionstore_glowTweakBloomIntensity0 "1"
      visionstore_glowTweakBloomIntensity1 ""
      visionstore_glowTweakEnable "0"
      visionstore_glowTweakRadius0 "5"
      visionstore_glowTweakRadius1 ""
      visionstore_glowTweakSkyBleedIntensity0 ""
      visionstore_glowTweakSkyBleedIntensity1 ""
      voice_deadChat "0"
      voice_global "0"
      voice_localEcho "0"
      wagerCategory "0"
      wagerCategoryPlaylist "0"
      waitForStreamer "1"
      waitOnStatsTimeout "15"
      waterbrush_entity "-1"
      waypointDebugDraw "0"
      waypointDistFade "300"
      waypointDistScaleRangeMax "3000"
      waypointDistScaleRangeMin "1000"
      waypointDistScaleSmallest "0.8"
      waypointIconHeight "36"
      waypointIconWidth "36"
      waypointOffscreenCornerRadius "105"
      waypointOffscreenDistanceThresholdAlpha "30"
      waypointOffscreenPadBottom "30"
      waypointOffscreenPadLeft "40"
      waypointOffscreenPadRight "0"
      waypointOffscreenPadTop "0"
      waypointOffscreenPointerDistance "30"
      waypointOffscreenPointerHeight "12"
      waypointOffscreenPointerWidth "25"
      waypointOffscreenRoundedCorners "1"
      waypointOffscreenScaleLength "500"
      waypointOffscreenScaleSmallest "1"
      waypointPlayerOffsetCrouch "56"
      waypointPlayerOffsetProne "30"
      waypointPlayerOffsetStand "74"
      waypointSplitscreenScale "1.8"
      waypointTimeFade "500"
      waypointTweakY "-17"
      weapon_load_order "default"
      weaponCamoLodDist "1250"
      weaponClanTagLodDist "300"
      weaponEmblemLodDist "300"
      wideScreen "1"
      wind_debug_display "0"
      wind_global_hi_altitude "0"
      wind_global_low_altitude "0"
      wind_global_low_strength_percent "1"
      wind_global_vector "1 0 0"
      wind_grass_gust_distance "2000"
      wind_grass_gust_radius "400"
      wind_grass_gust_speed "1"
      wind_grass_gust_strength "0.5"
      wind_grass_gustinterval "250"
      wind_grass_scale "10000"
      wind_grass_tension "0.001"
      wind_leaf_scale "176"
      wind_local_amplitude "1 1 1 0"
      wind_local_frequency "6 6 6"
      wind_local_gust_radius "1000"
      wind_local_gust_strength "0.8"
      wind_local_vector "0 1 0 0"
      xblive_allmappacks "0"
      xblive_anymappacks "0"
      xblive_clanListChanged "0"
      xblive_clanmatch "0"
      xblive_contentpath ""
      xblive_hostingprivateparty "0"
      xblive_loggedin "1"
      xblive_mappacks "0"
      xblive_matchEndingSoon "0"
      xblive_privatematch "0"
      xblive_privatepartyclient "0"
      xblive_rankedmatch "0"
      xblive_showmarketplace "0"
      xblive_wagermatch "0"
      xenon_maxVoicePacketsPerSec "100"
      xenon_maxVoicePacketsPerSecForServer "20"
      xenon_voiceDebug "0"
      xenon_voiceDegrade "0"
      zero_stats_check "1"
      zombie_cheat "0"
      zombie_debug "0"
      zombie_dog_animset "zombie"
      zombie_kill_timer "5"
      zombie_kills "7"
      zombie_reachin_freq "50"
      zombie_taunt_freq "5"
      zombie_unlock_all ""
      zombiefive_discovered "1"
      zombiefive_discovered_override "1"
      zombiefive_norandomchar "1"
      zombiemode "1"
      zombiemode_path_minz_bias "50"
      zombieStopSplitScreen "1"
      zombietron "0"
      zombietron_discovered "1"
      zombietron_discovered_override "1"

2678 total dvars
2678 dvar indexes
=============================== END DVAR DUMP =====================================
Executing 'main' for scripts/sp/zm_spawn_fix.gsc
Finished 'main' for scripts/sp/zm_spawn_fix.gsc
Error: Could not load weapon "stg44_zm".
Error: Could not load weapon "stg44_upgraded_zm".
Error: Could not load rawfile "shock/zombie_death.shock".
Error: couldn't open 'shock/zombie_death.shock'.
'0' is not a valid value for dvar 'bg_shock_viewKickPeriod'
  Domain is any number from 0.001 to 1000
'0' is not a valid value for dvar 'bg_shock_soundFadeInTime'
  Domain is any number from 0.001 to 1000
Error: Could not load xmodel "fx".
Replaced vending_trigger_think for nonsolo quickrevive
Error: Invalid counter string id: global_solo_games
Executing 'init' for scripts/sp/zm_random_char.gsc
Finished 'init' for scripts/sp/zm_random_char.gsc
Executing 'init' for scripts/sp/zm_spawn_fix.gsc
Finished 'init' for scripts/sp/zm_spawn_fix.gsc
Executing 'init' for scripts/sp/zom/counter_script.gsc
Finished 'init' for scripts/sp/zom/counter_script.gsc
-----------------------------------
Error: Could not load stringtable "credits_pc.csv".
high temp: 0x9ED40
high perm: 0x9ED40
low temp: 0x9348
low perm: 0x9348
total: 0xF00000
ram: 976.1680 MB
peak ram: 0.0000 MB
peak nt ram: 977.7070 MB
Unknown command "fade"
Received connectReq! Sending response...
Received mod dl info! Sending response...
User with id 6251767 successfully authenticated.
Letting player with userid 6251767 into the server because the challenge verification completed successfully.
Unable to get XNADDR for incoming packet from 2.89.196.166
Party_FindMember: Error converting net address 2.89.196.166 into platform specific address
Party_FindMember: If followed by address errors, address should be validated before calling Party_FindMember
Going from CS_FREE to CS_CONNECTED for  (num 0 guid 6251767)
Received packet 0 of 1 of stats data
--
DynEnt_WriteGameState wrote 2 bytes
--
Received connectReq! Sending response...
Received mod dl info! Sending response...
User with id 6299053 successfully authenticated.
Letting player with userid 6299053 into the server because the challenge verification completed successfully.
Unable to get XNADDR for incoming packet from 51.253.250.194
Party_FindMember: Error converting net address 51.253.250.194 into platform specific address
Party_FindMember: If followed by address errors, address should be validated before calling Party_FindMember
Going from CS_FREE to CS_CONNECTED for  (num 1 guid 6299053)
Received packet 0 of 1 of stats data
--
DynEnt_WriteGameState wrote 2 bytes
--
Received connectReq! Sending response...
Received mod dl info! Sending response...
1:wesir EXE_DISCONNECTED
Removing xuid 0 (clientNum 1) from session
Unable to get XNADDR for incoming packet from 51.253.250.194
Party_FindMember: Error converting net address 51.253.250.194 into platform specific address
Party_FindMember: If followed by address errors, address should be validated before calling Party_FindMember
Couldn't find  in the party list
0:TeaBeey EXE_DISCONNECTED
Removing xuid 0 (clientNum 0) from session
Unable to get XNADDR for incoming packet from 2.89.196.166
Party_FindMember: Error converting net address 2.89.196.166 into platform specific address
Party_FindMember: If followed by address errors, address should be validated before calling Party_FindMember
Couldn't find  in the party list
map_rotate...

"sv_mapRotation" is:"map zombie_theater map zombie_pentagon map zombie_cosmodrome map zombie_coast map zombie_temple map zombie_moon map zombie_cod5_prototype map zombie_cod5_asylum map zombie_cod5_sumpf map zombie_cod5_factory"

"sv_mapRotationCurrent" is:" map zombie_temple map zombie_moon map zombie_cod5_prototype map zombie_cod5_asylum map zombie_cod5_sumpf map zombie_cod5_factory"

Setting map: zombie_temple.
Timestamp: SV_SpawnServer 1789832507
STEAM: Set server appid to 42723
------ Server Initialization ------
Server: zombie_temple
Unloading assets from fastfile 'zombie_coast' and creating default assets stubs
Unloading assets from fastfile 'en_zombie_coast' and creating default assets stubs
Unloading assets from fastfile 'zombie_coast_patch' and creating default assets stubs
Unloaded fastfile 'zombie_coast'
PMem_Free( zombie_coast, Low )
PMem_Free( zombie_coast, High )
Unloaded fastfile 'en_zombie_coast'
PMem_Free( en_zombie_coast, Low )
PMem_Free( en_zombie_coast, High )
Unloaded fastfile 'zombie_coast_patch'
PMem_Free( zombie_coast_patch, Low )
PMem_Free( zombie_coast_patch, High )
Adding fastfile 'zombie_temple_patch' to queue
Adding fastfile 'en_zombie_temple' to queue
Adding fastfile 'zombie_temple' to queue
Adding fastfile 'zombie_temple_patch_override' to queue
Loading fastfile 'zombie_temple_patch'
used 0.76 MB memory in DB alloc
Loading fastfile 'en_zombie_temple'
used 0.82 MB memory in DB alloc
Loading fastfile 'zombie_temple'
used 108.73 MB memory in DB alloc
WARNING: Could not find zone 'C:\T5Server\zone\english\zombie_temple_patch_override.ff'
Error: Could not load stringtable "sp/configstrings/configstrings_pc_zombie_temple_zom.csv".
------- Game Initialization -------
gamename: PT5SP
gamedate: Aug 25 2026
Initializing game at 09/19/26 18:41:48 +0300
Current uptime: 00:42:56
Level time: 1378800
Restart: 0
Error: Could not load rawfile "maps/gametypes/zom.gsc".
animscripts/traverse/zombie_watervator_down_400_altanimscripts/traverse/zombie_watervator_400_altanimscripts/traverse/zombie_jump_down_90_templeanimscripts/traverse/zombie_jump_up_waterfall_barrieranimscripts/traverse/zombie_jump_down_mine_cartanimscripts/traverse/zombie_jump_up_mine_cartanimscripts/traverse/zombie_watervator_down_400animscripts/traverse/zombie_jump_down_temple_papanimscripts/traverse/zombie_jump_up_temple_papanimscripts/traverse/zombie_watervator_400animscripts/traverse/zombie_water_slide_exitanimscripts/traverse/zombie_mantle_over_40Loading script scripts/sp/zm_random_char.gsc...
Script scripts/sp/zm_random_char.gsc loaded successfully.
Loading script scripts/sp/zm_spawn_fix.gsc...
Script scripts/sp/zm_spawn_fix.gsc loaded successfully.
Loading script scripts/sp/zom/counter_script.gsc...
Script scripts/sp/zom/counter_script.gsc loaded successfully.
Loading script scripts/sp/zom/zm_spawn_fix.gsc...
Script scripts/sp/zom/zm_spawn_fix.gsc loaded successfully.
Script scripts/sp/zom/zm_spawn_fix.gsc has no 'main' or 'init'.
Could not load xanim "generic_talker_allies".
Could not load xanim "generic_talker_axis".
Could not load xanim "generic_lookupleft".
Could not load xanim "generic_lookupright".
Could not load xanim "crew_truck_driver_climbin".
Could not load xanim "crew_truck_passenger_climbin".
Could not load xanim "crew_snowcat_driver_idle".
Could not load xanim "crew_truck_guy8_climbin".
Could not load xanim "crew_truck_guy7_climbin".
Could not load xanim "crew_truck_guy6_climbin".
Could not load xanim "crew_truck_guy5_climbin".
Could not load xanim "crew_truck_guy4_climbin".
Could not load xanim "crew_truck_guy3_climbin".
Could not load xanim "crew_truck_guy2_climbin".
Could not load xanim "crew_truck_guy1_climbin".
Could not load xanim "ai_meatshield_hostage_dead_drop".
Could not load xanim "int_meatshield_hostage_dead_drop".
Could not load xanim "ai_meatshield_hostage_dead_idle_steady".
Could not load xanim "int_meatshield_hostage_dead_idle_steady".
Could not load xanim "ai_meatshield_hostage_dead_idle".
Could not load xanim "int_meatshield_hostage_dead_idle".
Could not load xanim "ai_meatshield_hostage_trans_2_dead".
Could not load xanim "int_meatshield_hostage_trans_2_dead".
Could not load xanim "ai_meatshield_victim_aim_idle_steady".
Could not load xanim "int_meatshield_player_aim_idle_leftarm_steady".
Could not load xanim "ai_meatshield_victim_aim_idle".
Could not load xanim "int_meatshield_player_aim_idle_leftarm".
Could not load xanim "ai_meatshield_grab".
Could not load xanim "int_meatshield_grab".
Could not load xanim "ai_contextual_melee_headpunch_quick".
Could not load xanim "ai_contextual_melee_judochop_quick".
Could not load xanim "ai_contextual_melee_elbow_hit_quick".
Could not load xanim "ai_contextual_melee_kneekick_quick".
Could not load xanim "ai_contextual_melee_crouch_neckstab_quick".
Could not load xanim "ai_contextual_melee_neckstabcrouch_death_quick".
Could not load xanim "ai_contextual_melee_neckstab_quick".
Could not load xanim "ai_contextual_melee_necksnap_quick".
Could not load xanim "ai_contextual_melee_garrotesit_death_quick".
Could not load xanim "ai_contextual_melee_garrote_quick".
Could not load xanim "ai_contextual_melee_neckstabcrouch_death".
Could not load xanim "ai_contextual_melee_neckstabcrouch_idle".
Could not load xanim "ai_contextual_melee_neckstab".
Could not load xanim "ai_contextual_melee_necksnap".
Could not load xanim "ai_contextual_melee_garrotesit_deathpose".
Could not load xanim "ai_contextual_melee_garrotesit_death".
Could not load xanim "ai_contextual_melee_garrotesit_idle".
Could not load xanim "ai_contextual_melee_garrote".
Could not load xanim "int_contextual_melee_headpunch_quick".
Could not load xanim "int_contextual_melee_judochop_quick".
Could not load xanim "int_contextual_melee_elbow_hit_quick".
Could not load xanim "int_contextual_melee_kneekick_quick".
Could not load xanim "int_contextual_melee_crouch_neckstab_quick".
Could not load xanim "int_contextual_melee_neckstabcrouch_quick".
Could not load xanim "int_contextual_melee_neckstab_quick".
Could not load xanim "int_contextual_melee_necksnap_quick".
Could not load xanim "int_contextual_melee_garrotesit_quick".
Could not load xanim "int_contextual_melee_garrote_quick".
Could not load xanim "int_contextual_melee_neckstabcrouch".
Could not load xanim "int_contextual_melee_neckstab".
Could not load xanim "int_contextual_melee_necksnap".
Could not load xanim "int_contextual_melee_garrotesit".
Could not load xanim "int_contextual_melee_garrote".
Could not load xanim "crew_jeep1_passenger_to_driver".
Could not load xanim "crew_jeep1_passenger3_climbin_fast".
Could not load xanim "crew_jeep1_passenger2_climbin_fast".
Could not load xanim "crew_jeep1_passenger1_climbin_fast".
Could not load xanim "crew_jeep1_driver_climbin_fast".
Could not load xanim "crew_jeep1_passenger3_climbout_fast".
Could not load xanim "crew_jeep1_passenger2_climbout_fast".
Could not load xanim "crew_jeep1_passenger1_climbout_fast".
Could not load xanim "crew_jeep1_driver_climbout_fast".
Could not load xanim "ai_zombie_boss_tesla_death_a".
Could not load xanim "ai_zombie_crawl_freeze_death_02".
Could not load xanim "ai_zombie_crawl_freeze_death_01".
Could not load xanim "ai_zombie_freeze_death_e".
Could not load xanim "ai_zombie_freeze_death_d".
Could not load xanim "ai_zombie_freeze_death_c".
Could not load xanim "ai_zombie_freeze_death_b".
Could not load xanim "ai_zombie_freeze_death_a".
Could not load xanim "ai_zombie_tesla_crawl_death_b".
Could not load xanim "ai_zombie_tesla_crawl_death_a".
Could not load xanim "ai_zombie_tesla_death_e".
Could not load xanim "ai_zombie_tesla_death_d".
Could not load xanim "ai_zombie_tesla_death_c".
Could not load xanim "ai_zombie_tesla_death_b".
Could not load xanim "ai_zombie_tesla_death_a".
Could not load xanim "bog_melee_r_defend".
Could not load xanim "bog_melee_r_attack".
Could not load xanim "crew_bike_m72_aim_r_5".
Could not load xanim "crew_bike_m72_aim_l_5".
Could not load xanim "crew_bike_m72_aim_f_5".
Could not load xanim "crew_bike_m72_blindfire".
Could not load xanim "crew_bike_m72_lean_right_unarmed".
Could not load xanim "crew_bike_m72_lean_right_armed".
Could not load xanim "crew_bike_m72_lean_left_unarmed".
Could not load xanim "crew_bike_m72_lean_left_armed".
Could not load xanim "crew_bike_m72_jump_land_unarmed".
Could not load xanim "crew_bike_m72_jump_land_armed".
Could not load xanim "crew_bike_m72_jump_start_unarmed".
Could not load xanim "crew_bike_m72_jump_start_armed".
Could not load xanim "crew_bike_m72_drive_straight".
Could not load xanim "crew_bike_m72_aim_gun_putaway".
Could not load xanim "crew_bike_m72_aim_gun_pullot".
Could not load xanim "crew_bike_m72_r_fire".
Could not load xanim "crew_bike_m72_l_fire".
Could not load xanim "crew_bike_m72_f_fire".
Could not load xanim "crew_bike_m72_aim_r_8".
Could not load xanim "crew_bike_m72_aim_l_8".
Could not load xanim "crew_bike_m72_aim_f_8".
Could not load xanim "crew_bike_m72_aim_r_6".
Could not load xanim "crew_bike_m72_aim_l_6".
Could not load xanim "crew_bike_m72_aim_f_6".
Could not load xanim "crew_bike_m72_aim_r_4".
Could not load xanim "crew_bike_m72_aim_l_4".
Could not load xanim "crew_bike_m72_aim_f_4".
Could not load xanim "crew_bike_m72_aim_r_2".
Could not load xanim "crew_bike_m72_aim_l_2".
Could not load xanim "crew_bike_m72_aim_f_2".
Could not load xanim "ai_m113_gunner_aim_up".
Could not load xanim "ai_m113_gunner_aim_down".
Could not load xanim "ai_m113_gunner_aim".
Could not load xanim "ai_boat_pbr_gunner_aim_up".
Could not load xanim "ai_boat_pbr_gunner_aim_down".
Could not load xanim "ai_boat_pbr_gunner_aim".
Could not load xanim "ai_50cal_gunner_aim_down".
Could not load xanim "ai_50cal_gunner_aim_up".
Could not load xanim "ai_50cal_gunner_aim".
Could not load xanim "crew_truck_guy6_climbout_fast".
Could not load xanim "crew_truck_guy5_climbout_fast".
Could not load xanim "crew_truck_guy2_climbout_fast".
Could not load xanim "crew_truck_guy1_climbout_fast".
Could not load xanim "crew_gaz63_passenger_climbout_fast".
Could not load xanim "crew_gaz63_driver_jump_out".
Could not load xanim "crew_truck_guy8_climbout".
Could not load xanim "crew_truck_guy7_climbout".
Could not load xanim "crew_truck_guy6_climbout".
Could not load xanim "crew_truck_guy5_climbout".
Could not load xanim "crew_truck_guy4_climbout".
Could not load xanim "crew_truck_guy3_climbout".
Could not load xanim "crew_truck_guy2_climbout".
Could not load xanim "crew_truck_guy1_climbout".
Could not load xanim "crew_truck_passenger_climbout".
Could not load xanim "crew_truck_driver_climbout".
Could not load xanim "crew_truck_guy8_sit_idle".
Could not load xanim "crew_truck_guy7_sit_idle".
Could not load xanim "crew_truck_guy6_sit_idle".
Could not load xanim "crew_truck_guy5_sit_idle".
Could not load xanim "crew_truck_guy4_sit_idle".
Could not load xanim "crew_truck_guy3_sit_idle".
Could not load xanim "crew_truck_guy2_sit_idle".
Could not load xanim "crew_truck_guy1_sit_idle".
Could not load xanim "crew_gaz63_passenger_sit_idle".
Could not load xanim "crew_truck_passenger_sit_idle".
Could not load xanim "crew_truck_driver_sit_idle".
Could not load xanim "crew_police_passenger_climbout".
Could not load xanim "crew_police_driver_climbout".
Could not load xanim "crew_police_passenger_idle".
Could not load xanim "crew_police_driver_idle".
Could not load xanim "crew_uaz_passenger3_idle".
Could not load xanim "crew_uaz_passenger2_idle".
Could not load xanim "crew_uaz_passenger1_idle".
Could not load xanim "crew_uaz_driver_idle".
Could not load xanim "uaz_passenger_enter_from_huntedrun".
Could not load xanim "crew_uaz_passenger3_tumbleout".
Could not load xanim "crew_uaz_passenger1_tumbleout".
Could not load xanim "crew_uaz_driver_tumbleout".
Could not load xanim "uaz_driver_enter_from_huntedrun".
Could not load xanim "crew_uaz_passenger3_climbout".
Could not load xanim "crew_uaz_passenger2_climbout".
Could not load xanim "crew_uaz_passenger1_climbout".
Could not load xanim "crew_uaz_driver_climbout".
Could not load xanim "crew_jeep1_passenger3_turn_right_heavy".
Could not load xanim "crew_jeep1_passenger2_turn_right_heavy".
Could not load xanim "crew_jeep1_passenger1_turn_right_heavy".
Could not load xanim "crew_jeep1_driver_turn_right_heavy".
Could not load xanim "crew_jeep1_passenger3_turn_right_light".
Could not load xanim "crew_jeep1_passenger2_turn_right_light".
Could not load xanim "crew_jeep1_passenger1_turn_right_light".
Could not load xanim "crew_jeep1_driver_turn_right_light".
Could not load xanim "crew_jeep1_passenger3_turn_left_heavy".
Could not load xanim "crew_jeep1_passenger2_turn_left_heavy".
Could not load xanim "crew_jeep1_passenger1_turn_left_heavy".
Could not load xanim "crew_jeep1_driver_turn_left_heavy".
Could not load xanim "crew_jeep1_passenger3_turn_left_light".
Could not load xanim "crew_jeep1_passenger2_turn_left_light".
Could not load xanim "crew_jeep1_passenger1_turn_left_light".
Could not load xanim "crew_jeep1_driver_turn_left_light".
Could not load xanim "crew_jeep1_passenger3_stop".
Could not load xanim "crew_jeep1_passenger2_stop".
Could not load xanim "crew_jeep1_passenger1_stop".
Could not load xanim "crew_jeep1_driver_stop".
Could not load xanim "crew_jeep1_passenger3_start".
Could not load xanim "crew_jeep1_passenger2_start".
Could not load xanim "crew_jeep1_passenger1_start".
Could not load xanim "crew_jeep1_driver_start".
Could not load xanim "crew_jeep1_passenger3_climbin".
Could not load xanim "crew_jeep1_passenger2_climbin".
Could not load xanim "crew_jeep1_passenger1_climbin".
Could not load xanim "crew_jeep1_driver_climbin".
Could not load xanim "crew_jeep1_passenger3_climbout".
Could not load xanim "crew_jeep1_passenger2_climbout".
Could not load xanim "crew_jeep1_passenger1_climbout".
Could not load xanim "crew_jeep1_driver_climbout".
Could not load xanim "crew_jeep1_passenger3_death_fire".
Could not load xanim "crew_jeep1_passenger2_death_fire".
Could not load xanim "crew_jeep1_passenger1_death_fire".
Could not load xanim "crew_jeep1_driver_death_fire".
Could not load xanim "crew_jeep1_passenger3_death_shot".
Could not load xanim "crew_jeep1_passenger2_death_shot".
Could not load xanim "crew_jeep1_passenger1_death_shot".
Could not load xanim "crew_jeep1_driver_death_shot".
Could not load xanim "crew_jeep1_passenger3_drive_under_fire".
Could not load xanim "crew_jeep1_passenger2_drive_under_fire".
Could not load xanim "crew_jeep1_passenger1_drive_under_fire".
Could not load xanim "crew_jeep1_driver_drive_under_fire".
Could not load xanim "crew_jeep1_passenger3_drive_idle".
Could not load xanim "crew_jeep1_passenger2_drive_idle".
Could not load xanim "crew_jeep1_passenger1_drive_idle".
Could not load xanim "crew_jeep1_driver_drive_idle".
Could not load xanim "ai_huey_passenger_waiting".
Could not load xanim "ai_huey_passenger_b_rt_exit".
Could not load xanim "ai_huey_passenger_b_rt".
Could not load xanim "ai_huey_passenger_f_rt_exit".
Could not load xanim "ai_huey_passenger_f_rt_enter".
Could not load xanim "ai_huey_passenger_f_rt".
Could not load xanim "ai_huey_passenger_m_rt_enter".
Could not load xanim "ai_huey_passenger_m_lt_enter".
Could not load xanim "ai_huey_passenger_f_lt_exit".
Could not load xanim "ai_huey_passenger_f_lt_enter".
Could not load xanim "ai_huey_passenger_f_lt".
Could not load xanim "ai_huey_passenger_b_lt_exit".
Could not load xanim "ai_huey_passenger_b_lt_enter".
Could not load xanim "ai_huey_passenger_b_lt".
Could not load xanim "ai_huey_gunner2_exit".
Could not load xanim "ai_huey_gunner2_enter".
Could not load xanim "ai_huey_gunner2".
Could not load xanim "ai_huey_gunner1_exit".
Could not load xanim "ai_huey_gunner1_enter".
Could not load xanim "ai_huey_gunner1".
Could not load xanim "ai_huey_pilot2_idle_loop1".
Could not load xanim "ai_huey_pilot1_idle_loop1".
Could not load xanim "ai_mi8_pilot1_idle_loop2".
Could not load xanim "ai_mi8_pilot1_idle_loop1".
Could not load xanim "ai_revive_reviver_onback_left_get_up".
Could not load xanim "ai_revive_reviver_onback_left_revive".
Could not load xanim "ai_revive_wounded_onback_left_get_up".
Could not load xanim "ai_revive_wounded_onback_left_revive".
Could not load xanim "ai_revive_wounded_onback_loop".
Could not load xanim "ai_revive_wounded_onback_fall_crouch".
Could not load xanim "ai_revive_wounded_onback_fall_stand".
Could not load xanim "ai_dying_crawl_2_back_revive".
Could not load xanim "ai_flame_wounded_stand_d".
Could not load xanim "ai_flame_wounded_stand_c".
Could not load xanim "ai_flame_wounded_stand_b".
Could not load xanim "ai_flame_wounded_stand_a".
Could not load xanim "ai_flame_wounded_crouch_d".
Could not load xanim "ai_flame_wounded_crouch_c".
Could not load xanim "ai_flame_wounded_crouch_b".
Could not load xanim "ai_flame_wounded_crouch_a".
Could not load xanim "run_pain_stumble".
Could not load xanim "run_pain_stomach".
Could not load xanim "run_pain_fallonknee_03".
Could not load xanim "run_pain_fallonknee_02".
Could not load xanim "run_pain_fallonknee".
Could not load xanim "exposed_pain_right_arm".
Could not load xanim "exposed_pain_leg".
Could not load xanim "exposed_pain_left_arm".
Could not load xanim "exposed_pain_groin".
Could not load xanim "exposed_pain_dropgun".
Could not load xanim "exposed_pain_back".
Could not load xanim "exposed_pain_2_crouch".
Could not load xanim "exposed_crouch_pain_right_arm".
Could not load xanim "exposed_crouch_pain_left_arm".
Could not load xanim "exposed_crouch_pain_headsnap".
Could not load xanim "exposed_crouch_pain_flinch".
Could not load xanim "exposed_crouch_pain_chest".
Could not load xanim "back_pain".
Could not load xanim "saw_gunner_lowwall_pain_02".
Could not load xanim "saw_gunner_pain".
Could not load xanim "ai_death_upontoback".
Could not load xanim "ai_bayonet_right_death".
Could not load xanim "ai_bayonet_left_death".
Could not load xanim "ai_bayonet_back_death".
Could not load xanim "ai_bayonet_shoulder_death".
Could not load xanim "ai_bayonet_thrust_death".
Could not load xanim "ai_deadly_wounded_torso_hit".
Could not load xanim "ai_deadly_wounded_leg_r_hit".
Could not load xanim "ai_deadly_wounded_leg_l_hit".
Could not load xanim "ai_deadly_wounded_flamedb_hit".
Could not load xanim "ai_deadly_wounded_flameda_hit".
Could not load xanim "ai_flame_death_crouch_h".
Could not load xanim "ai_flame_death_crouch_g".
Could not load xanim "ai_flame_death_crouch_f".
Could not load xanim "ai_flame_death_crouch_e".
Could not load xanim "ai_flame_death_crouch_d".
Could not load xanim "ai_flame_death_crouch_c".
Could not load xanim "ai_flame_death_crouch_b".
Could not load xanim "ai_flame_death_crouch_a".
Could not load xanim "ai_flame_death_h".
Could not load xanim "ai_flame_death_g".
Could not load xanim "ai_flame_death_f".
Could not load xanim "ai_flame_death_e".
Could not load xanim "ai_flame_death_d".
Could not load xanim "ai_flame_death_c".
Could not load xanim "ai_flame_death_b".
Could not load xanim "ai_flame_death_a".
Could not load xanim "saw_gunner_lowwall_death".
Could not load xanim "saw_gunner_death".
Could not load xanim "run_death_roll".
Could not load xanim "run_death_fallonback_02".
Could not load xanim "run_death_fallonback".
Could not load xanim "run_death_facedown".
Could not load xanim "exposed_death_neckgrab".
Could not load xanim "exposed_death_twist".
Could not load xanim "exposed_death_nerve".
Could not load xanim "exposed_death_headtwist".
Could not load xanim "exposed_death_headshot".
Could not load xanim "exposed_death_groin".
Could not load xanim "exposed_death_firing_02".
Could not load xanim "exposed_death_firing".
Could not load xanim "exposed_death_falltoknees_02".
Could not load xanim "exposed_death_falltoknees".
Could not load xanim "exposed_death_02".
Could not load xanim "exposed_death".
Could not load xanim "exposed_crouch_death_twist".
Could not load xanim "exposed_crouch_death_flip".
Could not load xanim "exposed_crouch_death_fetal".
Could not load xanim "death_explosion_stand_up_v2".
Could not load xanim "death_explosion_stand_up_v1".
Could not load xanim "death_explosion_run_l_v2".
Could not load xanim "death_explosion_run_l_v1".
Could not load xanim "death_explosion_run_r_v2".
Could not load xanim "death_explosion_run_r_v1".
Could not load xanim "death_explosion_run_b_v2".
Could not load xanim "death_explosion_run_b_v1".
Could not load xanim "death_explosion_run_f_v4".
Could not load xanim "death_explosion_run_f_v3".
Could not load xanim "death_explosion_run_f_v2".
Could not load xanim "death_explosion_run_f_v1".
Could not load xanim "death_explosion_stand_r_v2".
Could not load xanim "death_explosion_stand_r_v1".
Could not load xanim "death_explosion_stand_l_v3".
Could not load xanim "death_explosion_stand_l_v2".
Could not load xanim "death_explosion_stand_l_v1".
Could not load xanim "death_explosion_stand_f_v4".
Could not load xanim "death_explosion_stand_f_v3".
Could not load xanim "death_explosion_stand_f_v2".
Could not load xanim "death_explosion_stand_f_v1".
Could not load xanim "death_explosion_stand_b_v4".
Could not load xanim "death_explosion_stand_b_v3".
Could not load xanim "death_explosion_stand_b_v2".
Could not load xanim "death_explosion_stand_b_v1".
Could not load xanim "ai_pillar_crouch_grenade_throw_03".
Could not load xanim "ai_pillar_crouch_grenade_throw_02".
Could not load xanim "ai_pillar_crouch_grenade_throw_01".
Could not load xanim "ai_pillar_stand_grenade_throw_03".
Could not load xanim "ai_pillar_stand_grenade_throw_02".
Could not load xanim "ai_pillar_stand_grenade_throw_01".
Could not load xanim "saw_gunner_lowwall_runout_mr".
Could not load xanim "saw_gunner_lowwall_runout_ml".
Could not load xanim "saw_gunner_lowwall_runout_m".
Could not load xanim "saw_gunner_lowwall_runout_r".
Could not load xanim "saw_gunner_lowwall_runout_l".
Could not load xanim "saw_gunner_lowwall_runin_mr".
Could not load xanim "saw_gunner_lowwall_runin_ml".
Could not load xanim "saw_gunner_lowwall_runin_m".
Could not load xanim "saw_gunner_lowwall_runin_r".
Could not load xanim "saw_gunner_lowwall_runin_l".
Could not load xanim "saw_gunner_runout_mr".
Could not load xanim "saw_gunner_runout_ml".
Could not load xanim "saw_gunner_runout_m".
Could not load xanim "saw_gunner_runout_r".
Could not load xanim "saw_gunner_runout_l".
Could not load xanim "saw_gunner_runin_mr".
Could not load xanim "saw_gunner_runin_ml".
Could not load xanim "saw_gunner_runin_m".
Could not load xanim "saw_gunner_runin_r".
Could not load xanim "saw_gunner_runin_l".
Could not load xanim "coverstand_pain_leg".
Could not load xanim "coverstand_pain_groin".
Could not load xanim "coverstand_death_right".
Could not load xanim "coverstand_death_left".
Could not load xanim "coverstand_trans_in_mr".
Could not load xanim "coverstand_trans_in_ml".
Could not load xanim "coverstand_trans_in_r".
Could not load xanim "coverstand_trans_in_m".
Could not load xanim "coverstand_trans_in_l".
Could not load xanim "coverstand_trans_out_mr".
Could not load xanim "coverstand_trans_out_ml".
Could not load xanim "coverstand_trans_out_r".
Could not load xanim "coverstand_trans_out_m".
Could not load xanim "coverstand_trans_out_l".
Could not load xanim "coverstand_grenadeb".
Could not load xanim "coverstand_grenadea".
Could not load xanim "cornercrr_trans_out_r".
Could not load xanim "cornercrr_trans_out_mr".
Could not load xanim "cornercrr_trans_out_ml".
Could not load xanim "cornercrr_trans_out_mf".
Could not load xanim "cornercrr_trans_out_m".
Could not load xanim "cornercrr_trans_out_l".
Could not load xanim "cornercrr_trans_out_f".
Could not load xanim "cornercrr_trans_in_r".
Could not load xanim "cornercrr_trans_in_mr".
Could not load xanim "cornercrr_trans_in_ml".
Could not load xanim "cornercrr_trans_in_mf".
Could not load xanim "cornercrr_trans_in_m".
Could not load xanim "cornercrr_trans_in_l".
Could not load xanim "cornercrr_trans_in_f".
Could not load xanim "cornercrr_grenadea".
Could not load xanim "corner_standl_trans_out_8".
Could not load xanim "corner_standl_trans_out_7".
Could not load xanim "corner_standl_trans_out_6".
Could not load xanim "corner_standl_trans_out_4".
Could not load xanim "corner_standl_trans_out_3".
Could not load xanim "corner_standl_trans_out_2".
Could not load xanim "corner_standl_trans_out_1".
Could not load xanim "corner_standl_trans_in_8".
Could not load xanim "corner_standl_trans_in_7".
Could not load xanim "corner_standl_trans_in_6".
Could not load xanim "corner_standl_trans_in_3".
Could not load xanim "corner_standl_trans_in_2".
Could not load xanim "corner_standl_trans_in_1".
Could not load xanim "corner_standl_trans_in_4".
Could not load xanim "corner_standr_trans_out_9".
Could not load xanim "corner_standr_trans_out_8".
Could not load xanim "corner_standr_trans_out_6".
Could not load xanim "corner_standr_trans_out_4".
Could not load xanim "corner_standr_trans_out_3".
Could not load xanim "corner_standr_trans_out_2".
Could not load xanim "corner_standr_trans_out_1".
Could not load xanim "corner_standr_trans_in_9".
Could not load xanim "corner_standr_trans_in_8".
Could not load xanim "corner_standr_trans_in_6".
Could not load xanim "corner_standr_trans_in_3".
Could not load xanim "corner_standr_trans_in_1".
Could not load xanim "corner_standr_trans_in_2".
Could not load xanim "corner_standr_trans_in_4".
Could not load xanim "corner_standr_painc".
Could not load xanim "corner_standr_painb".
Could not load xanim "corner_standr_pain".
Could not load xanim "corner_standr_grenade_b".
Could not load xanim "corner_standr_grenade_a".
Could not load xanim "corner_standr_deathb".
Could not load xanim "corner_standr_deatha".
Could not load xanim "cornercrl_trans_out_r".
Could not load xanim "cornercrl_trans_out_mr".
Could not load xanim "cornercrl_trans_out_ml".
Could not load xanim "cornercrl_trans_out_mf".
Could not load xanim "cornercrl_trans_out_m".
Could not load xanim "cornercrl_trans_out_l".
Could not load xanim "cornercrl_trans_out_f".
Could not load xanim "cornercrl_trans_in_r".
Could not load xanim "cornercrl_trans_in_mr".
Could not load xanim "cornercrl_trans_in_ml".
Could not load xanim "cornercrl_trans_in_mf".
Could not load xanim "cornercrl_trans_in_m".
Could not load xanim "cornercrl_trans_in_l".
Could not load xanim "cornercrl_trans_in_f".
Could not load xanim "cornercrl_grenadeb".
Could not load xanim "cornercrl_grenadea".
Could not load xanim "corner_standl_paine".
Could not load xanim "corner_standl_paind".
Could not load xanim "corner_standl_painc".
Could not load xanim "corner_standl_painb".
Could not load xanim "corner_standl_pain".
Could not load xanim "corner_standl_grenade_b".
Could not load xanim "corner_standl_grenade_a".
Could not load xanim "corner_standl_deathb".
Could not load xanim "corner_standl_deatha".
Could not load xanim "ai_zombie_spets_roll_c".
Could not load xanim "ai_zombie_spets_roll_b".
Could not load xanim "ai_zombie_spets_roll_a".
Could not load xanim "ai_zombie_spets_sidestep_right_b".
Could not load xanim "ai_zombie_spets_sidestep_right_a".
Could not load xanim "ai_zombie_spets_sidestep_left_b".
Could not load xanim "ai_zombie_spets_sidestep_left_a".
Could not load xanim "covercrouch_death_3".
Could not load xanim "covercrouch_death_2".
Could not load xanim "covercrouch_death_1".
Could not load xanim "covercrouch_grenadeb".
Could not load xanim "covercrouch_grenadea".
Could not load xanim "covercrouch_run_out_r".
Could not load xanim "covercrouch_run_out_mr".
Could not load xanim "covercrouch_run_out_m".
Could not load xanim "covercrouch_run_out_ml".
Could not load xanim "covercrouch_run_out_l".
Could not load xanim "covercrouch_run_in_r".
Could not load xanim "covercrouch_run_in_mr".
Could not load xanim "covercrouch_run_in_m".
Could not load xanim "covercrouch_run_in_ml".
Could not load xanim "covercrouch_run_in_l".
Could not load xanim "add_fire".
Could not load xanim "prone_grenade_a".
Could not load xanim "crouch_2run_180".
Could not load xanim "crouch_2run_f".
Could not load xanim "crouch_2run_r".
Could not load xanim "crouch_2run_l".
Could not load xanim "run_2_crouch_180l".
Could not load xanim "run_2_crouch_90r".
Could not load xanim "run_2_crouch_90l".
Could not load xanim "run_2_crouch_f".
Could not load xanim "stand_2_run_180_med".
Could not load xanim "stand_2_run_f_2".
Could not load xanim "stand_2_run_r".
Could not load xanim "stand_2_run_l".
Could not load xanim "run_2_stand_180l".
Could not load xanim "run_2_stand_90r".
Could not load xanim "run_2_stand_90l".
Could not load xanim "run_2_stand_f_6".
Could not load xanim "weapon_switch".
Could not load xanim "exposed_grenadethrowc".
Could not load xanim "exposed_grenadethrowb".
Could not load xanim "prone_legs_down".
Could not load xanim "prone_legs_up".
Could not load xanim "exposed_tracking_turn180l".
Could not load xanim "exposed_tracking_turn135r".
Could not load xanim "exposed_tracking_turn90r".
Could not load xanim "exposed_tracking_turn45r".
Could not load xanim "exposed_tracking_turn135l".
Could not load xanim "exposed_tracking_turn90l".
Could not load xanim "exposed_tracking_turn45l".
Could not load xanim "aim_8".
Could not load xanim "aim_2".
Could not load xanim "aim_6".
Could not load xanim "aim_4".
Could not load xanim "exposed_stand_2_crouch".
Could not load xanim "exposed_crouch_2_stand".
Could not load xanim "exposed_crouch_idle_alert_v3".
Could not load xanim "exposed_crouch_idle_alert_v2".
Could not load xanim "exposed_crouch_idle_alert_v1".
Could not load xanim "exposed_idle_alert_v3".
Could not load xanim "exposed_idle_alert_v2".
Could not load xanim "exposed_idle_alert_v1".
Could not load xanim "cqb_stand_signal_move_out".
Could not load xanim "cqb_stand_signal_move_up".
Could not load xanim "cqb_stand_signal_stop".
Could not load xanim "cqb_stand_wave_go_v1".
Could not load xanim "cqb_stand_wave_on_me".
Could not load xanim "saw_gunner_run_slow".
Could not load xanim "saw_gunner_run_fast".
Could not load xanim "ai_mg_shoulder_run".
Could not load xanim "ai_run_lowready_f_lean_r".
Could not load xanim "ai_run_lowready_f_lean_l".
Could not load xanim "crouch_fastwalk_r".
Could not load xanim "crouch_fastwalk_l".
Could not load xanim "crouch_fastwalk_b".
Could not load xanim "run_lowready_b".
Could not load xanim "run_lowready_r".
Could not load xanim "run_lowready_l".
Could not load xanim "patrol_bored_patrolwalk_twitch".
Could not load xanim "patrol_bored_patrolwalk".
Could not load xanim "ai_zombie_blackhole_crawl_fast_v3".
Could not load xanim "ai_zombie_blackhole_crawl_fast_v2".
Could not load xanim "ai_zombie_blackhole_crawl_fast_v1".
Could not load xanim "ai_zombie_blackhole_crawl_slow_v2".
Could not load xanim "ai_zombie_blackhole_crawl_slow_v1".
Could not load xanim "ai_zombie_blackhole_walk_fast_v3".
Could not load xanim "ai_zombie_blackhole_walk_fast_v2".
Could not load xanim "ai_zombie_blackhole_walk_fast_v1".
Could not load xanim "ai_zombie_blackhole_walk_slow_v3".
Could not load xanim "ai_zombie_blackhole_walk_slow_v2".
Could not load xanim "ai_zombie_blackhole_walk_slow_v1".
Could not load xanim "sprint1_loop".
Could not load xanim "crouch_fastwalk_f".
Could not load xanim "run_lowready_f".
Could not load xanim "ai_zombie_blackhole_crawl_death_v3".
Could not load xanim "ai_zombie_blackhole_crawl_death_v2".
Could not load xanim "ai_zombie_blackhole_crawl_death_v1".
Could not load xanim "ai_zombie_blackhole_death_v3".
Could not load xanim "ai_zombie_blackhole_death_v2".
Could not load xanim "ai_zombie_blackhole_death_v1".
Could not load xanim "ai_zombie_boss_idle_b".
Could not load xanim "ai_zombie_boss_idle_a".
Could not load xanim "ai_zombie_quad_idle_2".
Could not load xanim "ai_zombie_quad_idle".
Could not load xanim "ai_flamethrower_crouch_twitch".
Could not load xanim "ai_flamethrower_crouch_idle_b".
Could not load xanim "ai_flamethrower_crouch_idle_a".
Could not load xanim "ai_flamethrower_stand_twitch".
Could not load xanim "ai_flamethrower_stand_idle_casual_v1".
Could not load xanim "ai_mg_shoulder_run2crouch".
Could not load xanim "ai_mg_shoulder_crouch_idle".
Could not load xanim "ai_mg_shoulder_run2stand".
Could not load xanim "ai_mg_shoulder_stand_idle".
Could not load xanim "cqb_stand_twitch".
Could not load xanim "cqb_stand_idle".
Could not load xanim "patrol_bored_2_walk_180turn".
Could not load xanim "patrol_bored_2_walk".
Could not load xanim "patrol_bored_twitch_stretch".
Could not load xanim "patrol_bored_twitch_checkphone".
Could not load xanim "patrol_bored_twitch_bug".
Could not load xanim "patrol_bored_idle_cellphone".
Could not load xanim "patrol_bored_idle_smoke".
Could not load xanim "patrol_bored_idle".
Could not load xanim "patrol_bored_walk_2_bored".
Could not load xanim "casual_stand_idle_twitchb".
Could not load xanim "casual_stand_idle_twitch".
Could not load xanim "casual_stand_idle_trans_in".
Could not load xanim "casual_stand_idle".
Could not load xanim "casual_crouch_point".
Could not load xanim "casual_crouch_twitch".
Could not load xanim "casual_crouch_idle_in".
Could not load xanim "casual_crouch_idle".
Could not load xanim "casual_stand_v2_twitch_talk".
Could not load xanim "casual_stand_v2_twitch_shift".
Could not load xanim "casual_stand_v2_twitch_radio".
Could not load xanim "casual_stand_v2_idle".
Could not load xanim "crouch2stand".
Could not load xanim "shoot".
Could not load xanim "upperbody".
Could not load xanim "void_loop".
Could not load xanim "v_uaz_passenger3_door_open".
Could not load xanim "v_uaz_passenger2_door_open".
Could not load xanim "v_uaz_passenger_door_open".
Could not load xanim "v_uaz_driver_door_open".
Could not load xanim "v_jeep_passenger_door_open".
Could not load xanim "v_jeep_driver_door_open".
Could not load xanim "v_pow_b03_hind_landed".
Could not load xanim "v_pow_b03_hind_exit_interior".
Could not load xanim "v_pow_b03_hind_exit_exterior".
Could not load xanim "v_pow_b03_hind_climbin_interior".
Could not load xanim "v_pow_b03_hind_climbin_exterior".
Could not load xanim "v_police_passenger_door_open".
Could not load xanim "v_police_driver_door_open".
Could not load xanim "v_gaz63_passenger_door_open".
Could not load xanim "v_gaz63_driver_door_open".
Could not load xanim "uaz_driving_idle_backward".
Could not load xanim "uaz_driving_idle_forward".
Could not load xanim "int_pow_b03_cockpit_exit".
Could not load xanim "int_pow_b03_cockpit_inandup".
Could not load xanim "viewmodel_swim_to_right".
Could not load xanim "viewmodel_swim_to_left".
Could not load xanim "viewmodel_swim_tread_water".
Could not load xanim "viewmodel_swim_backwards_c".
Could not load xanim "viewmodel_swim_backwards_b".
Could not load xanim "viewmodel_swim_backwards_a".
Could not load xanim "viewmodel_swim_breaststroke_c".
Could not load xanim "viewmodel_swim_breaststroke_b".
Could not load xanim "viewmodel_swim_breaststroke_a".
Could not load xanim "prop_meatshield_bullet_tip_spin".
Could not load xanim "prop_meatshield_bullet_tip_cam".
Could not load xanim "prop_contextual_melee_garrotesit_chair_quick".
Could not load xanim "prop_contextual_melee_garrotesit_chair".
Could not load xanim "prop_contextual_melee_garrotesit_garrotewire_quick".
Could not load xanim "prop_contextual_melee_garrotesit_garrotewire".
Could not load xanim "prop_contextual_melee_garrote_garrotewire_quick".
Could not load xanim "prop_contextual_melee_garrote_garrotewire".
Could not load xanim "zombie_dog_run_pain_front".
Could not load xanim "zombie_dog_pain_hit_right".
Could not load xanim "zombie_dog_pain_hit_left".
Could not load xanim "zombie_dog_pain_hit_front".
Could not load xanim "zombie_dog_pain_hit_back".
Could not load xanim "zombie_dog_run_pain".
Could not load xanim "zombie_dog_run_flashbang".
Could not load xanim "zd_attack_player_late".
Could not load xanim "pb_pbr_driver_idle".
Could not load xanim "pb_huey_passenger_b_rt".
Could not load xanim "pb_huey_passenger_f_rt".
Could not load xanim "pb_huey_passenger_m_rt".
Could not load xanim "pb_huey_passenger_m_lt".
Could not load xanim "pb_huey_passenger_f_lt".
Could not load xanim "pb_huey_passenger_b_lt_aim_60up_60right".
Could not load xanim "pb_huey_passenger_b_lt_aim_forward_60up".
Could not load xanim "pb_huey_passenger_b_lt_aim_60up_60left".
Could not load xanim "pb_huey_passenger_b_lt_aim_60right_level".
Could not load xanim "pb_huey_passenger_b_lt_aim_forward_level".
Could not load xanim "pb_huey_passenger_b_lt_aim_60left_level".
Could not load xanim "pb_huey_passenger_b_lt_aim_60down_60right".
Could not load xanim "pb_huey_passenger_b_lt_aim_forward_60down".
Could not load xanim "pb_huey_passenger_b_lt_aim_60down_60left".
Could not load xanim "p_driver_jeep_seated".
Could not load xanim "pb_zipline_loop".
Could not load xanim "pb_zipline_release".
Could not load xanim "pb_zipline_grab".
Error: Could not load xmodel "char_rus_guard_body1_fullbody".
Error: Could not load xmodel "P_ztem_bullseye".
-----------------------------------
codescripts/delete.gsc (code_post_gfx): 0x2E82AE74
animscripts/zombie_melee.gsc (common_zombie_patch): 0x05509B59
codescripts/struct.gsc (code_post_gfx): 0xCAC87ED6
maps/_callbacksetup.gsc (code_post_gfx): 0xB52A9A5B
maps/_utility.gsc (common_zombie_patch): 0x42B6193A
common_scripts/utility.gsc (code_post_gfx): 0x9536897A
maps/zombie_temple_sq_brock.gsc (zombie_temple_patch): 0x753ABB8B
maps/_utility_code.gsc (code_post_gfx): 0xCB68F0DE
maps/_zombiemode_traps.gsc (common_zombie_patch): 0xA2C6280A
maps/_hud_util.gsc (code_post_gfx): 0x587EC801
animscripts/utility.gsc (common_zombie): 0x5CAA8382
animscripts/setposemovement.gsc (common_zombie): 0x9AC495F3
maps/_constants.gsc (code_post_gfx): 0x0176DD22
animscripts/anims.gsc (common_zombie): 0x8B2018B8
animscripts/shared.gsc (common_zombie): 0xF777EB0A
maps/zombie_temple_ai_monkey.gsc (zombie_temple_patch): 0xCF318D30
animscripts/combat_utility.gsc (common_zombie): 0x64A99E72
animscripts/debug.gsc (common_zombie_patch): 0x16285EFA
maps/_gameskill.gsc (common_zombie_patch): 0x55B2A1B6
animscripts/zombie_move.gsc (common_zombie_patch): 0xDE31C8DF
animscripts/weaponlist.gsc (common_zombie): 0x7558540E
maps/_zombiemode_zone_manager.gsc (common_zombie_patch): 0x278F492A
maps/_load_common.gsc (code_post_gfx): 0xC8BEDDF1
maps/_lights.gsc (code_post_gfx): 0x02054E8B
maps/_createfx.gsc (code_post_gfx): 0x5CA89299
maps/zombie_temple_powerups.gsc (zombie_temple): 0xB32D2B9A
maps/_weapons.gsc (common_zombie_patch): 0x0668A678
maps/_boat_patrol_nva.gsc (code_post_gfx): 0xFFFDB5AD
maps/_createfxmenu.gsc (code_post_gfx): 0x576C29AF
maps/_introscreen.gsc (code_post_gfx): 0x691BF913
maps/_apc.gsc (code_post_gfx): 0x1308C51D
maps/_fx.gsc (code_post_gfx): 0x3C599625
maps/_contextual_melee.gsc (code_post_gfx): 0x2506D3EF
maps/_spawner.gsc (code_post_gfx): 0xE4F83185
maps/_anim.gsc (code_post_gfx): 0x4ABC8BB8
animscripts/face.gsc (common_zombie): 0x3F881B3E
maps/_serverfaceanim.gsc (code_post_gfx): 0x3CDFF618
maps/_audio.gsc (code_post_gfx): 0x3230FA8D
maps/_zombiemode_utility_raven.gsc (zombie_temple): 0xD3B43B2B
maps/_music.gsc (code_post_gfx): 0xE749B82B
maps/_zombiemode_spawner.gsc (common_zombie_patch): 0x0A7C7E52
maps/_mg_penetration.gsc (code_post_gfx): 0xE2A0DEA0
maps/_mgturret.gsc (code_post_gfx): 0x0A4885D4
maps/_friendlyfire.gsc (code_post_gfx): 0x937F157B
animscripts/zombie_init.gsc (common_zombie_patch): 0x8128D4D7
maps/_patrol.gsc (code_post_gfx): 0x99FFD111
maps/_bulletcam.gsc (code_post_gfx): 0x75010804
maps/_chinook.gsc (code_post_gfx): 0xB6F826FE
maps/_spiderhole.gsc (code_post_gfx): 0xFBE1D59D
maps/_banzai.gsc (code_post_gfx): 0x85E1C575
maps/_laststand.gsc (common_zombie_patch): 0x7AE8C2CC
maps/zombie_temple_ffotd.gsc (zombie_temple_patch): 0x97FBB4AB
maps/_dds.gsc (code_post_gfx): 0x1B980DB0
maps/_colors.gsc (code_post_gfx): 0x350AB58E
maps/zombie_temple.gsc (raw): 0x892944F3
maps/_debug.gsc (code_post_gfx): 0x786F2026
animscripts/battlechatter_ai.gsc (common_zombie): 0x239687E6
animscripts/battlechatter.gsc (common_zombie): 0xEE336B8A
animscripts/squadmanager.gsc (common_zombie): 0x4349E38F
animscripts/walk.gsc (common_zombie): 0x7F118010
maps/_autosave.gsc (code_post_gfx): 0x425D611B
codescripts/character.gsc (code_post_gfx): 0xA68E0E1E
maps/_endmission.gsc (code_post_gfx): 0x6A88FF27
maps/_hud_message.gsc (common_zombie_patch): 0xB55C5BBB
maps/_cooplogic.gsc (code_post_gfx): 0xB4BEFA7A
maps/_cheat.gsc (code_post_gfx): 0x99E27A0C
maps/_vehicle_aianim.gsc (code_post_gfx): 0xB983EDC7
maps/_flareweapon.gsc (code_post_gfx): 0x06BF2226
maps/_zombiemode_score.gsc (common_zombie_patch): 0x74AF428B
maps/_vehicle.gsc (code_post_gfx): 0x66A3DE50
animscripts/zombie_run.gsc (common_zombie_patch): 0xEC8C62CC
maps/_vehicletypes.gsc (code_post_gfx): 0xA1250AB9
maps/_destructible.gsc (code_post_gfx): 0xA4624265
maps/_vehicledrive.gsc (code_post_gfx): 0x12DFC931
xmodelalias/c_viet_zombie_vc_g_larmoff_alias.gsc (zombie_temple): 0x1B48F939
aitype/zombie_monkey_stealer.gsc (zombie_temple): 0x9EB2D790
maps/_huey.gsc (code_post_gfx): 0x3F3E5D61
maps/_hind_player.gsc (code_post_gfx): 0x6B2EB687
character/c_zom_red_guy_zt.gsc (code_post_gfx): 0x825245E8
maps/_treadfx.gsc (code_post_gfx): 0xE517332C
maps/_zombiemode_bowie.gsc (common_zombie_patch): 0xA0E88C18
maps/_vehiclenames.gsc (code_post_gfx): 0xA6CF3FFC
maps/_t72.gsc (code_post_gfx): 0x85419342
maps/_tank_zsu23.gsc (code_post_gfx): 0xE4277F06
maps/_truck.gsc (code_post_gfx): 0x514144CA
maps/_boat_pbr.gsc (code_post_gfx): 0xD4BCF637
maps/_truck_gaz66.gsc (code_post_gfx): 0xF8DE73FF
maps/_truck_gaz63.gsc (code_post_gfx): 0x3C1AED74
maps/_uaz.gsc (code_post_gfx): 0x48F0F353
animscripts/zombie_utility.gsc (common_zombie): 0xCAD2ACD3
maps/_jeep.gsc (code_post_gfx): 0xD6EE26BC
maps/_cobra.gsc (code_post_gfx): 0x44657874
maps/_hip.gsc (code_post_gfx): 0x259CB555
maps/zombie_temple_sq_bttp.gsc (zombie_temple): 0x9048DC6D
maps/_mig17.gsc (code_post_gfx): 0xD9E7385C
maps/_plane_weapons.gsc (code_post_gfx): 0xC46D80A3
maps/_zpu_antiair.gsc (code_post_gfx): 0x11D0A76F
maps/_btr.gsc (code_post_gfx): 0x13D744AB
animscripts/traverse/zombie_jump_up_temple_pap.gsc (zombie_temple): 0x30C999E1
maps/_civ_vehicle.gsc (code_post_gfx): 0x3D90EE20
maps/_tiara.gsc (code_post_gfx): 0x105F21CC
maps/_policecar.gsc (code_post_gfx): 0xE568C610
maps/_zombiemode_spikemore.gsc (zombie_temple): 0xDE364323
maps/_snowcat.gsc (code_post_gfx): 0xEE646708
maps/_rcbomb.gsc (code_post_gfx): 0xDFD2D923
maps/_sampan.gsc (code_post_gfx): 0x4A2AD4D9
maps/_boat_nvapbr.gsc (code_post_gfx): 0x50E03CC6
maps/_motorcycle.gsc (code_post_gfx): 0x0C03B652
animscripts/revive.gsc (common_zombie): 0xEB6BB344
maps/_zombiemode_weapon_box.gsc (common_zombie): 0x7220A3D0
maps/_shellshock.gsc (code_post_gfx): 0x43C1105D
maps/_callbackglobal.gsc (common_zombie_patch): 0x7E105384
maps/_flashgrenades.gsc (code_post_gfx): 0xFB11E526
maps/_damagefeedback.gsc (code_post_gfx): 0x70333647
maps/_createmenu.gsc (code_post_gfx): 0x355318E5
maps/_spawn_manager.gsc (code_post_gfx): 0x4B2C983C
maps/_names.gsc (code_post_gfx): 0x53600D4D
animscripts/traverse/zombie_watervator_down_400.gsc (zombie_temple): 0xDC195E3D
animscripts/zombie_dog_flashed.gsc (common_zombie): 0xD7D89B85
maps/_meatshield.gsc (code_post_gfx): 0xABCDBF3B
maps/_swimming.gsc (code_post_gfx): 0x347E1B6A
maps/gametypes/zom.gsc (raw): 0x00000000
animscripts/zombie_setposemovement.gsc (common_zombie): 0x0B3C460D
animscripts/zombie_combat.gsc (common_zombie_patch): 0x0F5D56DE
animscripts/zombie_shared.gsc (common_zombie_patch): 0xAB0BA821
maps/_bayonet.gsc (code_post_gfx): 0xB9789691
animscripts/zombie_death.gsc (common_zombie_patch): 0x2AAC0EBC
animscripts/zombie_pain.gsc (common_zombie_patch): 0xE613FFCC
maps/_zombiemode_utility.gsc (common_zombie_patch): 0x68CF2C9F
maps/_zombiemode_server_throttle.gsc (common_zombie_patch): 0xAF60091F
animscripts/zombie_dog_stop.gsc (common_zombie): 0x43AF3539
maps/_zombiemode_weapons.gsc (raw): 0x6A2635ED
maps/_zombiemode_audio.gsc (common_zombie_patch): 0x5C77963A
maps/_busing.gsc (code_post_gfx): 0x6CDFFECC
maps/_zombiemode_weap_cymbal_monkey.gsc (common_zombie_patch): 0x06AA0365
maps/createfx/zombie_temple_fx.gsc (zombie_temple): 0x85C61603
maps/_zombiemode_powerups.gsc (common_zombie_patch): 0x13B1D5F9
maps/_zombiemode_net.gsc (common_zombie): 0xB9EEF66D
maps/zombie_temple_sq_lgs.gsc (zombie_temple): 0x44E70630
maps/_zombiemode_blockers.gsc (common_zombie_patch): 0xC6D15C62
maps/_zombiemode_perks.gsc (raw): 0xC315F20E
maps/_zombiemode.gsc (raw): 0xC7356D28
maps/_zombiemode_ffotd.gsc (common_zombie_patch): 0x71C74739
maps/_zombiemode_load.gsc (common_zombie_patch): 0x5184CFB8
xmodelalias/c_viet_zombie_vc_body_alias.gsc (zombie_temple): 0x9A8F810B
animscripts/traverse/zombie_shared.gsc (common_zombie_patch): 0x1BC2F132
maps/_gamemode.gsc (code_post_gfx): 0xF30DAE8E
maps/_art.gsc (code_post_gfx): 0xEA9FCD02
maps/zombie_temple_sq.gsc (zombie_temple_patch): 0xDD2F1E22
maps/_loadout.gsc (common_zombie_patch): 0x7B1B4803
scripts/sp/zom/counter_script.gsc (raw): 0xE863712D
mptype/player_t5_zt.gsc (code_post_gfx): 0x2B4A1882
maps/zombie_temple_sq_bttp2.gsc (zombie_temple): 0xDD1130D4
character/c_usa_sog2_zt.gsc (code_post_gfx): 0xA6ED1CAE
character/c_zom_blue_guy_zt.gsc (code_post_gfx): 0xE923B781
character/c_zom_yellow_guy_zt.gsc (code_post_gfx): 0x7728C4B2
mptype/player_t5_zm_pentagon.gsc (mod): 0x3685E431
character/c_usa_nixon_zt.gsc (mod): 0xF8C2AA6A
character/c_cub_castro_zt.gsc (mod): 0xF7561C64
character/c_usa_jfk_zt.gsc (mod): 0x1BADD30D
character/c_usa_mcnamara_zt.gsc (mod): 0x3204A4CD
animscripts/zombie_stop.gsc (common_zombie): 0x87DD0A71
mptype/player_t5_zm_theater.gsc (code_post_gfx): 0xE6F2C3FC
character/c_ger_richtofen_zt.gsc (code_post_gfx): 0x8B7D39CC
character/c_jap_takeo_zt.gsc (code_post_gfx): 0x7740A4BC
character/c_rus_nikolai_zt.gsc (code_post_gfx): 0x697B6220
character/c_usa_dempsey_zt.gsc (code_post_gfx): 0x97990EBB
mptype/player_t5_zm.gsc (code_post_gfx): 0x4FAE2B1D
character/c_usa_marine_michael_carter_player_zm.gsc (code_post_gfx): 0x6C6D42E9
character/c_viet_zombie_female_body.gsc (zombie_temple): 0x5D3E9C61
maps/_weaponobjects.gsc (common_zombie_patch): 0x47722B51
animscripts/traverse/zombie_water_slide_exit.gsc (zombie_temple): 0xA68AAF9C
maps/_ballistic_knife.gsc (common_zombie_patch): 0x9A1E17A4
maps/createart/zombie_temple_art.gsc (zombie_temple): 0x17440793
animscripts/zombie_dog_combat.gsc (common_zombie): 0x57F2E7D5
maps/_explosive_bolt.gsc (code_post_gfx): 0x7C2866C0
maps/_flamethrower_plight.gsc (code_post_gfx): 0x8A7E001A
maps/_detonategrenades.gsc (code_post_gfx): 0xC4CB2B7A
maps/_ingamemenus.gsc (code_post_gfx): 0x930C12DF
maps/_zombiemode_sidequests.gsc (common_zombie_patch): 0x2F5B2A92
maps/_global_fx.gsc (code_post_gfx): 0x5A84AFEB
maps/_minefields.gsc (code_post_gfx): 0x5014D0AF
aitype/zombie_sonic.gsc (zombie_temple): 0xCC03AB8F
maps/_hud.gsc (code_post_gfx): 0xA3CE8FF6
maps/_zombiemode_ai_sonic.gsc (zombie_temple): 0x6BB022C0
maps/_animatedmodels.gsc (code_post_gfx): 0x8F704272
scripts/sp/zom/zm_spawn_fix.gsc (raw): 0x59197F8C
maps/_zombiemode_claymore.gsc (common_zombie_patch): 0xFD87BC41
animscripts/zombie_dog_move.gsc (common_zombie): 0x6B389D77
maps/_zombiemode_equipment.gsc (common_zombie_patch): 0xB08B569B
maps/_zombiemode_user.gsc (common_zombie): 0x23C6F65D
xmodelalias/c_viet_zombie_nva1_head_alias.gsc (zombie_temple): 0xF864F021
maps/_zombiemode_weap_freezegun.gsc (raw): 0xFD2C9CB0
maps/_zombiemode_weap_tesla.gsc (common_zombie_patch): 0xD9A7C7DB
maps/_zombiemode_weap_thundergun.gsc (common_zombie_patch): 0x56130519
maps/_zombiemode_weap_crossbow.gsc (common_zombie_patch): 0x5BF854DC
maps/_zombiemode_ai_dogs.gsc (common_zombie_patch): 0xC3548F60
animscripts/zombie_dog_init.gsc (common_zombie): 0x0D2267C6
animscripts/zombie_scripted.gsc (common_zombie): 0xCD3A4BE1
animscripts/zombie_dog_death.gsc (common_zombie_patch): 0xFA32CD57
animscripts/zombie_dog_pain.gsc (common_zombie): 0x77F4DC06
maps/zombie_temple_magic_box.gsc (zombie_temple): 0xB5464CA2
animscripts/zombie_dog_scripted.gsc (common_zombie): 0x7999C029
animscripts/zombie_dog_turn.gsc (common_zombie): 0xC5850C78
aitype/zombie_viet.gsc (zombie_temple): 0xC057AB67
maps/zombie_temple_elevators.gsc (zombie_temple_patch): 0x2DAE7C7E
maps/zombie_temple_pack_a_punch.gsc (zombie_temple_patch): 0x57385EBE
maps/zombie_temple_sq_dgcwf.gsc (zombie_temple): 0x25716AC7
maps/zombie_temple_traps.gsc (zombie_temple): 0xAA4159EC
maps/zombie_temple_power.gsc (zombie_temple): 0xB9AA22EF
maps/zombie_temple_spawning.gsc (zombie_temple_patch): 0x02E6A55F
maps/_zombiemode_ai_faller.gsc (zombie_temple): 0xDD9DE541
maps/_zombiemode_ai_monkey.gsc (zombie_temple): 0xD94C1835
maps/_zombiemode_weap_black_hole_bomb.gsc (raw): 0x88594D32
maps/zombie_temple_waterslide.gsc (zombie_temple): 0xF0B0A892
maps/_zombiemode_weap_shrink_ray.gsc (zombie_temple): 0x146BC8AF
maps/zombie_temple_fx.gsc (zombie_temple): 0x186A1D72
maps/zombie_temple_amb.gsc (zombie_temple): 0x09374644
maps/_ambientpackage.gsc (code_post_gfx): 0x00000000
maps/zombie_temple_sq_skits.gsc (zombie_temple): 0x4F1A3F06
maps/_zombiemode_ai_napalm.gsc (zombie_temple): 0xA58F75E8
maps/_sticky_grenade.gsc (zombie_temple): 0xDB26F28B
maps/zombie_temple_achievement.gsc (zombie_temple): 0xDB0C1992
maps/zombie_temple_minecart.gsc (zombie_temple): 0xB0751926
maps/zombie_temple_triggers.gsc (zombie_temple): 0x10CAE9E0
maps/zombie_temple_debug.gsc (zombie_temple): 0xF30A3EC7
maps/zombie_temple_sq_oafc.gsc (zombie_temple): 0x0F3464EB
maps/zombie_temple_sq_ptt.gsc (zombie_temple_patch): 0x01732EF2
character/c_zom_monkey_stealer.gsc (zombie_temple): 0x9F7DB056
maps/zombie_temple_sq_std.gsc (zombie_temple): 0xD06346FC
maps/zombie_temple_sq_bag.gsc (zombie_temple): 0xDA60DC11
aitype/zombie_napalm.gsc (zombie_temple): 0xCE410B29
character/c_viet_zombie_napalm_body.gsc (zombie_temple): 0x94B2236F
character/c_viet_zombie_sonic.gsc (zombie_temple): 0xE47A79E9
animscripts/traverse/zombie_watervator_down_400_alt.gsc (zombie_temple): 0x86A44235
animscripts/traverse/zombie_watervator_400_alt.gsc (zombie_temple): 0x16C6EED5
animscripts/traverse/zombie_jump_down_90_temple.gsc (zombie_temple): 0xEDF7845C
animscripts/traverse/zombie_jump_up_waterfall_barrier.gsc (zombie_temple): 0x866E363F
character/c_viet_zombie_nva1.gsc (zombie_temple): 0xB9702C19
animscripts/traverse/zombie_jump_down_mine_cart.gsc (zombie_temple): 0xD54EFC55
xmodelalias/c_viet_zombie_vc_g_legsoff_alias.gsc (zombie_temple): 0x78101FB2
animscripts/traverse/zombie_jump_up_mine_cart.gsc (zombie_temple): 0x04E68853
character/c_viet_zombie_vc.gsc (zombie_temple): 0x78C9D9FF
xmodelalias/c_viet_zombie_vc_g_rarmoff_alias.gsc (zombie_temple): 0xF7494E29
xmodelalias/c_viet_zombie_vc_g_rlegoff_alias.gsc (zombie_temple): 0x7095AB63
xmodelalias/c_viet_zombie_vc_g_llegoff_alias.gsc (zombie_temple): 0x9C941C73
character/c_viet_zombie_nva1_alt.gsc (zombie_temple): 0x8FE569D8
character/c_viet_zombie_female_body_alt.gsc (zombie_temple): 0x050AA0E4
animscripts/traverse/zombie_jump_down_temple_pap.gsc (zombie_temple): 0xEDF7845C
animscripts/traverse/zombie_watervator_400.gsc (zombie_temple): 0x734798AA
animscripts/traverse/zombie_mantle_over_40.gsc (zombie_temple): 0x5D73E5F8
scripts/sp/zm_random_char.gsc (raw): 0x9A88F2D1
scripts/sp/zm_spawn_fix.gsc (raw): 0x410B3C14
en_code_pre_gfx: 0xB31D0601
code_pre_gfx: 0xA46550FC
en_code_post_gfx: 0xC97D3619
code_post_gfx: 0x90FE8DC1
en_patch: 0xC2D28BEB
patch: 0xA45F9D9F
en_plutonium_ui: 0xEFCE0FA2
plutonium_ui: 0xF02CE2D6
mod: 0x9B0975DA
mod1: 0xCE3FD0C0
common_zombie_patch: 0xF1C235FF
en_common_zombie: 0x4DCF9D99
common_zombie: 0x557EBB4C
zombie_temple_patch: 0x52BD4E74
en_zombie_temple: 0x2DC96563
zombie_temple: 0x6EF4D15B
pluto r5346: 0x5A9B8D5E
t5sp dedi: 0x64067F72
identifier: 1789832509-0cfc-4fdd-942d4b8c-dff9-4539-913d-b56eb8d6faa0-5346-0-1789829934-11
checksum0: 0x70D44911
checksum1: 0x000BB06A
checksum2: 0x000BB06A
=============================== DVAR DUMP ========================================
      aa_ads_damage_dealt "149370"
      aa_enemy_damage_taken "1363811"
      aa_enemy_deaths "334"
      aa_player_damage_dealt "214305"
      aa_player_kills "273"
      acousticSpikeMaxRange "200"
      acousticSpikeMinRadius "0.0001"
      acousticSpikeMinRange "0"
      acousticSpikeRingSize "20"
      acousticSpikeSize "10"
      actionSlotsHide "0"
      ai_accu_player_lateral_speed "250"
      ai_accuracyDistScale "1"
      ai_alternateSightLatency "0"
      ai_angularYawAccelRate "1200"
      ai_angularYawDecelFactor "1"
      ai_angularYawEnabled "0"
      ai_badPathSpam "0"
      ai_corpseCount "5"
      ai_coverFlankCheckRad "6"
      ai_coverFlankDistToCover "180"
      ai_coverFlankMaxAngle "70"
      ai_coverScore_coverType "2"
      ai_coverScore_distance "16"
      ai_coverScore_engagement "4"
      ai_coverScore_flanking "0"
      ai_coverScore_nodeAngle "4"
      ai_coverScore_playerLos "8"
      ai_coverScore_priority "8"
      ai_coverScore_targetDir "4"
      ai_coverScore_visibility "8"
      ai_debugAccuracy "0"
      ai_debugAnimDeltas "0"
      ai_debugAnimscript "0"
      ai_debugClaimedNodes "0"
      ai_debugCodeState "0"
      ai_debugCoverArrivals "0"
      ai_debugCoverArrivalsTool "0"
      ai_debugCoverArrivalsToolRadius "256"
      ai_debugCoverArrivalsToolShowNodes "0"
      ai_debugCoverArrivalsToolType "0"
      ai_debugCoverEntityNum "-1"
      ai_debugCoverSelection "0"
      ai_debugCoverTool "0"
      ai_debugCoverToolUpdatePos "1"
      ai_debugEntIndex "-1"
      ai_debugFindPath "0"
      ai_debugFindPathDirect "0"
      ai_debugFindPathLock "0"
      ai_debugFindPathWidth "0"
      ai_debugGrenadeFailSafe "0"
      ai_debugGrenadeHintArc "150"
      ai_debugMayMove "0"
      ai_debugMelee "0"
      ai_debugMeleeAttackSpots "0"
      ai_debugPlayerLOS "0"
      ai_debugThreatSelection "0"
      ai_disableSpawn "0"
      ai_enableBadPlaces "1"
      ai_eventDistBadPlace "256"
      ai_eventDistBullet "96"
      ai_eventDistBulletRunning "200"
      ai_eventDistDeath "1024"
      ai_eventDistExplosion "1024"
      ai_eventDistFootstep "512"
      ai_eventDistFootstepLite "256"
      ai_eventDistGrenadePing "512"
      ai_eventDistGunShot "2048"
      ai_eventDistNewEnemy "1024"
      ai_eventDistPain "512"
      ai_eventDistProjImpact "256"
      ai_eventDistProjPing "128"
      ai_eventDistReact "512"
      ai_eventDistSilencedShot "128"
      ai_exposedSet2Probability "70"
      ai_foliageSeeThroughDist "128"
      ai_friendlyFireBlockDuration "2000"
      ai_friendlySuppression "1"
      ai_friendlySuppressionDist "128"
      ai_maxAttackerCount "2"
      ai_meleeDamage "100"
      ai_meleeHeight "10"
      ai_meleeRange "64"
      ai_meleeWidth "20"
      ai_moveOrientMode "invalid"
      ai_noDodge "0"
      ai_noPathToEnemyGiveupTime "6000"
      ai_pathMomentum "0.78"
      ai_pathNegotiationOverlapCost "300"
      ai_playerADS_LOSRange "150"
      ai_playerADSTargetTime "10000"
      ai_playerFarAccuracy "0.1"
      ai_playerFarRange "2000"
      ai_playerLOSHalfWidth "15"
      ai_playerLOSMinTime "1500"
      ai_playerLOSRange "150"
      ai_playerNearAccuracy "0.5"
      ai_playerNearRange "800"
      ai_reactFeature "1"
      ai_runAnimUpdateFrequency "0.05"
      ai_showBadPlaces "0"
      ai_ShowCanSeeChecks "0"
      ai_ShowCanshootChecks "0"
      ai_showClaimedNode "0"
      ai_showCount "0"
      ai_showCoverScore "0"
      ai_showDodge "0"
      ai_showFriendlyChains "0"
      ai_showNearestNode "0"
      ai_showNodes "0"
      ai_showNodesDist "384"
      ai_showPaths "0"
      ai_showPotentialThreatDir "0"
      ai_showRegion "0"
      ai_showSuppression "-1"
      ai_showVisData "0"
      ai_showVisDataDist "1000"
      ai_showVolume "-1"
      ai_slowdownMaxYawDiff "90"
      ai_slowdownMinRate "1"
      ai_slowdownMinYawDiff "0"
      ai_slowdownRateBlendFactor "1"
      ai_threatUpdateInterval "500"
      ai_turnAnimAngleThreshold "50"
      ai_turnRate "220"
      ai_useBetterLookahead "1"
      ai_useCheapSight "0"
      ai_useFacingTranslation "0"
      ai_useLeanRunAnimations "1"
      ai_useServerAnims "0"
      ai_useServerAnimsEntity "-1"
      ai_water_trails "0"
      aim_automelee_lunge_only_forward "0"
      all_players_are_connected "1"
      allow_zombies_german "0"
      allowHost_matchesHostedRatio "0"
      allowHost_matchesHostedStreak "0"
      allowHost_matchesPlayedRatio "0"
      allowHost_matchesPlayedStreak "0"
      ammoCounterHide "0"
      angles "0"
      anim_disableWeaponSway "0"
      animated_trees_enabled "0"
      arcademode "0"
      arcademode_bonus_hardest2kill "1200"
      arcademode_bonus_mostheadshots "800"
      arcademode_bonus_mostrevives "1000"
      arcademode_ks_10 "3"
      arcademode_ks_2 "3"
      arcademode_ks_3 "3"
      arcademode_ks_4 "3"
      arcademode_ks_5 "3"
      arcademode_ks_6 "4"
      arcademode_ks_7 "4"
      arcademode_ks_8 "4"
      arcademode_ks_9 "3"
      arcademode_ks_maxtime "25"
      arcademode_ks_time_10 "20"
      arcademode_ks_time_2 "15"
      arcademode_ks_time_3 "15"
      arcademode_ks_time_4 "15"
      arcademode_ks_time_5 "20"
      arcademode_ks_time_6 "20"
      arcademode_ks_time_7 "20"
      arcademode_ks_time_8 "20"
      arcademode_ks_time_9 "20"
      arcademode_minimumAllowedPoints "-2000"
      arcademode_minimumAllowedSuicides "5"
      arcademode_minimumAllowedWarning "-1000"
      arcademode_score_assist "20"
      arcademode_score_banzai "150"
      arcademode_score_berserker "20"
      arcademode_score_body_armor "20"
      arcademode_score_bombplant "200"
      arcademode_score_dead_hands "20"
      arcademode_score_dirtyharry "10"
      arcademode_score_dog "90"
      arcademode_score_enemyexitingcar "80"
      arcademode_score_explodableitem "30"
      arcademode_score_explosion "10"
      arcademode_score_flak_jacket "10"
      arcademode_score_hard_headed "20"
      arcademode_score_hardcore "10"
      arcademode_score_headshot "60"
      arcademode_score_kill "50"
      arcademode_score_laststand "-110"
      arcademode_score_lowerbody "0"
      arcademode_score_melee "70"
      arcademode_score_morphine "10"
      arcademode_score_revive "100"
      arcademode_score_sticksstones "20"
      arcademode_score_suicide "-500"
      arcademode_score_tank "500"
      arcademode_score_tank_friendly "-50"
      arcademode_score_tankassist "100"
      arcademode_score_thunder "10"
      arcademode_score_treehugger "100"
      arcademode_score_upperbody "20"
      arcademode_score_vampire "10"
      arcademode_score_vehicle "30"
      arcademode_score_watertower "150"
      arcademode_score_zombie "10"
      autodifficulty_frac "75"
      autodifficulty_original_setting "1"
      autodifficulty_playerDeathTimer "0"
      band_12players "384000"
      band_18players "580000"
      band_2players "64000"
      band_4players "128000"
      band_6players "192000"
      band_8players "256000"
      band_demosystem "64000"
      bandwidth_retry_interval "180000"
      bg_ads "1"
      bg_aimSpreadMoveSpeedThreshold "11"
      bg_aqs "0"
      bg_aqsStyle "2"
      bg_blendTimeOverride "-1"
      bg_bobMax "8"
      bg_collectibles "0000000000000000000000000000000000000000000000000"
      bg_disableWeaponPlantingInWater "1"
      bg_drawGrenadeInHand "0"
      bg_fallDamageMaxHeight "350"
      bg_fallDamageMinHeight "128"
      bg_fixFramerateDependentPhysics "0"
      bg_foliagesnd_fastinterval "500"
      bg_foliagesnd_maxspeed "180"
      bg_foliagesnd_minspeed "40"
      bg_foliagesnd_resetinterval "500"
      bg_foliagesnd_slowinterval "1500"
      bg_forceDurationOverride "-1"
      bg_forceExplosiveBullets "0"
      bg_freeCamClipToHeliPatch "1"
      bg_gravity "800"
      bg_gunXOffset "0"
      bg_ladder_yawcap "100"
      bg_leanAmount "20"
      bg_legYawCrouchTolerance "40"
      bg_legYawProneTolerance "20"
      bg_legYawTolerance "40"
      bg_lowGravity "400"
      bg_maxGrenadeIndicatorSpeed "100"
      bg_maxWeaponAnimScale "0.66"
      bg_moonGravity "136"
      bg_plantInWaterDepth "5"
      bg_playStandToCrouchAnims "0"
      bg_prone_yawcap "85"
      bg_proneSwingSpeed "0.08"
      bg_shock_animation "0"
      bg_shock_lookControl "1"
      bg_shock_lookControl_fadeTime "2"
      bg_shock_lookControl_maxpitchspeed "90"
      bg_shock_lookControl_maxyawspeed "90"
      bg_shock_lookControl_mousesensitivityscale "0.5"
      bg_shock_movement "1"
      bg_shock_screenBlurBlendFadeTime "1"
      bg_shock_screenBlurBlendTime "0.4"
      bg_shock_screenFlashShotFadeTime "0"
      bg_shock_screenFlashWhiteFadeTime "0"
      bg_shock_screenType "blurred"
      bg_shock_sound "1"
      bg_shock_soundDryLevel "1"
      bg_shock_soundEnd "shellshock_end"
      bg_shock_soundEndAbort "shellshock_end_abort"
      bg_shock_soundFadeInTime "0.25"
      bg_shock_soundFadeOutTime "2.5"
      bg_shock_soundLoop "shellshock_loop"
      bg_shock_soundLoopEndDelay "-3"
      bg_shock_soundLoopFadeTime "1.5"
      bg_shock_soundLoopSilent "shellshock_loop_silent"
      bg_shock_soundModEndDelay "2"
      bg_shock_soundRoomType "default"
      bg_shock_soundSnapshot "default"
      bg_shock_soundWetLevel "0.5"
      bg_shock_viewKickFadeTime "3"
      bg_shock_viewKickPeriod "0.75"
      bg_shock_viewKickRadius "0.05"
      bg_shock_visionset_inTime "0"
      bg_shock_visionset_name ""
      bg_shock_visionset_outTime "0"
      bg_slopeFrames "10"
      bg_swingSpeed "0.15"
      bg_viewBobAmplitudeBase "0.16"
      bg_viewBobAmplitudeDtp "0.002 0.002"
      bg_viewBobAmplitudeDucked "0.0075 0.0075"
      bg_viewBobAmplitudeDuckedAds "0.0075 0.0075"
      bg_viewBobAmplitudeProne "0.08 0.04"
      bg_viewBobAmplitudeRoll "1.5"
      bg_viewBobAmplitudeSprinting "0.02 0.014"
      bg_viewBobAmplitudeStanding "0.007 0.007"
      bg_viewBobAmplitudeStandingAds "0.007 0.007"
      bg_viewBobAmplitudeSwimming "3 2"
      bg_viewKickMax "90"
      bg_viewKickMin "0.5"
      bg_viewKickRandom "0.4"
      bg_viewKickScale "0.2"
      bg_vsmode_hud "0"
      bg_weaponBobAmplitudeBase "0.16"
      bg_weaponBobAmplitudeDtp "0.002 0.002"
      bg_weaponBobAmplitudeDucked "0.045 0.025"
      bg_weaponBobAmplitudeProne "0.02 0.005"
      bg_weaponBobAmplitudeRoll "1.5"
      bg_weaponBobAmplitudeSprinting "0.02 0.014"
      bg_weaponBobAmplitudeStanding "0.055 0.025"
      bg_weaponBobAmplitudeSwimming "4 4"
      bg_weaponBobFrequencySwimming "0.1"
      bg_weaponBobHeavyWeaponScalar "1.5"
      bg_weaponBobLag "0.25"
      bg_weaponBobMax "8"
      bg_weaponForcedLowMaxAngles "0 0 0"
      bg_weaponForcedLowMaxAnglesPistolsOffset "0 0 0"
      bg_weaponForcedLowOffset "3 -2 -2"
      bg_weaponForcedLowPistolsOffset "3 -2 -2"
      bg_weaponleftbone "tag_weapon_left"
      bg_weaponrightbone "tag_weapon_right"
      blackopsmode "0"
      blurpain "on"
      bullet_multikill_shots "2"
      bullet_penetration_affected_by_team "1"
      bullet_penetrationEnabled "1"
      bullet_penetrationMinFxDist "30"
      bulletrange "8192"
      category "0"
      categoryPlaylist "0"
      cg_actorBurnTransitionTime "3.5"
      cg_adsZoomToggleStyle "1"
      cg_adsZScaleMax "1.25"
      cg_aggressiveCullRadius "0"
      cg_aimAssistEnabled "1"
      cg_allow_mature "1"
      cg_allowActorLookAtEntity "1"
      cg_animdumpEnt "-1"
      cg_animInfoCornerOffset "0 0"
      cg_blood "1"
      cg_bloodLimit "0"
      cg_bloodLimitMsec "330"
      cg_bobWeaponAmplitude "0.16"
      cg_bobWeaponLag "0.25"
      cg_bobWeaponMax "10"
      cg_bobWeaponRollAmplitude "1.5"
      cg_brass "1"
      cg_bulletlength "80"
      cg_bulletwidth "2"
      cg_cameraUseTagCamera "1"
      cg_cameraVehicleExitTweenTime "0.4"
      cg_cameraWaterClip "4.5"
      cg_centertime "5"
      cg_chatHeight "5"
      cg_chatTime "12000"
      cg_cinematicFullscreen "1"
      cg_connectionIconSize "0"
      cg_constantSizeHeadIcons "0"
      cg_corpseHighlightFadeTime "2"
      cg_crosshairAlpha "1"
      cg_crosshairAlphaMin "0.5"
      cg_crosshairDynamic "0"
      cg_crosshairEnemyColor "1"
      cg_cursorHints "4"
      cg_deathScreenFadeInTime "2"
      cg_deathScreenFadeOutTime "0.5"
      cg_debug_overlay_viewport "0"
      cg_debug_triggers "0"
      cg_debugAnimData "0"
      cg_debugAnimSetup "0"
      cg_debugDrawEllipses "0"
      cg_debugDrawSafeAreas "0"
      cg_debugEllipsesOffset "90"
      cg_debugevents "0"
      cg_debugInfoCornerOffset "0 16"
      cg_debugMounting "0"
      cg_debugposition "0"
      cg_defaultFadeScreenColor "0 0 0 1"
      cg_defensive_anim_delay "1"
      cg_descriptiveText "1"
      cg_development "0"
      cg_dissolveTransitionTime "0.625"
      cg_dof_useDefaultForVehicle "1"
      cg_draw2D "1"
      cg_drawAnimInfo "0"
      cg_drawBreathHint "1"
      cg_drawChecksums "0"
      cg_drawCrosshair "1"
      cg_drawCrosshair3D "1"
      cg_drawCrosshairNames "1"
      cg_drawCrosshairNamesPosX "300"
      cg_drawCrosshairNamesPosY "180"
      cg_drawDisconnect "1"
      cg_drawEntityUsage "0"
      cg_drawEventUsage "0"
      cg_drawFPS "Off"
      cg_drawFPSLabels "1"
      cg_drawFPSScale "0"
      cg_drawFriendlyFireCrosshair "0"
      cg_drawFriendlyNames "1"
      cg_drawGun "1"
      cg_drawHealth "0"
      cg_drawHUD "1"
      cg_drawIdentifier "0"
      cg_drawLagometer "0"
      cg_drawMantleHint "1"
      cg_drawMaterial "Off"
      cg_drawMemUsage "0"
      cg_drawModelAxis "-1"
      cg_drawOverheadNames "1"
      cg_drawpaused "1"
      cg_drawPerformanceWarnings "1"
      cg_drawReset "0"
      cg_drawScriptUsage "0"
      cg_drawShellshock "1"
      cg_drawSnapshot "0"
      cg_drawSnapshotTime "1"
      cg_drawSpectatorMessages "0"
      cg_drawStringUsage "0"
      cg_drawThroughWalls "0"
      cg_drawTurretCrosshair "1"
      cg_drawVelocity "0"
      cg_drawVersion "0"
      cg_drawVersionX "50"
      cg_drawVersionY "18"
      cg_drawViewAngles "0"
      cg_drawWeaponHeatVertical "0"
      cg_drawZmOverheadRank "0"
      cg_drawZombieTotal "0"
      cg_dumpAnims "-1"
      cg_enemyNameFadeIn "250"
      cg_enemyNameFadeOut "250"
      cg_errordecay "100"
      cg_fakefireWizbyChance "0.2"
      cg_firstPersonTracerChance "0"
      cg_flareVisionSetFadeDuration "2000"
      cg_flashScriptHashes "0"
      cg_footprints "1"
      cg_footprintsDebug "0"
      cg_footprintsDistortWater "0"
      cg_footsteps "1"
      cg_forceSniperBobHack "0"
      cg_fov "65"
      cg_fov_default "65"
      cg_fov_default_thirdperson "40"
      cg_fovCompMax "85"
      cg_fovExtraCam "65"
      cg_fovMin "10"
      cg_fovScale "1"
      cg_friendlyNameFadeIn "0"
      cg_friendlyNameFadeOut "1500"
      cg_fuelHudVersion "1"
      cg_gameBoldMessageWidth "390"
      cg_gameMessageWidth "455"
      cg_GuidedMissileHighlightTargetSize "750"
      cg_gun_fovcomp_x "-2"
      cg_gun_fovcomp_y "0"
      cg_gun_fovcomp_z "0"
      cg_gun_move_f "0"
      cg_gun_move_minspeed "0"
      cg_gun_move_r "0"
      cg_gun_move_rate "0"
      cg_gun_move_u "0"
      cg_gun_ofs_f "0"
      cg_gun_ofs_r "0"
      cg_gun_ofs_u "0"
      cg_gun_rot_minspeed "0"
      cg_gun_rot_p "0"
      cg_gun_rot_r "0"
      cg_gun_rot_rate "0"
      cg_gun_rot_y "0"
      cg_gun_x "0"
      cg_gun_y "0"
      cg_gun_z "0"
      cg_headIconMinScreenRadius "0.02"
      cg_hideWeaponHeat "0"
      cg_hintFadeTime "100"
      cg_hudBottomSemimajor "300"
      cg_hudBottomSemiminor "150"
      cg_hudChatPosition "5 200"
      cg_hudDamageIconHeight "64"
      cg_hudDamageIconInScope "0"
      cg_hudDamageIconOffset "128"
      cg_hudDamageIconTime "2000"
      cg_hudDamageIconWidth "128"
      cg_hudFriendlyIndicatorHeight "24"
      cg_hudFriendlyIndicatorWidth "24"
      cg_hudGrenadeIconEnabledFlash "0"
      cg_hudGrenadeIconHeight "25"
      cg_hudGrenadeIconInScope "1"
      cg_hudGrenadeIconMaxHeight "104"
      cg_hudGrenadeIconMaxRangeFlash "500"
      cg_hudGrenadeIconMaxRangeFrag "250"
      cg_hudGrenadeIconOffset "50"
      cg_hudGrenadeIconShowFriendly "1"
      cg_hudGrenadeIconWidth "25"
      cg_hudGrenadeIndicatorFadeUp "1"
      cg_hudGrenadeIndicatorStartColor "1 1 1 1"
      cg_hudGrenadeIndicatorTargetColor "1 1 1 1"
      cg_hudGrenadePointerHeight "12"
      cg_hudGrenadePointerPivot "12 27"
      cg_hudGrenadePointerPulseFreq "1.7"
      cg_hudGrenadePointerPulseMax "1.85"
      cg_hudGrenadePointerPulseMin "0.3"
      cg_hudGrenadePointerWidth "25"
      cg_hudMapBorderWidth "2"
      cg_hudMapFriendlyHeight "15"
      cg_hudMapFriendlyWidth "15"
      cg_hudMapPlayerHeight "20"
      cg_hudMapPlayerWidth "20"
      cg_hudMapRadarLineThickness "0.15"
      cg_hudProneY "-160"
      cg_hudSayPosition "5 180"
      cg_hudStanceFlash "1 1 1 1"
      cg_hudStanceHintPrints "0"
      cg_hudTopSemimajor "400"
      cg_hudTopSemiminor "220"
      cg_infraredBlurTime "250"
      cg_infraredHighlightOffset "0.5"
      cg_infraredHighlightScale "200"
      cg_invalidCmdHintBlinkInterval "600"
      cg_invalidCmdHintDuration "1800"
      cg_laserEndOffset "0.5"
      cg_laserFlarePct "0.2"
      cg_laserForceOn "0"
      cg_laserLight "1"
      cg_laserLightBeginOffset "13"
      cg_laserLightBodyTweak "15"
      cg_laserLightEndOffset "-3"
      cg_laserLightRadius "3"
      cg_laserRadius "0.8"
      cg_laserRange "1500"
      cg_laserRangePlayer "1500"
      cg_mapLocationSelectionCursorSpeed "0.6"
      cg_mapLocationSelectionRotationSpeed "3"
      cg_marks_ents_player_only "0"
      cg_marqueeTimeScale "30"
      cg_mature "1"
      cg_MaxDownedPulseRate "2"
      cg_MinDownedPulseRate "0.5"
      cg_motionblur_duration "2500"
      cg_motionblur_fadeout "500"
      cg_nopredict "0"
      cg_objectiveIndicatorColor "1 0.94 0 1"
      cg_objectiveIndicatorFarDist "512"
      cg_objectiveIndicatorFarFadeDist "8192"
      cg_objectiveIndicatorFarScale "0.5"
      cg_objectiveIndicatorNearDist "256"
      cg_objectiveIndicatorNearFadeDist "256"
      cg_objectiveIndicatorSize "0.8"
      cg_objectiveListWrapCountStandard "600"
      cg_objectiveListWrapCountWidescreen "530"
      cg_overheadIconSize "0.9"
      cg_overheadNamesFarDist "512"
      cg_overheadNamesFarScale "0.7"
      cg_overheadNamesFont "2"
      cg_overheadNamesGlow "0 0 0 1"
      cg_overheadNamesMaxDist "10000"
      cg_overheadNamesNearDist "64"
      cg_overheadNamesSize "0.8"
      cg_overheadRankSize "0.7"
      cg_playerFrustumHalfHeight "36"
      cg_playersInViewMinDot "0.98"
      cg_playerState "0"
      cg_predictItems "1"
      cg_readTitleStorageLocally "0"
      cg_scoreboardBannerHeight "35"
      cg_scoreboardFont "3"
      cg_scoreboardForceArcade "0"
      cg_scoreboardHeaderFontScale "0.315"
      cg_scoreboardHeight "330"
      cg_scoreboardItemHeight "18"
      cg_scoreboardMyColor "1 0.8 0.4 1"
      cg_scoreboardPingGraph "0"
      cg_scoreboardPingHeight "0.7"
      cg_scoreboardPingText "1"
      cg_scoreboardPingWidth "0.036"
      cg_scoreboardRankFontScale "0.26"
      cg_scoreboardScrollStep "3"
      cg_scoreboardSplitscreenWidth "700"
      cg_scoreboardTextOffset "0.62"
      cg_scoreboardWidth "500"
      cg_ScoresColor_Gamertag_0 "1 1 1 0"
      cg_ScoresColor_Gamertag_1 "0.486275 0.811765 0.933333 0"
      cg_ScoresColor_Gamertag_2 "0.964706 0.792157 0.313726 0"
      cg_ScoresColor_Gamertag_3 "0.513726 0.92549 0.533333 0"
      cg_ScoresColor_Player "0.760784 0.780392 0.101961 1"
      cg_ScoresColor_Player_0 "0.0235294 0.168627 0.203922 0"
      cg_ScoresColor_Player_1 "0.447059 0.380392 0.2 0"
      cg_ScoresColor_Player_2 "0.0235294 0.172549 0.113725 0"
      cg_ScoresColor_Player_3 "0.196078 0.0588235 0.0470588 0"
      cg_ScoresColor_Transparency "0.35"
      cg_ScoresColor_TransparencyZombie "0.8"
      cg_ScoresColor_Zombie "0.423529 0.00392157 0 0"
      cg_ScoresPing_BgColor "0.25098 0.25098 0.25098 0.501961"
      cg_ScoresPing_HighColor "0.8 0 0 1"
      cg_ScoresPing_Interval "100"
      cg_ScoresPing_LowColor "0 0.74902 0 1"
      cg_ScoresPing_MaxBars "4"
      cg_ScoresPing_MedColor "0.8 0.8 0 1"
      cg_scriptIconSize "0"
      cg_showmiss "0"
      cg_showZombieControls "0"
      cg_showZombieMap "1"
      cg_small_dev_string_fontscale "1"
      cg_spectateThirdPerson "0"
      cg_subtitleMinTime "3"
      cg_subtitles "0"
      cg_subtitleWidthStandard "360"
      cg_subtitleWidthWidescreen "520"
      cg_teamChatsOnly "0"
      cg_thirdPerson "0"
      cg_thirdPersonAngle "0"
      cg_thirdPersonFocusDist "512"
      cg_thirdPersonMode "Fixed"
      cg_thirdPersonRange "120"
      cg_timedDamageDuration "500"
      cg_tracerchance "0.2"
      cg_tracerlength "100"
      cg_tracerNoDrawTime "0"
      cg_tracerScale "1"
      cg_tracerScaleDistRange "25000"
      cg_tracerScaleMinDist "5000"
      cg_tracerScrewDist "100"
      cg_tracerScrewRadius "0.15"
      cg_tracerSpeed "7500"
      cg_tracerwidth "3"
      cg_treadmarks "0"
      cg_ufo_scaler "6"
      cg_useWeaponBasedVariableZoom "0"
      cg_useWeaponSwitchReloadCancel "1"
      cg_usingClientScripts "1"
      cg_viewVehicleInfluenceGunner "1 1 1"
      cg_viewVehicleInfluenceGunnerFiring "0 0 0"
      cg_viewZSmoothingMax "16"
      cg_viewZSmoothingMin "1"
      cg_viewZSmoothingTime "0.1"
      cg_visionSetLerpMaxDecreasePerFrame "0.01"
      cg_visionSetLerpMaxIncreasePerFrame "0.02"
      cg_voiceIconSize "0"
      cg_watersheeting "1"
      cg_waterTrailRipple "1"
      cg_waterTrailRippleFrequency "600"
      cg_waterTrailRippleVariance "500"
      cg_weaponCycleDelay "0"
      cg_weaponHintsCoD1Style "1"
      cg_youInKillCamSize "6"
      cl_allowDownload "1"
      cl_analog_attack_threshold "0.8"
      cl_anglespeedkey "1.5"
      cl_autodemorecord "0"
      cl_avidemo "0"
      cl_bypassMouseInput "0"
      cl_connectionAttempts "100"
      cl_connectTimeout "200"
      cl_dblTapMaxDelayTime "500"
      cl_dblTapMaxHoldTime "500"
      cl_demoFFSpeed "0"
      cl_demoLiveStreaming "0"
      cl_demoSkipToTime "0"
      cl_dtpHoldTime "200"
      cl_enableStreamerMode "0"
      cl_fix_25day_blackscreen "1"
      cl_forceavidemo "0"
      cl_freelook "1"
      cl_freemoveScale "0.25"
      cl_freezeDemo "0"
      cl_hudDrawsBehindUI "1"
      cl_ingame "0"
      cl_inputTimeScaleFrac "0"
      cl_jumpDemoTime "0"
      cl_maxpackets "30"
      cl_maxPing "800"
      cl_motdString ""
      cl_mouseAccel "0"
      cl_network_warning "0"
      cl_nodelta "0"
      cl_noprint "0"
      cl_packetdup "1"
      cl_paused "0"
      cl_pauseDemo "0"
      cl_pitchspeed "140"
      cl_preventTvGuidedSpin "1"
      cl_punkbuster "0"
      cl_scoreDraw "1"
      cl_serverStatusResendTime "750"
      cl_showmouserate "0"
      cl_shownet "0"
      cl_shownuments "0"
      cl_showSend "0"
      cl_showServerCommands "0"
      cl_showTimeDelta "0"
      cl_stanceHoldTime "300"
      cl_talking "0"
      cl_timeout "30"
      cl_viewport_lerptime "0.15"
      cl_voice "1"
      cl_wadefps "0"
      cl_yawspeed "140"
      clancard_clanid "0"
      clanMessageLastFetchTime "0"
      clanName ""
      codMessageLastFetchTime "0"
      collectors "0"
      com_animCheck "0"
      com_busyWait "0"
      com_desiredMenu "0"
      com_errorMessage ""
      com_errorTitle "Error"
      com_filter_output "0"
      com_first_time "0"
      com_first_time_pc "1"
      com_freemoveScale "1"
      com_introPlayed "1"
      com_loadRawStringtables "0"
      com_maxclients "4"
      com_maxfps "85"
      com_maxFrameTime "100"
      com_movieIsPlaying "0"
      com_recommendedSet "1"
      com_startupIntroPlayed "1"
      com_statmon "0"
      com_timescale "1"
      com_useRawUDP "1"
      com_voip_bandwidth_restricted "1"
      com_voip_disable_threshold "1200"
      com_voip_resume_time "0"
      compass "1"
      compassClampIcons "1"
      compassCoords "740 3590 400"
      compassECoordCutoff "37"
      compassEnemyFootstepEnabled "0"
      compassEnemyFootstepMaxRange "500"
      compassEnemyFootstepMaxZ "100"
      compassEnemyFootstepMinSpeed "140"
      compassForcePlayerIcon "0"
      compassFriendlyHeight "10"
      compassFriendlyWidth "10"
      compassGridAlign "0"
      compassGridCols "5"
      compassGridEnabled "1"
      compassGridRows "5"
      compassIconOtherVehHeight "40"
      compassIconOtherVehWidth "40"
      compassIconTankHeight "25"
      compassIconTankWidth "25"
      compassLocalRadarRadius "700"
      compassLocalRadarUpdateTime "2.25"
      compassMaxRange "3500"
      compassMinRadius "0.0001"
      compassMinRange "0.0001"
      compassObjectiveArrowHeight "20"
      compassObjectiveArrowOffset "2"
      compassObjectiveArrowRotateDist "5"
      compassObjectiveArrowWidth "20"
      compassObjectiveDetailDist "10"
      compassObjectiveDrawLines "1"
      compassObjectiveHeight "20"
      compassObjectiveIconHeight "32"
      compassObjectiveIconHeightZombie "16"
      compassObjectiveIconWidth "32"
      compassObjectiveIconWidthZombie "16"
      compassObjectiveMaxHeight "70"
      compassObjectiveMaxRange "2048"
      compassObjectiveMinAlpha "1"
      compassObjectiveMinDistRange "2"
      compassObjectiveMinHeight "-70"
      compassObjectiveNearbyDist "8"
      compassObjectiveNumRings "10"
      compassObjectiveRingSize "80"
      compassObjectiveRingTime "10000"
      compassObjectiveTextHeight "18"
      compassObjectiveTextScale "0.3"
      compassObjectiveWidth "20"
      compassPartialType "0"
      compassPlayerHeight "25"
      compassPlayerWidth "25"
      compassRadarLineThickness "0.4"
      compassRadarPingFadeTime "4"
      compassRadarUpdateFastTime "2"
      compassRadarUpdateTime "4"
      compassRotation "1"
      compassSatellitePingFadeTime "10"
      compassSatelliteScanTime "1000"
      compassSatelliteStaticImageFadeTime "0"
      compassScaleDiff "0"
      compassScaleDuration "0"
      compassScaleReset "0"
      compassScaleTimer "0"
      compassShowEnemies "1"
      compassSize "1"
      compassSoundPingFadeTime "2"
      compassSpectatorsSeeEnemies "0"
      compassStaticImageUpdateTime "5000"
      compassTickertapeStretch "0.5"
      con_default_console_filter "*"
      con_displayRconOutput "0"
      con_errormessagetime "8"
      con_gameMsgWindow0FadeInTime "0.25"
      con_gameMsgWindow0FadeOutTime "0.5"
      con_gameMsgWindow0Filter "gamenotify obituary"
      con_gameMsgWindow0LineCount "6"
      con_gameMsgWindow0MsgTime "5"
      con_gameMsgWindow0ScrollTime "0.25"
      con_gameMsgWindow0SplitscreenScale "1.5"
      con_gameMsgWindow1FadeInTime "0.25"
      con_gameMsgWindow1FadeOutTime "0.01"
      con_gameMsgWindow1Filter "boldgame"
      con_gameMsgWindow1LineCount "6"
      con_gameMsgWindow1MsgTime "8"
      con_gameMsgWindow1ScrollTime "0.25"
      con_gameMsgWindow1SplitscreenScale "1.5"
      con_gameMsgWindow2FadeInTime "0.75"
      con_gameMsgWindow2FadeOutTime "0.5"
      con_gameMsgWindow2Filter "subtitle"
      con_gameMsgWindow2LineCount "7"
      con_gameMsgWindow2MsgTime "5"
      con_gameMsgWindow2ScrollTime "0.25"
      con_gameMsgWindow2SplitscreenScale "1.5"
      con_gameMsgWindow3FadeInTime "0.25"
      con_gameMsgWindow3FadeOutTime "0.5"
      con_gameMsgWindow3Filter "coopinfo"
      con_gameMsgWindow3LineCount "6"
      con_gameMsgWindow3MsgTime "5"
      con_gameMsgWindow3ScrollTime "0.25"
      con_gameMsgWindow3SplitscreenScale "1.5"
      con_inputBoxColor "0.25 0.25 0.2 1"
      con_inputHintBoxColor "0.4 0.4 0.35 1"
      con_matchPrefixOnly "1"
      con_minicon "0"
      con_miniconlines "5"
      con_minicontime "4"
      con_outputBarColor "1 1 0.95 0.6"
      con_outputSliderColor "0.15 0.15 0.1 0.6"
      con_outputWindowColor "0.35 0.35 0.3 0.75"
      con_typewriterColorBase "1 1 1"
      con_typewriterColorGlowCheckpoint "0.6 0.5 0.6 1"
      con_typewriterColorGlowCompleted "0 0.3 0.8 1"
      con_typewriterColorGlowFailed "0.8 0 0 1"
      con_typewriterColorGlowUpdated "0 0.6 0.18 1"
      con_typewriterDecayDuration "1000"
      con_typewriterDecayStartTime "4000"
      con_typewriterEnabledSounds "0"
      con_typewriterPrintSpeed "40"
      coop_difficulty_scaling "1"
      counterDownloadInterval "15"
      counterUploadInterval "15"
      createpublicserver "0"
      credits_active "0"
      credits_frommenu "0"
      credits_load "0"
      crossbow_impaleAdditionalRagdollTime "8"
      crossbow_impaleGravityRampTime "0.5"
      crossbow_impaleGravityScale "0.05"
      crossbow_impaleProjectileSlowdown "0.017"
      crossbow_impaleSlideSpeed "10"
      crossbow_impaleSlideTime "1"
      crossbow_impaleStuckTime "3"
      currentDifficulty "normal"
      customclass1 "CUSTOM 1"
      customclass2 "CUSTOM 2"
      customclass3 "CUSTOM 3"
      customclass4 "CUSTOM 4"
      customclass5 "CUSTOM 5"
      ddl_verbose "0"
      debug "0"
      debug_ai_supplement "0"
      debug_rope "0"
      debug_start ""
      debug_trace "0"
      debug_triggers "0"
      debugCurves "0"
      DebugFireManager "0"
      debugRenderBrushes "0"
      debugRenderBulletMeshes "0"
      debugRenderCollisionDistance "800"
      debugRenderColoredPatches "0"
      debugRenderEntityBrushes "0"
      debugRenderGjkTraceGeom "0"
      debugRenderMask "All"
      debugRenderPatches "0"
      debugRenderPlayerCollision "0"
      debugRenderStaticModelsBounds "0"
      debugStats "1"
      dec20_Enabled "0"
      dedicated "dedicated internet server"
      defaultDamageDuration "300"
      defaultDamageInterval "300"
      defaultHitDamage "5"
      developer "0"
      developer_script "0"
      disableHost_matchesHostedRatio "0"
      disableHost_matchesHostedStreak "0"
      disableHost_matchesPlayedRatio "0"
      disableHost_matchesPlayedStreak "0"
      disconnected_ctrls ""
      dive2swim "200"
      dive_recharge "1000"
      dlc1 "1"
      dlc2 "1"
      dlc3 "1"
      dlc4 "1"
      dlc5 "1"
      dog_MeleeDamage "150"
      dog_turn180_angle "135"
      dog_turn90_angle "70"
      dog_turn_min_goal_dist "40"
      door_breach_weapondrop "1"
      doublesided_raycasts "0"
      drew_notes "4"
      dtp "1"
      dtp_exhaustion_window "1500"
      dtp_fall_damage_max_height "200"
      dtp_fall_damage_min_height "65"
      dtp_max_apex_duration "400"
      dtp_max_slide_addition "0"
      dtp_max_slide_duration "300"
      dtp_min_speed "3.16"
      dtp_new_trajectory "1"
      dtp_new_trajectory_multiplier "2"
      dtp_post_move_pause "100"
      dtp_startup_delay "250"
      dump_assets "0"
      dumpStaticModels "0"
      dw_active "1"
      dw_dupe_key "0"
      dw_loggedin "1"
      dw_numaccounts "-1"
      dw_party_active "1"
      dw_popup ""
      dw_user0 ""
      dw_user1 ""
      dw_user2 ""
      dw_user3 ""
      dw_user4 ""
      dwFileFetchTryIntervalBase "2"
      dwFileFetchTryIntervalMax "30"
      dwFileFetchTryMaxAttempts "30"
      dynEnt_bulletForce "800"
      dynEnt_damageRadiusScale "1"
      dynEnt_explodeForce "12500"
      dynEnt_explodeMaxEnts "20"
      dynEnt_explodeMinForce "40"
      dynEnt_explodeSpinScale "4"
      dynEnt_explodeUpbias "0.5"
      dynEnt_sentientAutoActivate "1"
      dynEnt_spawnedLimit "50"
      dynEntPieces_angularVelocity "0 0 0"
      dynEntPieces_impactForce "1000"
      dynEntPieces_velocity "0 0 0"
      emblem_scroll_delay_first "150"
      emblem_scroll_delay_rest "50"
      enable_global_wind "1"
      enable_grass_wind "1"
      enable_moving_paths "1"
      enable_new_prone_check "1"
      eventMessageLastFetchTime "0"
      facepaintLodDist "1250"
      factoryAftereffectOverride "-1"
      fallback "0"
      fire_audio_random_max_duration "1000"
      fire_audio_repeat_duration "1500"
      fire_burn_time "3000"
      fire_world_damage "5"
      fire_world_damage_duration "5"
      fire_world_damage_rate "1"
      fix_mouse_lag "0"
      fixedtime "0"
      flame_config_valid "0"
      flame_debug_render "0"
      flame_kick_offset "-2 0 -0.5"
      flame_kick_recover_speed "4"
      flame_kick_speed "4"
      flame_render "1"
      flame_team_damage "0"
      flame_test "0"
      flame_use_dvars "0"
      flameVar_editingFlameTable "none"
      flameVar_lastFlameTable "none"
      flare_distance_scale "16"
      flare_duration "8"
      flare_effect_radius "400"
      flareBurnOutFadeWait "0.65"
      flareDisableEffects "0"
      flareLookAwayFadeWait "0.45"
      footstep_sounds_cutoff "1000"
      friction "5.5"
      friendlyfire_enabled "0"
      friendlyNameFontColor "0.9 1 0.9 0.7"
      friendlyNameFontGlowColor "0 0.3 0 1"
      friendlyNameFontObjective "1"
      friendlyNameFontSize "0.3"
      friendlyNameSplitScreenFontSize "0.4"
      friendlySaveFromDog "0"
      fs_basegame ""
      fs_basepath "C:\T5Server"
      fs_cdpath ""
      fs_copyfiles "0"
      fs_debug "0"
      fs_game "mods/BO1_more_perks_and_weapons"
      fs_homepath "C:\Users\ThiccBoi\AppData\Local\Plutonium\storage\t5"
      fs_ignoreLocalized "0"
      fs_restrict "0"
      fs_usedevdir "0"
      fs_userDocuments "\Activision\CoD"
      fs_usermapdir ""
      fx_marks "1"
      fxfrustumCutoff "1000"
      g_ai "1"
      g_aiEventDump "-1"
      g_allowvote "1"
      g_antilag "1"
      g_banIPs ""
      g_banzai_flank_attack "0"
      g_banzai_max_target_distance "1000"
      g_banzai_player_fov_buffer "0.2"
      g_changelevel_time "0"
      g_clonePlayerMaxVelocity "80"
      g_compassShowEnemies "0"
      g_connectpaths "0"
      g_console_log "console.log"
      g_console_log_count "10"
      g_console_log_rolling_archival "1"
      g_deadChat "0"
      g_deathDelay "4000"
      g_debugaccuracy "0"
      g_debugBullets "0"
      g_debugDamage "0"
      g_debugLocDamage "0"
      g_debugLocDamageEntity "-1"
      g_debugLocHit "0"
      g_debugLocHitTime "500"
      g_drawEntBBoxes "0"
      g_drawGrenadeHints "0"
      g_dropForwardSpeed "10"
      g_dropHorzSpeedRand "100"
      g_dropUpSpeedBase "10"
      g_dropUpSpeedRand "5"
      g_dumpAnims "-1"
      g_dumpAnimsCommands "-1"
      g_dumpAnimsNetwork "-1"
      g_dumpAnimsReduceSpam "0"
      g_earthquakeEnable "1"
      g_enteqDelay "150"
      g_enteqDist "4000"
      g_enteqEnable "0"
      g_entinfo "off"
      g_entinfo_AItext "brief"
      g_entinfo_maxdist "2048"
      g_entinfo_scale "1"
      g_entinfo_type "AI only"
      g_fix_entity_leaks "1"
      g_fix_event_fails "0"
      g_fix_health_sets_max "0"
      g_fix_tesla_bug "0"
      g_fix_viewkick_dupe "0"
      g_fixBulletDamageDupe "0"
      g_force_no_dummy_save "0"
      g_friendlyfireDist "175"
      g_friendlyNameDist "15000"
      g_gameskill "1"
      g_gametype "zom"
      g_inactivity "190"
      g_knockback "1000"
      g_listEntity "0"
      g_loadScripts "1"
      g_log "logs\games_sp.log"
      g_logSync "1"
      g_mantleBlockTimeBuffer "500"
      g_maxDroppedWeapons "16"
      g_minGrenadeDamageSpeed "400"
      g_motd ""
      g_no_script_spam "0"
      g_oldAnimCmdNetwork "0"
      g_oldVoting "1"
      g_password ""
      g_patchRocketJumps "1"
      g_player_maxhealth "100"
      g_playerCollision "everybody"
      g_playerCollisionEjectSpeed "25"
      g_playerEjection "nobody"
      g_playerRespawnTime "0"
      g_playerTrailTime "500"
      g_print_entity_leaks "0"
      g_randomSeed "0"
      g_redCrosshairs "1"
      g_reloading "0"
      g_remove_lean_headhitent "0"
      g_ScoresColor_Allies "0.0901961 0.458824 0.0705882 1"
      g_ScoresColor_Axis "0.690196 0.0705882 0.0509804 1"
      g_ScoresColor_EnemyTeam "0.690196 0.0705882 0.0509804 1"
      g_ScoresColor_Free "0.760784 0.780392 0.101961 1"
      g_ScoresColor_MyTeam "0.25098 0.721569 0.25098 1"
      g_ScoresColor_Spectator "0.25098 0.25098 0.25098 1"
      g_smoothClients "1"
      g_sp_fix_damage_overflow "0"
      g_spawnai "1"
      g_speed "190"
      g_synchronousClients "0"
      g_TeamColor_Allies "0.6 0.639216 0.690196 1"
      g_TeamColor_Axis "0.65098 0.568627 0.411765 1"
      g_TeamColor_EnemyTeam "1 0.313726 0.34902 1"
      g_TeamColor_EnemyTeamAlt "1 0.501961 0 1"
      g_TeamColor_Free "0.74902 0.25098 0.25098 1"
      g_TeamColor_MyTeam "0.4 0.701961 0.4 1"
      g_TeamColor_MyTeamAlt "0.34902 1 1 1"
      g_TeamColor_Spectator "0.25098 0.25098 0.25098 1"
      g_TeamName_Allies "GAME_ALLIES"
      g_TeamName_Axis "GAME_AXIS"
      g_useGear "0"
      g_useholdspawndelay "1"
      g_useholdtime "250"
      g_vehicleDebug "0"
      g_vehicleDrawPath ""
      g_vehiclePlaneCurveTime "1.5"
      g_voiceChatTalkingDuration "500"
      g_voteAbstainWeight "0.5"
      gamedate "Aug 25 2026"
      gamename "PT5SP"
      geographicalMatchmaking "0"
      glassCrackedDamageRateRange "1 10"
      glassDamageMultiplier "0.4"
      gpad_button_deadzone "0.13"
      gpad_button_lstick_deflect_max "1"
      gpad_button_rstick_deflect_max "1"
      gpad_buttonsConfig "buttons_default"
      gpad_debug "0"
      gpad_enabled "0"
      gpad_menu_scroll_delay_first "420"
      gpad_menu_scroll_delay_rest "210"
      gpad_present "0"
      gpad_rumble "1"
      gpad_stick_deadzone_max "0.01"
      gpad_stick_deadzone_min "0.2"
      gpad_stick_pressed "0.4"
      gpad_stick_pressed_hysteresis "0.1"
      gpad_sticksConfig "thumbstick_default"
      grenadeBounceRestitutionMax "0.3"
      grenadeBumpFreq "0.3"
      grenadeBumpMag "0.4"
      grenadeBumpMax "100"
      grenadeCurveMax "4"
      grenadeFrictionHigh "0.4"
      grenadeFrictionLow "0.01"
      grenadeFrictionMaxThresh "100"
      grenadeRestThreshold "20"
      grenadeRollingEnabled "1"
      grenadeWobbleFreq "0.08"
      grenadeWobbleFwdMag "10"
      grenadeWobbleSideDamp "0.01"
      grenadeWobbleSideMag "1"
      groupDownloadInterval "900"
      groupUploadInterval "300"
      heatMapLoadDelay "2000"
      hiDef "1"
      highlightedPlayerClanTag ""
      highlightedPlayerName ""
      highlightedPlayerXuid ""
      hostileNameFontColor "1 0.9 0.9 0.7"
      hostileNameFontGlowColor "0.6 0 0 1"
      hot_joinAllowed "0"
      hud_drawHUD "1"
      hud_enable "1"
      hud_flash_period_offhand "0.5"
      hud_flash_time_offhand "2"
      hud_missionFailed "0"
      hud_showObjectives "1"
      hud_showStance "1"
      hud_showTextNoAmmo "1"
      hudElemPausedBrightness "0.4"
      ik_actor_tracking_scale "1"
      ik_ai_hand_offset_vec "0 0 0"
      ik_ai_hand_rotation_vec "0 0 0"
      ik_ai_hand_tuning "0"
      ik_debug "0"
      ik_distanceCull "1"
      ik_distanceCullDist "4000"
      ik_dvar_lookatentity_notorso "0"
      ik_enable "1"
      ik_enable_ai_hand "0"
      ik_enable_ai_terrain "2"
      ik_enable_player_hand "1"
      ik_enable_player_terrain "1"
      ik_foot_test "0"
      ik_hand_test "0"
      ik_left_hand_lerp_test "0"
      ik_paranoid_matrix_checks "0"
      ik_pelvis_test "0"
      ik_pitch_limit_max "60"
      ik_pitch_limit_thresh "10"
      ik_right_hand_lerp_test "0"
      ik_roll_limit_max "100"
      ik_roll_limit_thresh "30"
      ik_yaw_limit_max "90"
      ik_yaw_limit_thresh "10"
      in_mouse "1"
      input_invertPitch "0"
      input_viewSensitivity "1"
      introscreen "1"
      invite_waitPeriod "30000"
      inviteText ""
      isFriendsListTrackerEnabled "0"
      jump_height "39"
      jump_ladderPushVel "128"
      jump_slowdownEnable "0"
      jump_spreadAdd "64"
      jump_stepSize "18"
      key "svAzia1sZyGkVSwLZtNw54oDXX0BDwic"
      kill_slomo_time "0"
      language "english"
      lastStandSwayAccel "0.05"
      lastStandSwayMaxDrift "1"
      lb_all_time_lb_write_min_req "50"
      lb_escrowRefresh "1200"
      lb_escrowTimeout "1200"
      lb_filter "none"
      lb_forceLbWrite "0"
      lb_LastFetchTime "0"
      lb_maxActiveLbReadTasks "3"
      lb_maxrows "50"
      lb_min_duration_before_penalty "1"
      lb_minDelayBetweenLbReads "5000"
      lb_minrefresh "0"
      lb_monthly_lb_write_min_req "25"
      lb_prestige "0"
      lb_time_penalty_for_early_quitters "1"
      lb_type "zombie_theater_waves"
      lb_typeByResetPeriod "all_time"
      lb_weekly_lb_write_min_req "5"
      live_banned "0"
      live_olMaxInterval "120"
      live_olMinInterval "60"
      live_restrictEmblems "0"
      live_service "0"
      live_ssLBFetchMaxInterval "300"
      live_ssLBFetchMinInterval "60"
      live_ssMaxInitialInterval "60"
      live_ssMaxInterval "300"
      live_ssMinInterval "150"
      loc_forceEnglish "0"
      loc_language "0"
      loc_translate "1"
      loc_warnings "0"
      loc_warningsAsErrors "0"
      local_leaderboards "1"
      local_leaderboards_maxgames "33"
      log_append "0"
      logfile "1"
      long_blocking_call "0"
      lowAmmoWarningColor1 "0.901961 0.901961 0.901961 0.8"
      lowAmmoWarningColor2 "1 1 1 1"
      lowAmmoWarningNoAmmoColor1 "0.8 0 0 0.8"
      lowAmmoWarningNoAmmoColor2 "1 0 0 1"
      lowAmmoWarningNoReloadColor1 "0.701961 0.701961 0 0.8"
      lowAmmoWarningNoReloadColor2 "1 1 0 1"
      lowAmmoWarningPulseFreq "1.7"
      lowAmmoWarningPulseMax "1.5"
      lowAmmoWarningPulseMin "0"
      m_filter "0"
      m_forward "0.25"
      m_pitch "0.022"
      m_side "0.25"
      m_yaw "0.022"
      magic_box_explore_only "1"
      magic_chest_movable "1"
      mantle_check_angle "60"
      mantle_check_glass_extra_range "10"
      mantle_check_radius "0.1"
      mantle_check_range "20"
      mantle_debug "0"
      mantle_enable "1"
      mantle_view_yawcap "60"
      mantle_weapon_anim_height "32"
      mantle_weapon_height "39"
      mapname "zombie_temple"
      matchmaking_debug "1"
      matchmaking_mininfo "1"
      maxMetPlayerListCount "50"
      maxStatsBackupInterval "-1"
      melee_debug "0"
      metPlayerListCleanupInterval "60000"
      metPlayerListUpdateInterval "10000"
      metPlayerListUploadInterval "60000"
      mg0 "0"
      mg1 "0"
      mg2 "0"
      mg3 "0"
      mg4 "0"
      mg5 "0"
      mg6 "0"
      mg7 "0"
      mgTurret "off"
      minDelayForOtherPlayerStatsFetch "300000"
      mis_01 "0"
      mis_01_unlock "21"
      mis_cheat "0"
      mis_difficulty "0000000000000000000000000"
      missileDebugAttractors "0"
      missileDebugDraw "0"
      missileDebugText "0"
      missileHellfireMaxSlope "0.5"
      missileHellfireUpAccel "1000"
      missileJavAccelClimb "300"
      missileJavAccelDescend "3000"
      missileJavClimbAngleDirect "85"
      missileJavClimbAngleTop "50"
      missileJavClimbCeilingDirect "0"
      missileJavClimbCeilingTop "3000"
      missileJavClimbHeightDirect "10000"
      missileJavClimbHeightTop "15000"
      missileJavClimbToOwner "700"
      missileJavSpeedLimitClimb "1000"
      missileJavSpeedLimitDescend "6000"
      missileJavTurnDecel "0.05"
      missileJavTurnRateDirect "60"
      missileJavTurnRateTop "100"
      missileMolotovBlobNum "5"
      missileMolotovBlobTime "2"
      missilePlantableSize "5"
      missileTVGuidedBoost "2"
      missileTVGuidedBoostSpeedDown "-1000"
      missileTVGuidedBoostSpeedUp "1000"
      missileTVGuidedFlatteningRollAccel "2"
      missileTVGuidedMaxRollAngle "35"
      missileTVGuidedMPSpecific "0"
      missileTVGuidedStickDeadzone "15"
      missileTVGuidedTurningRollAccel "1.5"
      missileTVGuidedTurnRate "3"
      missileWaterMaxDepth "60"
      modStats "1"
      monkeytoy "1"
      motd "^1REKT got ^5#rekt"
      msg_dumpEnts "0"
      msg_hudelemspew "0"
      msg_printEntityNums "0"
      name "dedicated"
      net_ip "localhost"
      net_lanauthorize "0"
      net_minigraph "0"
      net_noudp "0"
      net_port "28963"
      net_profile "0"
      net_showprofile "0"
      net_socksEnabled "0"
      net_socksPassword ""
      net_socksPort "1080"
      net_socksServer ""
      net_socksUsername ""
      nextdemo ""
      nextmap "map_restart"
      nightVisionDisableEffects "0"
      nightVisionFadeInOutTime "0.1"
      nightVisionPowerOnTime "0.3"
      noai "off"
      notice_onEscArg ""
      onlinegame "1"
      onlinegameandhost "0"
      onlineunrankedgameandhost "0"
      overrideNVGModelWithKnife "0"
      packetDebug "0"
      party_allowguests "1"
      party_autoteams "1"
      party_chooseLowestPingSlot "1"
      party_clientTimeout "24000"
      party_connectTimeout "6000"
      party_connectToOthers "1"
      party_considerStreamingForHostMigration "1"
      party_currentMapVetoCount "0"
      party_debug "0"
      party_disconnectPlayerOnRemoval "0"
      party_editingsettings "0"
      party_firstSubpartyIndex "0"
      party_forceMemberUpdateOnVoiceConnectivityBits "0"
      party_forceMigrateAfterRound "0"
      party_forceMigrateOnMatchStartRegression "1"
      party_gamesize ""
      party_gameStartTimerLength "10"
      party_gametype ""
      party_headtohead "0"
      party_host "0"
      party_hostname ""
      party_iamhost "0"
      party_isPreviousMapVoted "0"
      party_joinInProgressAllowed "1"
      party_keepPartyAliveWhileMatchmaking "1"
      party_kickplayerquestion ""
      party_linearMapCycle "0"
      party_linearMapCycleRandom "0"
      party_lobbyExtensionTime "10"
      party_lobbyPlayerCount ""
      party_localTeamTest "0"
      party_mapname ""
      party_mappacks ""
      party_matchedPlayerCount "4"
      party_maxDesperateMigrationTime "6000"
      party_maxlocalplayers "2"
      party_maxMigrationTime "10000"
      party_maxplayers "4"
      party_maxTeamDiff "1"
      party_minLobbyTime "45"
      party_minplayers "2"
      party_minResumeMs "2000"
      party_nextMapVetoCount "0"
      party_partyPlayerCount ""
      party_playerCount "1"
      party_playervisible "0"
      party_pregameStartTimerLength "5"
      party_previousMapVetoCount "0"
      party_privacyStatus "2"
      party_readyButtonVisible "0"
      party_readyPercentRequired "0"
      party_reconnectToClientOnTimeout "1"
      party_reconnectToHostOnTimeout "1"
      party_requestMigrateDuringAutoStartIfStreaming "1"
      party_sequentialPreviousMapVotingAllowed "0"
      party_simulateLongQoS "0"
      party_splitscreenJoinAllowed "1"
      party_teambased "1"
      party_timer "0"
      party_timerVisible "0"
      party_verifyFreeSlotsDuringMatchmaking "0"
      party_vetoButtonVisible "0"
      party_vetoDelayTime "4"
      party_vetoPassed "0"
      party_vetoPercentRequired "0.501"
      password ""
      pc_NATTraversalTrottling "0"
      pc_newversionavailable "0"
      penetrationCount "2"
      penetrationCount_allies "0"
      penetrationCount_axis "0"
      perk_armorPiercing "40"
      perk_blackbirdShowsGpsJammer "1"
      perk_bulletPenetrationMultiplier "2"
      perk_damageKickReduction "0.2"
      perk_deathStreakCountRequired "5"
      perk_delayExplosiveTime "0.2"
      perk_disarmExplosiveTime "2"
      perk_dogsAttackGhost "1"
      perk_extraBreath "5"
      perk_extraMoneyMultiplier "2"
      perk_fastOffhandRate "0.5"
      perk_fireproof "95"
      perk_flakJacket "35"
      perk_flakJacket_hardcore "9"
      perk_grenadeDeath "frag_grenade_short_mp"
      perk_grenadeTossBackTimer "2500"
      perk_healthRegenMultiplier "1.5"
      perk_interactSpeedMultiplier "1.15"
      perk_killstreakReduction "1"
      perk_mantleReduction "0.5"
      perk_shellShockReduction "0.5"
      perk_speedMultiplier "1.07"
      perk_sprintMultiplier "2"
      perk_sprintRecoveryMultiplier "0.6"
      perk_throwbackInnerRadius "120"
      perk_weapAdsMultiplier "0.5"
      perk_weapMeleeMultiplier "0.5"
      perk_weapRateEnhanced "0"
      perk_weapRateMultiplier "0.75"
      perk_weapReloadMultiplier "0.5"
      perk_weapSpreadMultiplier "0.65"
      perk_weapSwitchMultiplier "0.5"
      phys_ai_collision_mode "1"
      phys_bulletSpinScale "3"
      phys_bulletUpBias "0.5"
      phys_buoyancy "0"
      phys_buoyancyDistanceCutoff "2500"
      phys_buoyancyFastComputation "0"
      phys_buoyancyRippleFrequency "3000"
      phys_buoyancyRippleVariance "2000"
      phys_debugBigQueries "0"
      phys_debugCallback "0"
      phys_debugDangerousRigidBodies "0"
      phys_debugExpensivePushout "0"
      phys_dragAngular "0.5"
      phys_dragLinear "0.03"
      phys_drawCollisionObj "0"
      phys_drawcontacts "0"
      phys_drawNitrousVehicle "0"
      phys_drawNitrousVehicleEffects "0"
      phys_entityCollision "1"
      phys_floatTimeVariance "10000"
      phys_fluid "0"
      phys_gravity "-800"
      phys_gravity_dir "0 0 1"
      phys_impact_distance_cutoff "800"
      phys_impact_fx "1"
      phys_impact_intensity_limit "50"
      phys_impact_max_pfx_per_frame "10"
      phys_impact_max_sfx_per_frame "10"
      phys_impact_render "0"
      phys_impact_silence_window "0.3"
      phys_maxFloatTime "30000"
      phys_msecstep "0"
      phys_piecesSpawnDistanceCutoff "1000"
      phys_player_collision_adjust_height "0"
      phys_player_collision_mode "1"
      phys_ragdoll_buoyancy "0"
      phys_ragdoll_joint_damp_scale "0.04"
      phys_reeval_frequency "2"
      phys_userRigidBodies "1"
      phys_vehicleDamageFroceScale "0.3"
      phys_vehicleFriction "0.1"
      phys_vehicleGravityMultiplier "1"
      phys_vehicleUsePredictedPosition "0"
      phys_vehicleWheelEntityCollision "1"
      phys_waterDragAngular "-2"
      phys_waterDragLinear "-1"
      pickupPrints "0"
      player0downs "1"
      player1downs "1"
      player_adsExitDelay "0"
      player_AimBlend_Back_Low "0 0.3 0.5"
      player_AimBlend_Back_Mid "0.1 0.2 0.5"
      player_AimBlend_Back_Up "0.5 0.1 -0.6"
      player_AimBlend_Head "0 0 0"
      player_AimBlend_Neck "0.3 0.3 0"
      player_AimBlend_Pelvis "0.4 0.4 0"
      player_AimBlend_Shoulder "1 1 1"
      player_animRunThreshhold "140"
      player_animWalkThreshhold "30"
      player_aqs_scale "8"
      player_aqs_spread_max "255"
      player_aqs_spread_multiplier "255"
      player_aqs_sway_factor "40"
      player_aqs_time "0.25"
      player_backSpeedScale "0.7"
      player_bayonetLaunchDebugging "0"
      player_bayonetLaunchProof "1"
      player_bayonetLaunchZCap "300"
      player_bayonetRange "85"
      player_bayonetTargetDist "65"
      player_breath_fire_delay "0"
      player_breath_gasp_lerp "6"
      player_breath_gasp_scale "4.5"
      player_breath_gasp_time "1"
      player_breath_hold_lerp "4"
      player_breath_hold_time "4.5"
      player_breath_snd_delay "1"
      player_breath_snd_lerp "2"
      player_burstFireCooldown "0.2"
      player_clipSizeMultiplier "1"
      player_damageMultiplier "0.363636"
      player_deathInvulnerableTime "1000"
      player_deathInvulnerableToMelee "0"
      player_deathInvulnerableToProjectile "1"
      player_debugHealth "0"
      player_died_recently "0"
      player_disableWeaponsInWater "1"
      player_dmgtimer_flinchTime "500"
      player_dmgtimer_maxTime "750"
      player_dmgtimer_minScale "0"
      player_dmgtimer_stumbleTime "500"
      player_dmgtimer_timePerPoint "100"
      player_enableShuffleAnims "0"
      player_enduranceSpeedScale "1.7"
      player_floatSpeed "20"
      player_footstepsThreshhold "10"
      player_forceRedCrosshair "0"
      player_healthEasy "500"
      player_healthFu "115"
      player_healthHard "165"
      player_healthMedium "275"
      player_knockbackMoveThreshhold "60"
      player_lastStandBleedoutTime "45"
      player_lastStandBleedoutTimeNoRevive "10"
      player_lastStandHealthOverlayTime "8"
      player_lean_rotate "1.25 1.25"
      player_lean_rotate_crouch "1 1"
      player_lean_shift "5 2.5"
      player_lean_shift_crouch "12.5 2.5"
      player_maxGrenadeCatchHeight "80"
      player_meleeDamageMultiplier "1"
      player_meleeHeight "10"
      player_meleeRange "64"
      player_meleeWidth "10"
      player_move_factor_on_torso "0"
      player_moveThreshhold "2"
      player_radiusDamageMultiplier "1"
      player_revivePlayerListCycleTime "2"
      player_reviveTriggerRadius "64"
      player_runbkThreshhold "60"
      player_runThreshhold "110"
      player_scopeExitOnDamage "0"
      player_sliding_friction "1.5"
      player_sliding_velocity_cap "500"
      player_sliding_wishspeed "450"
      player_slopeAnimAngle "30"
      player_spectateSpeedScale "1"
      player_sprintCameraBob "0.5"
      player_sprintForwardMinimum "105"
      player_sprintMinTime "1"
      player_sprintRechargePause "0"
      player_sprintSpeedScale "1.5"
      player_sprintStrafeSpeedScale "0.667"
      player_sprintThreshhold "185"
      player_sprintTime "4"
      player_sprintUnlimited "0"
      player_strafeAnimCosAngle "0.5"
      player_strafeSpeedScale "0.8"
      player_sustainAmmo "0"
      player_swimDamage "15"
      player_swimDamagerInterval "1"
      player_swimTime "16"
      player_takeDirectDamageInVehicles "1"
      player_throwbackInnerRadius "72"
      player_throwbackOuterRadius "192"
      player_topDownCamAngles "75 0 0"
      player_topDownCamCenterPos "-7926 -2838 -88"
      player_topDownCamMode "0"
      player_topDownCamOffset "0 0 500"
      player_topDownCursorDist "250"
      player_topDownCursorPos "0 0"
      player_turnAnims "1"
      player_turnRateScale "1"
      player_useSlopeAnims "1"
      player_view_pitch_down "85"
      player_view_pitch_up "85"
      player_viewLockEnt "0"
      player_viewRateScale "0"
      player_waterSpeedScale "1.3"
      playerPushAmount "0"
      playlist "0"
      popInLetterFXTime "40"
      presell "0"
      prestigeclass1 "Custom 6"
      prestigeclass2 "Custom 7"
      prestigeclass3 "Custom 8"
      prestigeclass4 "Custom 9"
      prestigeclass5 "Custom 10"
      primaryWeaponOffset "0"
      profile_physics "0"
      protocol "3141"
      r_aaAlpha "dither (fast)"
      r_aaSamples "4"
      r_allow_intz "1"
      r_allow_null_rt "1"
      r_aspectRatio "auto"
      r_backBufferSize "960"
      r_backBufferSizeY "544"
      r_bloomBlurRadius "1.75"
      r_bloomColorScale "0 0 0 0"
      r_bloomCurveBreakpoint "1 1 1 1"
      r_bloomCurveHiBlack "0 0 0 0"
      r_bloomCurveHiGamma "1 1 1 1"
      r_bloomCurveHiRemapBlack "0 0 0 0"
      r_bloomCurveHiRemapWhite "1 1 1 1"
      r_bloomCurveHiWhite "1 1 1 1"
      r_bloomCurveLoBlack "0 0 0 0"
      r_bloomCurveLoGamma "1 1 1 1"
      r_bloomCurveLoRemapBlack "0 0 0 0"
      r_bloomCurveLoRemapWhite "1 1 1 1"
      r_bloomCurveLoWhite "1 1 1 1"
      r_bloomExpansionControl "0.5 0.5 0.5 0.5"
      r_bloomExpansionSource "0"
      r_bloomExpansionWeights "0 0 0 0"
      r_bloomPersistence "0"
      r_bloomStreakXInnerTint "1 1 1"
      r_bloomStreakXLevels0 "0.25 0.5 0.25 1"
      r_bloomStreakXLevels1 "0 1 0 1"
      r_bloomStreakXOuterTint "1 1 1"
      r_bloomStreakXTint "0 0 0"
      r_bloomStreakXTintControl "0.25 0.5 0.25 1"
      r_bloomStreakYInnerTint "1 1 1"
      r_bloomStreakYLevels0 "0.25 0.5 0.25 1"
      r_bloomStreakYLevels1 "0 1 0 1"
      r_bloomStreakYOuterTint "1 1 1"
      r_bloomStreakYTint "0 0 0"
      r_bloomStreakYTintControl "0.25 0.5 0.25 1"
      r_bloomTintScale "0 0 0 1"
      r_bloomTintWeights "0.25 0.5 0.25 0"
      r_bloomTweaks "0"
      r_blur "0"
      r_blur_allowed "1"
      r_brightness "0"
      r_brushLimit "512"
      r_burnedDestructibleColor "0.4"
      r_cacheModelLighting "1"
      r_cacheSModelLighting "1"
      r_clear "blink"
      r_clearColor "0 0 0 0"
      r_clearColor2 "0 0 0 0"
      r_clipCodec "MJPEG"
      r_clipFPS "24"
      r_clipSize "360"
      r_collectActiveMaterials "0"
      r_colorMap "Unchanged"
      r_contrast "1"
      r_convergence "6.06253"
      r_customMode ""
      r_debugHDRdlight "0"
      r_debugHDRdlight_color "0.25 0.8 1"
      r_debugHDRdlight_distance "250"
      r_debugHDRdlight_radius "150"
      r_debugHDRdlight_scale "1"
      r_debugLayers "0"
      r_debugLineWidth "1"
      r_debugShader "none"
      r_debugShowCoronas "0"
      r_debugShowDynamicLights "0"
      r_debugShowPrimaryLights "0"
      r_depthPrepass "0"
      r_desaturation "1"
      r_diffuseColorScale "1"
      r_distortion "1"
      r_dlightLimit "4"
      r_dlightMaxFullScreenRadius "200"
      r_dlightMaxNonFullScreenRadius "200"
      r_dobjLimit "512"
      r_dof_bias "0.5"
      r_dof_enable "1"
      r_dof_farBlur "1.8"
      r_dof_farEnd "7000"
      r_dof_farStart "1000"
      r_dof_nearBlur "6"
      r_dof_nearEnd "60"
      r_dof_nearStart "10"
      r_dof_showdebug "0"
      r_dof_tweak "0"
      r_dof_viewModelEnd "8"
      r_dof_viewModelStart "2"
      r_dpvs_useCellForceInvisibleBits "1"
      r_drawDebugFogParams "0"
      r_drawWater "1"
      r_enableDlights "1"
      r_enableFlashlight "0"
      r_enableOccluders "1"
      r_enablePlayerShadow "0"
      r_envMapExponent "5"
      r_envMapMaxIntensity "0.5"
      r_envMapMinIntensity "0.2"
      r_envMapOverride "0"
      r_envMapSpecular "1"
      r_envMapSunIntensity "2"
      r_exposureTweak "0"
      r_exposureValue "1"
      r_extracam_custom_aspectratio "-1"
      r_extracam_shadowmap_enable "0"
      r_fastSkin "0"
      r_filmCurveSoftClip "1"
      r_filmLut "-1"
      r_filmTweakBleach "0 0 0"
      r_filmTweakBrightness "0"
      r_filmTweakColorTemp "6500 6500 6500"
      r_filmTweakContrast "1 1 1"
      r_filmTweakDarkFeather "0"
      r_filmTweakDarkTint "1 1 1"
      r_filmTweakDesaturation "0.2"
      r_filmTweakEnable "0"
      r_filmTweakHue "0 0 0"
      r_filmTweakInvert "0"
      r_filmTweakLightFeather "0"
      r_filmTweakLightTint "1 1 1"
      r_filmTweakLut "-1"
      r_filmTweakMidEnd "0.75"
      r_filmTweakMidStart "0.25"
      r_filmTweakMidTint "1 1 1"
      r_filmTweakRangeDebug "0"
      r_filmTweakSaturation "1 1 1"
      r_filmUseTweaks "0"
      r_finalShiftX "0 0 0"
      r_finalShiftY "0 0 0"
      r_flame_allowed "1"
      r_flameFX_distortionScaleFactor "0 1 1 0.511918"
      r_flameFX_enable "0"
      r_flameFX_fadeDuration "0.5"
      r_flameFX_FPS "15"
      r_flameFX_magnitude "0.0215147"
      r_flameScaler "1"
      r_flashLightBobAmount "0 0 0"
      r_flashLightBobRate "0 0.2 0.3"
      r_flashLightBrightness "10"
      r_flashLightColor "1 1 1"
      r_flashLightEndRadius "300"
      r_flashLightFlickerAmount "0"
      r_flashLightFlickerRate "65"
      r_flashLightFovInnerFraction "0.7"
      r_flashLightOffset "0 2 1"
      r_flashLightRange "350"
      r_flashLightShadows "1"
      r_flashLightSpecularScale "1"
      r_flashLightStartRadius "0"
      r_flimCurveBlack "0"
      r_flimCurveWhite "8"
      r_floatz "1"
      r_fog "1"
      r_fog_disable "0"
      r_forceCameraHdg "0"
      r_forceCameraNode "-1"
      r_forceCamerarecord "0"
      r_forceLod "none"
      r_fovScaleThresholdRigid "2.4"
      r_fovScaleThresholdSkinned "2.4"
      r_fullbright "0"
      r_fullHDRrendering "0"
      r_fullscreen "0"
      r_gamma "1"
      r_genericFilter_enable "0"
      r_gfxopt_dynamic_foliage "1"
      r_gfxopt_water_simulation "1"
      r_glow_allowed "1"
      r_gpuSync "adaptive"
      r_grassBurn "0"
      r_grassEnable "1"
      r_grassWindForceEnable "1"
      r_heroLightColorTemp "6500"
      r_heroLighting "1"
      r_heroLightSaturation "1"
      r_heroLightScale "1 1 1"
      r_highLodDist "-1"
      r_ignore "0"
      r_ignorehwgamma "0"
      r_inGameVideo "1"
      r_lightConflicts "0"
      r_lightGridContrast "0"
      r_lightGridEnableTweaks "0"
      r_lightGridIntensity "1"
      r_lightGridUseTweakedValues "1"
      r_lightMap "Unchanged"
      r_lightTweakAmbient "0.1"
      r_lightTweakAmbientColor "1 0 0 1"
      r_lightTweakDiffuseFraction "0.5"
      r_lightTweakSunColor "1 1 0"
      r_lightTweakSunDiffuseColor "0 0 1 1"
      r_lightTweakSunDirection "0 0 0"
      r_lightTweakSunLight "1"
      r_loadForRenderer "0"
      r_lockPvs "0"
      r_lodBiasRigid "0"
      r_lodBiasSkinned "0"
      r_lodScaleRigid "1"
      r_lodScaleSkinned "1"
      r_logFile "0"
      r_lowestLodDist "-1"
      r_lowLodDist "-1"
      r_lutvar_0 "0 0 0 1"
      r_lutvar_1 "0 0 0 1"
      r_lutvar_10 "0 0 0 1"
      r_lutvar_11 "0 0 0 1"
      r_lutvar_12 "0 0 0 1"
      r_lutvar_13 "0 0 0 1"
      r_lutvar_14 "0 0 0 1"
      r_lutvar_15 "0 0 0 1"
      r_lutvar_2 "0 0 0 1"
      r_lutvar_3 "0 0 0 1"
      r_lutvar_4 "0 0 0 1"
      r_lutvar_5 "0 0 0 1"
      r_lutvar_6 "0 0 0 1"
      r_lutvar_7 "0 0 0 1"
      r_lutvar_8 "0 0 0 1"
      r_lutvar_9 "0 0 0 1"
      r_materialXYZ "3.86 3.98 4.55"
      r_mediumLodDist "-1"
      r_missile_cam_debug_display "0"
      r_mode "1024x768"
      r_modelLimit "1024"
      r_modelVertColor "1"
      r_monitor "0"
      r_motionblur_blurOrigin "0.5 0.5 0 1"
      r_motionblur_directionFactor "0.001"
      r_motionblur_enable "0"
      r_motionblur_frameBased_enable "0"
      r_motionblur_maxblur "30"
      r_motionblur_numberOfSamples "1"
      r_motionblur_positionFactor "0.01"
      r_multiGpu "1"
      r_multithreaded_device "0"
      r_noborder "0"
      r_norefresh "0"
      r_normalMap "Unchanged"
      r_num_viewports "0"
      r_offscreenCasterLodScale "2.5"
      r_open_automate "0"
      r_outdoorAwayBias "32"
      r_outdoorDownBias "0"
      r_outdoorFeather "8"
      r_picmip "0"
      r_picmip_bump "0"
      r_picmip_manual "0"
      r_picmip_spec "0"
      r_picmip_water "1"
      r_poisonFX_blurMax "4"
      r_poisonFX_blurMin "0"
      r_poisonFX_debug_amount "1"
      r_poisonFX_debug_enable "0"
      r_poisonFX_dvisionA "0"
      r_poisonFX_dvisionX "0"
      r_poisonFX_dvisionY "0"
      r_poisonFX_pulse "1.1"
      r_poisonFX_warpX "0.2"
      r_poisonFX_warpY "-0.15"
      r_polygonOffsetBias "-1"
      r_polygonOffsetScale "-1"
      r_portalBevels "0.7"
      r_portalBevelsOnly "0"
      r_portalMinClipArea "0.02"
      r_portalMinRecurseDepth "2"
      r_portalWalkLimit "0"
      r_pretess "1"
      r_primaryLightTweakDiffuseStrength "1"
      r_primaryLightTweakSpecularStrength "1"
      r_primaryLightUseTweaks "0"
      r_reflectionProbeGenerate "0"
      r_reflectionProbeGenerateExit "0"
      r_reflectionProbeRegenerateAll "0"
      r_remotescreen_renderlastframe "1"
      r_rendererPreference "Default"
      r_resampleScene "1"
      r_reviveFX_debug "0"
      r_reviveFX_edgeAmount "0"
      r_reviveFX_edgeColorTemp "6500"
      r_reviveFX_edgeContrast "1 1 1"
      r_reviveFX_edgeMaskAdjust "0"
      r_reviveFX_edgeOffset "0 0 0"
      r_reviveFX_edgeSaturation "1"
      r_reviveFX_edgeScale "1 1 1"
      r_reviveFX_fadeDuration "5"
      r_scaleViewport "1"
      r_sCurveEnable "1"
      r_sCurveLinearAngle "0.125"
      r_sCurveLinearStrength "0.5"
      r_sCurveShoulderStrength "0.1"
      r_sCurveToeDenominator "0.575"
      r_sCurveToeNumerator "0.01"
      r_sCurveToeStrength "0.1"
      r_seethru_decal_enable "1"
      r_setFrameBufferAlpha "0"
      r_shader_constant_set_debug_range "-1"
      r_shader_constant_set_enable "1"
      r_shaderWarming "0"
      r_showFbColorDebug "None"
      r_showFloatZDebug "0"
      r_showForcedInvisibleCells "0"
      r_showHDRalpha "0"
      r_showLightGrid "0"
      r_showLightingOrigins "0"
      r_showMissingLightGrid "0"
      r_showOutdoorVolumeDebug "0"
      r_showPenetration "off"
      r_showPixelCost "off"
      r_showPortals "0"
      r_showSunDirectionDebug "0"
      r_singleCell "0"
      r_skinCache "1"
      r_skipPvs "0"
      r_sky_intensity_angle0 "90"
      r_sky_intensity_angle1 "90"
      r_sky_intensity_factor0 "1"
      r_sky_intensity_factor1 "1"
      r_sky_intensity_showDebugDisplay "0"
      r_sky_intensity_useDebugValues "0"
      r_skyColorTemp "6500"
      r_skyTransition "0"
      r_smc_enable "1"
      r_smp_backend "1"
      r_smp_worker "1"
      r_smp_worker_thread0 "1"
      r_smp_worker_thread1 "1"
      r_smp_worker_thread2 "1"
      r_smp_worker_thread3 "1"
      r_smp_worker_thread4 "1"
      r_smp_worker_thread5 "1"
      r_smp_worker_threads "6"
      r_specular "1"
      r_specularColorScale "1"
      r_specularRoughnessMap "Unchanged"
      r_spotLightBrightness "14"
      r_spotLightEndRadius "196"
      r_spotLightEntityShadows "1"
      r_spotLightFovInnerFraction "0.7"
      r_spotLightShadows "1"
      r_spotLightSModelShadows "1"
      r_spotLightStartRadius "36"
      r_sse_skinning "1"
      r_stereoTurretShift "0"
      r_stream "7"
      r_streamClear "0"
      r_streamDebug "0"
      r_streamFakeLagMsec "0"
      r_streamFreezeState "0"
      r_streamFull "0"
      r_streamHiddenPush "4"
      r_streamLog "0"
      r_streamLowDetail "1"
      r_streamMaxDist "600"
      r_streamShowList "0"
      r_streamShowStats "0"
      r_streamSize "0"
      r_streamTaint "0"
      r_sun_from_dvars "0"
      r_sun_fx_position "0 0 0"
      r_sunblind_fadein "0.5"
      r_sunblind_fadeout "3"
      r_sunblind_max_angle "5"
      r_sunblind_max_darken "0.75"
      r_sunblind_min_angle "30"
      r_sunflare_fadein "1"
      r_sunflare_fadeout "1"
      r_sunflare_max_alpha "1"
      r_sunflare_max_angle "2"
      r_sunflare_max_size "2500"
      r_sunflare_min_angle "45"
      r_sunflare_min_size "0"
      r_sunflare_shader "sun_flare"
      r_sunglare_fadein "0.5"
      r_sunglare_fadeout "3"
      r_sunglare_max_angle "5"
      r_sunglare_max_lighten "0.75"
      r_sunglare_min_angle "30"
      r_sunsprite_shader "sun"
      r_sunsprite_size "16"
      r_superFlare_debug "0"
      r_superFlare_enable "1"
      r_supports16xAA "0"
      r_swapInterval "0"
      r_swrk_override_characterCharredAmount "0"
      r_swrk_override_characterDissolveColor "0 0 0 0"
      r_swrk_override_enable "0"
      r_swrk_override_wetness "0"
      r_tension_enable "1"
      r_testScale "0"
      r_texFilterAnisoMax "16"
      r_texFilterAnisoMin "1"
      r_texFilterDisable "0"
      r_texFilterMipBias "0"
      r_texFilterMipMode "Unchanged"
      r_textureMode "bilinear"
      r_treeScale "0"
      r_ui3d_debug_display "0"
      r_ui3d_h "1"
      r_ui3d_use_debug_values "-1"
      r_ui3d_w "1"
      r_ui3d_x "0"
      r_ui3d_y "0"
      r_use_driver_convergence "0"
      r_use_separate_char_tech "0"
      r_useLayeredMaterials "0"
      r_vc_makelog "0"
      r_vc_showlog "0"
      r_vsync "1"
      r_warningRepeatDelay "5"
      r_waterFogTest "0"
      r_waterSheetingFX_allowed "1"
      r_waterSheetingFX_distortionScaleFactor "0.021961 1 0 0"
      r_waterSheetingFX_enable "0"
      r_waterSheetingFX_fadeDuration "2"
      r_waterSheetingFX_magnitude "0.0655388"
      r_waterSheetingFX_radius "4.44051"
      r_watersim_curlAmount "0.18"
      r_watersim_curlMax "0.32"
      r_watersim_curlReduce "0.261"
      r_watersim_debug "0"
      r_watersim_enabled "0"
      r_watersim_flatten "0"
      r_watersim_foamAppear "3.01"
      r_watersim_foamDisappear "0.4"
      r_watersim_minShoreHeight "0.358"
      r_watersim_particleGravity "0.03"
      r_watersim_particleLength "0.03"
      r_watersim_particleLimit "2.5"
      r_watersim_particleWidth "2"
      r_watersim_scroll "0 0"
      r_watersim_waveSeedDelay "10"
      r_watersim_windAmount "0.179"
      r_watersim_windDir "275"
      r_watersim_windMax "2.69"
      r_waterWaveAmplitude "0 0 0 0"
      r_waterWaveAngle "0 0 0 0"
      r_waterWavePhase "0 0 0 0"
      r_waterWaveSpeed "1 1 1 1"
      r_waterWaveSteepness "0 0 0 0"
      r_waterWaveWavelength "1 1 1 1"
      r_worldLod "0"
      r_zfar "0"
      r_zfeather "1"
      r_zombieDisableEarthEffect "0"
      r_zombieDisableSlideEffect "0"
      r_zombieNameAllowDevList "1"
      r_zombieNameAllowFriendsList "1"
      radius_damage_debug "0"
      ragdoll_baselerp_time "1000"
      ragdoll_bullet_force "500"
      ragdoll_bullet_upbias "0.5"
      ragdoll_debug "0"
      ragdoll_dump_anims "0"
      ragdoll_enable "1"
      ragdoll_explode_force "18000"
      ragdoll_explode_upbias "0.8"
      ragdoll_fps "20"
      ragdoll_jitter_scale "1"
      ragdoll_jointlerp_time "3000"
      ragdoll_max_life "9000"
      ragdoll_max_simulating "16"
      ragdoll_reactivation_cutoff "1200"
      ragdoll_rotvel_scale "1"
      ragdoll_self_collision_scale "1.2"
      rate "25000"
      rcon_localhost_bypass "1"
      rcon_password "grinn"
      rcon_prints "0"
      rcon_rate_limit "500"
      recordPointsSpent "1"
      redactionDisplayTime "50"
      redactionFadeDuration "6500"
      redactionStartStrokeTime "1000"
      redactionStrokeTime "1000"
      reliableResendTime "300"
      reliableTimeoutTime "20000"
      render_actor_collision "0"
      render_bpi_env_collision "0"
      render_player_collision "0"
      revive_time_taken "1.15"
      revive_trigger_radius "40"
      s0 "0"
      s1 "0"
      s10 "0"
      s11 "0"
      s12 "0"
      s13 "0"
      s14 "0"
      s15 "0"
      s16 "0"
      s17 "0"
      s18 "0"
      s2 "0"
      s3 "0"
      s4 "0"
      s5 "0"
      s6 "0"
      s7 "0"
      s8 "0"
      s9 "0"
      safearea_adjusted_horizontal "1"
      safearea_adjusted_vertical "1"
      safearea_horizontal "1"
      safearea_vertical "1"
      scr_allowFileIo "1"
      scr_codpointsmatchscale "0.1"
      scr_codpointsperchallenge "0.1"
      scr_codpointsxpscale "0.1"
      scr_deleteexplosivesonspawn "0"
      scr_dof_enable "1"
      scr_dog_health_walk_multiplier "4.0"
      scr_dog_run_distance "500"
      scr_expDeathMayMoveCheck "on"
      scr_fog_baseheight "-475.268"
      scr_fog_blue "1"
      scr_fog_exp_halfheight "243.735"
      scr_fog_exp_halfplane "3759.28"
      scr_fog_green "1.2"
      scr_fog_nearplane "601.593"
      scr_fog_red "2.1"
      scr_friendlyfire "0"
      scr_game_prematchperiod "15"
      scr_kill_infinite_loops "1"
      scr_playerInvulTimeScale "1"
      scr_RequiredMapAspectratio "1"
      scr_thief_health_endgame "15000"
      scr_thief_health_max "40000"
      scr_thief_health_pregame "15000"
      scr_thief_speed_damage "2000"
      scr_writeConfigStrings "0"
      scr_xpscale "1"
      scr_zm_extra_perk_all "1"
      scr_zm_extra_perk_coast "0"
      scr_zm_extra_perk_cod5_asylum "0"
      scr_zm_extra_perk_cod5_factory "0"
      scr_zm_extra_perk_cod5_prototype "0"
      scr_zm_extra_perk_cod5_sumpf "0"
      scr_zm_extra_perk_cosmodrome "0"
      scr_zm_extra_perk_pentagon "0"
      scr_zm_extra_perk_temple "0"
      scr_zm_extra_perk_theater "0"
      script_debugger_smoke_test "0"
      scriptmover_useServerAnims "0"
      scriptmover_useServerAnimsEntity "-1"
      selectedFriendClanTag ""
      selectedFriendIndex "0"
      selectedFriendName ""
      selectedGroupIndex "0"
      selectedMenuItemIndex "0"
      selectedPlayerClanName ""
      selectedPlayerXuid ""
      selectedStoreItemIndex "0"
      sensitivity "5"
      server1 ""
      server10 ""
      server11 ""
      server12 ""
      server13 ""
      server14 ""
      server15 ""
      server16 ""
      server2 ""
      server3 ""
      server4 ""
      server5 ""
      server6 ""
      server7 ""
      server8 ""
      server9 ""
      session_nonblocking "1"
      sessionSearchMaxAttempts "5"
      sf_use_bw "0"
      sf_use_clustergrenade "0"
      sf_use_contrast "0"
      sf_use_ignoreammo "0"
      sf_use_invert "0"
      sf_use_slowmo "0"
      sf_use_tire_explosion "0"
      shortversion "r5346"
      show_reticle_during_swimming "0"
      show_tty_timestamps "0"
      showdrop "0"
      showpackets "0"
      showVisionSetDebugInfo "-1"
      skills "0"
      sm_enable "1"
      sm_fastSunShadow "1"
      sm_fullResSpotShadowEnable "0"
      sm_lightScore_eyeProjectDist "64"
      sm_lightScore_spotProjectFrac "0.125"
      sm_maxLights "4"
      sm_polygonOffsetBias "10"
      sm_polygonOffsetScale "2"
      sm_qualitySpotShadow "1"
      sm_spotEnable "1"
      sm_spotShadowFadeTime "1"
      sm_spotShadowLargeRadiusScale "1"
      sm_strictCull "1"
      sm_sunAlwaysCastsShadow "0"
      sm_sunEnable "1"
      sm_sunSampleSizeNear "0.25"
      sm_sunShadowCenter "0 0 0"
      sm_sunShadowScale "1"
      sm_sunShadowSmallEnable "0"
      sm_sunShadowSmallScriptPS3OnlyEnable "0"
      snaps "20"
      snd_autoSim "1"
      snd_drawInfo "None"
      snd_drawSort "priority"
      snd_enableEq "0"
      snd_khz "44"
      sp_minplayers "1"
      splitscreen_lobbyPlayerCount ""
      splitscreen_partyPlayerCount ""
      spmode "0"
      stat_version "10"
      stats_backup "1"
      stats_version_check "1"
      statusinfo_onEscArg ""
      steamid "3000000c172200b"
      stopspeed "100"
      sv_3xEXP "0"
      sv_allowAimAssist "1"
      sv_allowAnonymous "0"
      sv_allowDownload "0"
      sv_allowedClan1 ""
      sv_allowedClan2 ""
      sv_allowFriendlyThrowback "1"
      sv_assistWorkers "0"
      sv_autodemorecord "0"
      sv_BigHeadMode "0"
      sv_botsPressAttackBtn "1"
      sv_cheats "0"
      sv_clientArchive "1"
      sv_clientside "0"
      sv_clientSideBullets "1"
      sv_clientSideVehicles "1"
      sv_connectTimeout "240"
      sv_debugRate "0"
      sv_debugReliableCmds "0"
      sv_disableChat "0"
      sv_disableClientConsole "0"
      sv_DisableTheatre "0"
      sv_DoubleCodPoints "0"
      sv_enableBounces "0"
      sv_EnableDevCheats "0"
      sv_EnableSuperuser "0"
      sv_FakeRemoteClient "0"
      sv_FFCheckSums ""
      sv_FFNames ""
      sv_fix_hudelem_flicker "1"
      sv_floodProtect "0"
      sv_fps "20"
      sv_FullAmmo "0"
      sv_HostBandwidthMinimumPerPlayer "65536"
      sv_hostname "ThiccGang Server!"
      sv_InfiniteSprint "0"
      sv_InstantReload "0"
      sv_Invisible "0"
      sv_iwdNames ""
      sv_iwds ""
      sv_keywords ""
      sv_kickBanTime "300"
      sv_lastSaveCommitedToDevice ""
      sv_lastSaveGame ""
      sv_MakeMeHost "0"
      sv_mapname ""
      sv_mapRotation "map zombie_theater map zombie_pentagon map zombie_cosmodrome map zombie_coast map zombie_temple map zombie_moon map zombie_cod5_prototype map zombie_cod5_asylum map zombie_cod5_sumpf map zombie_cod5_factory"
      sv_mapRotationCurrent " map zombie_moon map zombie_cod5_prototype map zombie_cod5_asylum map zombie_cod5_sumpf map zombie_cod5_factory"
      sv_maxclients "4"
      sv_maxPhysExplosionSpheres "-1"
      sv_maxPing "0"
      sv_maxRate "7000"
      sv_minPing "0"
      sv_motd ""
      sv_netcull_animcmdsize_threshold "2000"
      sv_netcull_msgsize_threshold "3000"
      sv_network_fps "100"
      sv_network_warning "0"
      sv_NoClip "0"
      sv_noname "Unknown Soldier"
      sv_NoShapshotWarnings "0"
      sv_packet_info "0"
      sv_padPackets "0"
      sv_paused "0"
      sv_playlistFetchInterval "3600"
      sv_privateClients "0"
      sv_privatePassword ""
      sv_punkbuster "0"
      sv_pure "0"
      sv_QuickHealthRecharge "0"
      sv_RadarAlwaysOn "0"
      sv_randomizeBotNames "1"
      sv_reconnectlimit "3"
      sv_referencedFFCheckSums ""
      sv_referencedFFNames ""
      sv_referencedIwdNames ""
      sv_referencedIwds ""
      sv_replaceBots "0"
      sv_restoreDvars "1"
      sv_restrictedTempEnts "0"
      sv_running "1"
      sv_saveDeviceAvailable "1"
      sv_saveGameAvailable "0"
      sv_saveGameNotReadable "0"
      sv_saveOnStartMap "1"
      sv_sayName "console"
      sv_SetAllFree "0"
      sv_showAverageBPS "0"
      sv_showPingSpam "0"
      sv_smp "1"
      sv_SnapshotManLaw "1"
      sv_SnapshotPeek "1"
      sv_SuperPenetrate "0"
      sv_timeout "30"
      sv_TripleBullet "0"
      sv_UnlockAllIntel "0"
      sv_UnlockAllSlots "0"
      sv_useAnimCulling "0"
      sv_useVIS "1"
      sv_vac "1"
      sv_voice "1"
      sv_voiceQuality "3"
      sv_writeConfigStrings "0"
      sv_wwwBaseURL ""
      sv_zm_no_respawn "1"
      sv_znear "0"
      sv_zombietime "2"
      sys_configSum "266827972"
      sys_configureGHz "0.0275741"
      sys_cpuGHz "0.01"
      sys_cpuName "AMD Ryzen 5 5600G with Radeon Graphics         "
      sys_gpu "NVIDIA GeForce RTX 3060"
      sys_lockThreads "0"
      sys_smp_allowed "1"
      sys_SSE "1"
      sys_sysMB "1024"
      systemlink "0"
      systemlink_warning_shown "0"
      systemlinkparty "0"
      systemlinkpartyandhost "0"
      systemUiActive "0"
      takeCoverWarnings "7"
      team_indicator "0"
      teamsplitter_verbose "0"
      test_levels_bsps ""
      test_levels_choices "0"
      test_levels_names ""
      test_levels_selection ""
      theaterAftereffectOverride "-1"
      tickerHeaderWidth "0"
      tickerStandardWidth "300"
      tickerWidescreenWidth "400"
      timescale "1"
      tree_bend "1"
      tree_frequency "2"
      tree_random "0.1"
      tu_debugLobbyConnectionStatus "0"
      tu_dwSanityCheckAddressHandle "0"
      tu_goBackToLobbyFix "0"
      tu_ignoreMultipleRejoins "0"
      tu_onlyhostqos "0"
      tu_partySwitchLobbySyncParamsFix "0"
      tu_partyUISplitFix "0"
      tu_rejoinonhandshakefail "0"
      tu_reliableMessages "0"
      tu_waitForAnonymousMembers "0"
      turret_SentryTargetTime "4000"
      turretPlayerAvoidScale "1.7"
      turretScopeZoom "20"
      turretScopeZoomMax "20"
      turretScopeZoomMin "5"
      turretScopeZoomRate "15"
      typeWriterCod7LetterFXTime "50"
      ui3d_hudelem_maxheight "2000"
      ui3d_hudelem_maxscale "10"
      ui3d_hudelem_minheight "220"
      ui3d_hudelem_minscale "2"
      ui_allowConsole "0"
      ui_allowFov "0"
      ui_ammo_stock_width "0"
      ui_animSpeedScale "1"
      ui_autoContinue "0"
      ui_bigFont "0.4"
      ui_borderLowLightScale "0.6"
      ui_browserFriendlyfire "-1"
      ui_browserGameMode "0"
      ui_browserHideDlc "0"
      ui_browserKillcam "-1"
      ui_browserMod "-2"
      ui_browserShowDedicated "0"
      ui_browserShowEmpty "1"
      ui_browserShowFull "1"
      ui_browserShowInfo "0"
      ui_browserShowMapTip "0"
      ui_browserShowPassword "-1"
      ui_browserShowPunkBuster "-1"
      ui_browserShowPure "0"
      ui_browserShowToolTip "0"
      ui_browserToolTip ""
      ui_browserVoiceChat "-1"
      ui_buildLocation "16 0"
      ui_buildSize "0.2"
      ui_campaign "american"
      ui_challengeGameMode ""
      ui_cinematicsTimestamp "0"
      ui_clancardOpen "0"
      ui_clanCountNotZero "0"
      ui_clanDescription ""
      ui_clanName ""
      ui_clanRecommendationCount "0"
      ui_connectScreenTextGlowColor "0 0 0 1"
      ui_controllerPulled "-1"
      ui_currentMap "0"
      ui_currentNetMap "0"
      ui_currentRecentPlayer "0"
      ui_customClassName ""
      ui_customModeDesc ""
      ui_customModeEditDesc ""
      ui_customModeEditName ""
      ui_customModeIndex "0"
      ui_customModeName ""
      ui_dedicated "0"
      ui_demoname ""
      ui_downloadInfoLocation "150 150"
      ui_drawCrosshair "1"
      ui_dropdownButtonOffset "0"
      ui_dropdownListMax "0"
      ui_dropdownMax "0"
      ui_dropdownOffset "0"
      ui_ethernetLinkActive "1"
      ui_friendCountNotZero "0"
      ui_friendNameNew ""
      ui_friendPendingSelectedInd "0"
      ui_friendSelectedInd "0"
      ui_friendsListOpen "0"
      ui_gametype "zom"
      ui_grenade_death "0"
      ui_groupsCountNotZero "0"
      ui_incomingProposalCount "0"
      ui_incomingProposalCountNotZero "0"
      ui_inviteScreen "0"
      ui_inviteSelectedInd "0"
      ui_isClanMember "0"
      ui_isSaving "0"
      ui_joinGametype "0"
      ui_leaderboardFeederCountNotZero "0"
      ui_leaderboardOpen "0"
      ui_listboxIndex "0"
      ui_loadRawMenus "0"
      ui_lobbyLeaderBoard "0"
      ui_mapname ""
      ui_menuLvlNotify "1"
      ui_MOTDScrollRate "0.1"
      ui_mousePitch "0"
      ui_netGametypeName ""
      ui_netSource "1"
      ui_nextMission "0"
      ui_numPersonalBests "3"
      ui_onCloseArgs ""
      ui_onlineClanCount "0"
      ui_partyFull "0"
      ui_pendingControllerPullEvent "-1"
      ui_pendingSystemUIOpenEvent "-1"
      ui_playCoastOutroMovie "0"
      ui_playercardOpen "0"
      ui_playerListOpen "0"
      ui_playerPartyColor "0.94902 0.721569 0.211765 1"
      ui_playlistPopulationRefreshTime "1200"
      ui_readingSaveDevice "0"
      ui_recentPlayerCountNotZero "0"
      ui_recommendedCountNotZero "0"
      ui_right_ammo_width "0"
      ui_savegame ""
      ui_saveMessageMinTime "1"
      ui_scrollMOTDDelay "30"
      ui_scrollMOTDYOffset "0"
      ui_scrollMOTDYOffsetResetDelay "15"
      ui_scrollTextDelay "40"
      ui_scrollTextScrollRate "0.1"
      ui_scrollTextYOffset "0"
      ui_scrollTextYOffsetResetDelay "20"
      ui_serverStatusTimeOut "7000"
      ui_shipping_cheats "0"
      ui_showBryceMagic "0"
      ui_showDLCMaps "0"
      ui_showList "0"
      ui_showMenuOnly ""
      ui_signedInToProfile "0"
      ui_skipMainLockout "0"
      ui_smallFont "0.25"
      ui_sp_unlock "0"
      ui_totalClanMemberCount "0"
      unsubscriptionCooloffTimer "60000"
      use_localStats "0"
      useFastFile "1"
      useMapPreloading "1"
      useSvMapPreloading "1"
      vehanim_debug "0"
      vehanim_enable "1"
      vehCamPitch "15"
      vehControlMode "1"
      vehGunnerSplashDamage "0.1"
      vehHelicopterAlwaysFaceCamera "1"
      vehHelicopterAlwaysFaceCameraRate "2"
      vehHelicopterDecelerationFwd "0.5"
      vehHelicopterDecelerationSide "1"
      vehHelicopterDefaultPitch "0"
      vehHelicopterFreeLook "0"
      vehHelicopterFreeLookReleaseSpeed "8"
      vehHelicopterHeadSwayDontSwayTheTurret "0"
      vehHelicopterHeadSwayOnPitch "0.2"
      vehHelicopterHeadSwayOnRollHorz "0.1"
      vehHelicopterHeadSwayOnRollVert "2"
      vehHelicopterHeadSwayOnYaw "0.1"
      vehHelicopterHoverSpeedThreshold "400"
      vehHelicopterInvertUpDown "0"
      vehHelicopterJitterJerkyness "0.3"
      vehHelicopterLookaheadTime "1"
      vehHelicopterMaxAccelVertical "60"
      vehHelicopterMaxSpeedVertical "65"
      vehHelicopterPathTransitionTime "1.3"
      vehHelicopterRightStickDeadzone "0.3"
      vehHelicopterRotDecel "1.3"
      vehHelicopterScaleMovement "1"
      vehHelicopterSoftCollisions "0"
      vehHelicopterStrafeDeadzone "0.3"
      vehHelicopterTiltFromControllerAxes "0"
      vehHelicopterTiltFromFwdAndYaw "20"
      vehHelicopterTiltFromFwdAndYaw_VelAtMaxTilt "1"
      vehHelicopterTiltFromViewangles "3"
      vehHelicopterTiltMomentum "0.4"
      vehHelicopterYawAltitudeControls "Altitude: bumper buttons     Yaw: thumbstick"
      vehHelicopterYawOnLeftStick "5"
      vehHudTargetScreenEdgeClampBufferBottom "0"
      vehHudTargetScreenEdgeClampBufferLeft "0"
      vehHudTargetScreenEdgeClampBufferRight "0"
      vehHudTargetScreenEdgeClampBufferTop "0"
      vehHudTargetSize "30"
      vehicle_perk_boost_duration_seconds "0.74"
      vehicle_push_during_mantle "1"
      vehicle_riding "1"
      vehicle_selfCollision "1"
      vehicle_sounds_cutoff "3000"
      vehLocationalVehicleSeatEntry "1"
      vehLockTurretToPlayerView "0"
      vehRecenterDelay "3000"
      version "Plutonium T5 Co-Op (r5346)"
      vid_xpos "0"
      vid_ypos "0"
      visionstore_glowTweakBloomCutoff "0.5"
      visionstore_glowTweakBloomDesaturation "0"
      visionstore_glowTweakBloomIntensity0 "1"
      visionstore_glowTweakBloomIntensity1 ""
      visionstore_glowTweakEnable "0"
      visionstore_glowTweakRadius0 "5"
      visionstore_glowTweakRadius1 ""
      visionstore_glowTweakSkyBleedIntensity0 ""
      visionstore_glowTweakSkyBleedIntensity1 ""
      voice_deadChat "0"
      voice_global "0"
      voice_localEcho "0"
      wagerCategory "0"
      wagerCategoryPlaylist "0"
      waitForStreamer "1"
      waitOnStatsTimeout "15"
      waterbrush_entity "-1"
      waypointDebugDraw "0"
      waypointDistFade "300"
      waypointDistScaleRangeMax "3000"